sim_id,paramset_id,country,pop_alpha,coi_p,coi_r,k_s,n_samples,n_rows,rmse,mae,bias
simulated_Cambodia_pop_001,naive_coi_paramset1,Cambodia,99,0.7,0.25,0.5,100,100,0.2828427124746189,0.06,-0.06
simulated_Cambodia_pop_001,naive_coi_paramset2,Cambodia,99,0.7,0.25,0.5,100,100,0.14142135623730945,0.02,-0.02
simulated_Cambodia_pop_001,naive_coi_paramset3,Cambodia,99,0.7,0.25,0.5,100,100,0.37416573867739406,0.14,0.14
simulated_Cambodia_pop_001,naive_coi_paramset4,Cambodia,99,0.7,0.25,0.5,100,100,0.9949874371066201,0.49,0.49
simulated_Cambodia_pop_001,naive_coi_paramset5,Cambodia,99,0.7,0.25,0.5,100,100,0.7071067811865476,0.32,0.32
simulated_Cambodia_pop_001,naive_coi_paramset6,Cambodia,99,0.7,0.25,0.5,100,100,0.31622776601683794,0.1,0.1
simulated_Cambodia_pop_002,naive_coi_paramset1,Cambodia,99,0.7,0.25,0.2,100,100,0.30000000000000016,0.07,-0.07
simulated_Cambodia_pop_002,naive_coi_paramset2,Cambodia,99,0.7,0.25,0.2,100,100,0.14142135623730945,0.02,-0.02
simulated_Cambodia_pop_002,naive_coi_paramset3,Cambodia,99,0.7,0.25,0.2,100,100,0.38729833462074137,0.13,0.13
simulated_Cambodia_pop_002,naive_coi_paramset4,Cambodia,99,0.7,0.25,0.2,100,100,0.8717797887081349,0.4,0.4
simulated_Cambodia_pop_002,naive_coi_paramset5,Cambodia,99,0.7,0.25,0.2,100,100,0.7141428428542851,0.29,0.29
simulated_Cambodia_pop_002,naive_coi_paramset6,Cambodia,99,0.7,0.25,0.2,100,100,0.3,0.09,0.09
simulated_Cambodia_pop_003,naive_coi_paramset1,Cambodia,99,0.2,0.5,0.5,100,100,3.837968212479096,2.09,-2.09
simulated_Cambodia_pop_003,naive_coi_paramset2,Cambodia,99,0.2,0.5,0.5,100,100,3.2908965343808645,1.61,-1.61
simulated_Cambodia_pop_003,naive_coi_paramset3,Cambodia,99,0.2,0.5,0.5,100,100,3.064310689208914,1.41,-1.15
simulated_Cambodia_pop_003,naive_coi_paramset4,Cambodia,99,0.2,0.5,0.5,100,100,2.293468988235943,1.28,0.06
simulated_Cambodia_pop_003,naive_coi_paramset5,Cambodia,99,0.2,0.5,0.5,100,100,2.529822128134703,1.28,-0.54
simulated_Cambodia_pop_003,naive_coi_paramset6,Cambodia,99,0.2,0.5,0.5,100,100,2.9206163733020465,1.33,-1.15
simulated_Cambodia_pop_004,naive_coi_paramset1,Cambodia,99,0.2,0.5,0.2,100,100,3.4885527085024814,2.03,-2.03
simulated_Cambodia_pop_004,naive_coi_paramset2,Cambodia,99,0.2,0.5,0.2,100,100,2.9849623113198573,1.53,-1.53
simulated_Cambodia_pop_004,naive_coi_paramset3,Cambodia,99,0.2,0.5,0.2,100,100,2.7856776554368246,1.48,-1.04
simulated_Cambodia_pop_004,naive_coi_paramset4,Cambodia,99,0.2,0.5,0.2,100,100,1.8841443681416772,1.33,0.15
simulated_Cambodia_pop_004,naive_coi_paramset5,Cambodia,99,0.2,0.5,0.2,100,100,2.3727621035409343,1.43,-0.47
simulated_Cambodia_pop_004,naive_coi_paramset6,Cambodia,99,0.2,0.5,0.2,100,100,2.698147512646408,1.38,-1.04
simulated_Cambodia_pop_005,naive_coi_paramset1,Cambodia,9,0.7,0.25,0.5,100,100,0.4242640687119287,0.1,-0.1
simulated_Cambodia_pop_005,naive_coi_paramset2,Cambodia,9,0.7,0.25,0.5,100,100,0.3464101615137754,0.1,-0.06
simulated_Cambodia_pop_005,naive_coi_paramset3,Cambodia,9,0.7,0.25,0.5,100,100,0.3464101615137755,0.1,0.02
simulated_Cambodia_pop_005,naive_coi_paramset4,Cambodia,9,0.7,0.25,0.5,100,100,0.7211102550927979,0.36,0.32
simulated_Cambodia_pop_005,naive_coi_paramset5,Cambodia,9,0.7,0.25,0.5,100,100,0.4898979485566356,0.24,0.18
simulated_Cambodia_pop_005,naive_coi_paramset6,Cambodia,9,0.7,0.25,0.5,100,100,0.31622776601683783,0.08,0
simulated_Cambodia_pop_006,naive_coi_paramset1,Cambodia,9,0.7,0.25,0.2,100,100,0.4242640687119287,0.14,-0.14
simulated_Cambodia_pop_006,naive_coi_paramset2,Cambodia,9,0.7,0.25,0.2,100,100,0.3316624790355398,0.09,-0.09
simulated_Cambodia_pop_006,naive_coi_paramset3,Cambodia,9,0.7,0.25,0.2,100,100,0.3316624790355398,0.11,0.03
simulated_Cambodia_pop_006,naive_coi_paramset4,Cambodia,9,0.7,0.25,0.2,100,100,0.7615773105863908,0.38,0.38
simulated_Cambodia_pop_006,naive_coi_paramset5,Cambodia,9,0.7,0.25,0.2,100,100,0.5,0.23,0.21
simulated_Cambodia_pop_006,naive_coi_paramset6,Cambodia,9,0.7,0.25,0.2,100,100,0.264575131106459,0.07,-0.01
simulated_Cambodia_pop_007,naive_coi_paramset1,Cambodia,9,0.2,0.5,0.5,100,100,5.1176166327695904,2.33,-2.33
simulated_Cambodia_pop_007,naive_coi_paramset2,Cambodia,9,0.2,0.5,0.5,100,100,4.774934554525332,2.02,-2.02
simulated_Cambodia_pop_007,naive_coi_paramset3,Cambodia,9,0.2,0.5,0.5,100,100,4.6097722286464435,1.83,-1.73
simulated_Cambodia_pop_007,naive_coi_paramset4,Cambodia,9,0.2,0.5,0.5,100,100,3.5693136595149486,1.52,-0.66
simulated_Cambodia_pop_007,naive_coi_paramset5,Cambodia,9,0.2,0.5,0.5,100,100,4.22729227756965,1.77,-1.19
simulated_Cambodia_pop_007,naive_coi_paramset6,Cambodia,9,0.2,0.5,0.5,100,100,4.47213595499958,1.78,-1.68
simulated_Cambodia_pop_008,naive_coi_paramset1,Cambodia,9,0.2,0.5,0.2,100,100,3.5270384177096794,1.7,-1.7
simulated_Cambodia_pop_008,naive_coi_paramset2,Cambodia,9,0.2,0.5,0.2,100,100,3.0380915061926603,1.27,-1.27
simulated_Cambodia_pop_008,naive_coi_paramset3,Cambodia,9,0.2,0.5,0.2,100,100,2.868797657556209,1.09,-0.83
simulated_Cambodia_pop_008,naive_coi_paramset4,Cambodia,9,0.2,0.5,0.2,100,100,2.725802634087801,1.33,-0.05
simulated_Cambodia_pop_008,naive_coi_paramset5,Cambodia,9,0.2,0.5,0.2,100,100,2.808914381037629,1.29,-0.51
simulated_Cambodia_pop_008,naive_coi_paramset6,Cambodia,9,0.2,0.5,0.2,100,100,2.861817604250837,1.05,-0.87
simulated_Cambodia_pop_009,naive_coi_paramset1,Cambodia,2.33,0.7,0.25,0.5,100,100,0.5567764362830026,0.15,-0.15
simulated_Cambodia_pop_009,naive_coi_paramset2,Cambodia,2.33,0.7,0.25,0.5,100,100,0.3605551275463987,0.09,-0.09
simulated_Cambodia_pop_009,naive_coi_paramset3,Cambodia,2.33,0.7,0.25,0.5,100,100,0.38729833462074137,0.11,-0.01
simulated_Cambodia_pop_009,naive_coi_paramset4,Cambodia,2.33,0.7,0.25,0.5,100,100,0.565685424949238,0.22,0.18
simulated_Cambodia_pop_009,naive_coi_paramset5,Cambodia,2.33,0.7,0.25,0.5,100,100,0.34641016151377535,0.12,0.06
simulated_Cambodia_pop_009,naive_coi_paramset6,Cambodia,2.33,0.7,0.25,0.5,100,100,0.31622776601683783,0.08,-0.02
simulated_Cambodia_pop_010,naive_coi_paramset1,Cambodia,2.33,0.7,0.25,0.2,100,100,0.3316624790355398,0.09,-0.09
simulated_Cambodia_pop_010,naive_coi_paramset2,Cambodia,2.33,0.7,0.25,0.2,100,100,0.3316624790355398,0.09,-0.09
simulated_Cambodia_pop_010,naive_coi_paramset3,Cambodia,2.33,0.7,0.25,0.2,100,100,0.30000000000000016,0.07,-0.07
simulated_Cambodia_pop_010,naive_coi_paramset4,Cambodia,2.33,0.7,0.25,0.2,100,100,0.3872983346207417,0.15,0.09
simulated_Cambodia_pop_010,naive_coi_paramset5,Cambodia,2.33,0.7,0.25,0.2,100,100,0.34641016151377535,0.1,-0.02
simulated_Cambodia_pop_010,naive_coi_paramset6,Cambodia,2.33,0.7,0.25,0.2,100,100,0.3162277660168379,0.08,-0.08
simulated_Cambodia_pop_011,naive_coi_paramset1,Cambodia,2.33,0.2,0.5,0.5,100,100,3.598610843089316,1.81,-1.81
simulated_Cambodia_pop_011,naive_coi_paramset2,Cambodia,2.33,0.2,0.5,0.5,100,100,3.2031234756093943,1.52,-1.52
simulated_Cambodia_pop_011,naive_coi_paramset3,Cambodia,2.33,0.2,0.5,0.5,100,100,3.001666203960728,1.35,-1.33
simulated_Cambodia_pop_011,naive_coi_paramset4,Cambodia,2.33,0.2,0.5,0.5,100,100,2.477902338672773,1.14,-0.7
simulated_Cambodia_pop_011,naive_coi_paramset5,Cambodia,2.33,0.2,0.5,0.5,100,100,2.6362852652928135,1.21,-0.97
simulated_Cambodia_pop_011,naive_coi_paramset6,Cambodia,2.33,0.2,0.5,0.5,100,100,2.9308701779505686,1.31,-1.29
simulated_Cambodia_pop_012,naive_coi_paramset1,Cambodia,2.33,0.2,0.5,0.2,100,100,2.3366642891095846,1.3,-1.3
simulated_Cambodia_pop_012,naive_coi_paramset2,Cambodia,2.33,0.2,0.5,0.2,100,100,2.0199009876724143,1.12,-1.12
simulated_Cambodia_pop_012,naive_coi_paramset3,Cambodia,2.33,0.2,0.5,0.2,100,100,1.8493242008906934,0.92,-0.86
simulated_Cambodia_pop_012,naive_coi_paramset4,Cambodia,2.33,0.2,0.5,0.2,100,100,1.4456832294800956,0.81,-0.25
simulated_Cambodia_pop_012,naive_coi_paramset5,Cambodia,2.33,0.2,0.5,0.2,100,100,1.708800749063506,0.9,-0.6
simulated_Cambodia_pop_012,naive_coi_paramset6,Cambodia,2.33,0.2,0.5,0.2,100,100,1.8601075237738276,0.96,-0.9
simulated_Cambodia_pop_013,naive_coi_paramset1,Cambodia,99,0.7,0.25,0.5,100,100,0.24494897427831777,0.06,-0.06
simulated_Cambodia_pop_013,naive_coi_paramset2,Cambodia,99,0.7,0.25,0.5,100,100,0.19999999999999993,0.04,0
simulated_Cambodia_pop_013,naive_coi_paramset3,Cambodia,99,0.7,0.25,0.5,100,100,0.3741657386773941,0.14,0.12
simulated_Cambodia_pop_013,naive_coi_paramset4,Cambodia,99,0.7,0.25,0.5,100,100,0.9165151389911681,0.44,0.42
simulated_Cambodia_pop_013,naive_coi_paramset5,Cambodia,99,0.7,0.25,0.5,100,100,0.6928203230275508,0.32,0.3
simulated_Cambodia_pop_013,naive_coi_paramset6,Cambodia,99,0.7,0.25,0.5,100,100,0.3,0.09,0.07
simulated_Cambodia_pop_014,naive_coi_paramset1,Cambodia,99,0.7,0.25,0.2,100,100,0.3464101615137757,0.08,-0.08
simulated_Cambodia_pop_014,naive_coi_paramset2,Cambodia,99,0.7,0.25,0.2,100,100,0.1732050807568878,0.03,-0.03
simulated_Cambodia_pop_014,naive_coi_paramset3,Cambodia,99,0.7,0.25,0.2,100,100,0.31622776601683816,0.1,0.06
simulated_Cambodia_pop_014,naive_coi_paramset4,Cambodia,99,0.7,0.25,0.2,100,100,0.7483314773547881,0.3,0.3
simulated_Cambodia_pop_014,naive_coi_paramset5,Cambodia,99,0.7,0.25,0.2,100,100,0.6164414002968976,0.22,0.22
simulated_Cambodia_pop_014,naive_coi_paramset6,Cambodia,99,0.7,0.25,0.2,100,100,0.264575131106459,0.07,0.05
simulated_Cambodia_pop_015,naive_coi_paramset1,Cambodia,99,0.2,0.5,0.5,100,100,4.565084884205333,2.24,-2.24
simulated_Cambodia_pop_015,naive_coi_paramset2,Cambodia,99,0.2,0.5,0.5,100,100,4.042276586281549,1.78,-1.78
simulated_Cambodia_pop_015,naive_coi_paramset3,Cambodia,99,0.2,0.5,0.5,100,100,3.8353617821530186,1.63,-1.23
simulated_Cambodia_pop_015,naive_coi_paramset4,Cambodia,99,0.2,0.5,0.5,100,100,3.082207001484488,1.6,-0.22
simulated_Cambodia_pop_015,naive_coi_paramset5,Cambodia,99,0.2,0.5,0.5,100,100,3.5028559776273984,1.63,-0.79
simulated_Cambodia_pop_015,naive_coi_paramset6,Cambodia,99,0.2,0.5,0.5,100,100,3.724244889907214,1.55,-1.21
simulated_Cambodia_pop_016,naive_coi_paramset1,Cambodia,99,0.2,0.5,0.2,100,100,3.2649655434628992,1.64,-1.64
simulated_Cambodia_pop_016,naive_coi_paramset2,Cambodia,99,0.2,0.5,0.2,100,100,2.745906043549194,1.24,-1.24
simulated_Cambodia_pop_016,naive_coi_paramset3,Cambodia,99,0.2,0.5,0.2,100,100,2.54558441227157,1.18,-0.88
simulated_Cambodia_pop_016,naive_coi_paramset4,Cambodia,99,0.2,0.5,0.2,100,100,1.9924858845171278,1.29,0.33
simulated_Cambodia_pop_016,naive_coi_paramset5,Cambodia,99,0.2,0.5,0.2,100,100,2.147091055358389,1.23,-0.13
simulated_Cambodia_pop_016,naive_coi_paramset6,Cambodia,99,0.2,0.5,0.2,100,100,2.3558437978779496,1.05,-0.83
simulated_Cambodia_pop_017,naive_coi_paramset1,Cambodia,9,0.7,0.25,0.5,100,100,0.2828427124746189,0.06,-0.06
simulated_Cambodia_pop_017,naive_coi_paramset2,Cambodia,9,0.7,0.25,0.5,100,100,0.2645751311064589,0.05,-0.03
simulated_Cambodia_pop_017,naive_coi_paramset3,Cambodia,9,0.7,0.25,0.5,100,100,0.26457513110645897,0.07,0.05
simulated_Cambodia_pop_017,naive_coi_paramset4,Cambodia,9,0.7,0.25,0.5,100,100,0.6633249580710799,0.26,0.24
simulated_Cambodia_pop_017,naive_coi_paramset5,Cambodia,9,0.7,0.25,0.5,100,100,0.4,0.14,0.12
simulated_Cambodia_pop_017,naive_coi_paramset6,Cambodia,9,0.7,0.25,0.5,100,100,0.22360679774997894,0.05,0.01
simulated_Cambodia_pop_018,naive_coi_paramset1,Cambodia,9,0.7,0.25,0.2,100,100,0.2828427124746189,0.06,-0.06
simulated_Cambodia_pop_018,naive_coi_paramset2,Cambodia,9,0.7,0.25,0.2,100,100,0.09999999999999996,0.01,-0.01
simulated_Cambodia_pop_018,naive_coi_paramset3,Cambodia,9,0.7,0.25,0.2,100,100,0.4123105625617661,0.17,0.15
simulated_Cambodia_pop_018,naive_coi_paramset4,Cambodia,9,0.7,0.25,0.2,100,100,0.8062257748298549,0.35,0.35
simulated_Cambodia_pop_018,naive_coi_paramset5,Cambodia,9,0.7,0.25,0.2,100,100,0.5830951894845301,0.24,0.24
simulated_Cambodia_pop_018,naive_coi_paramset6,Cambodia,9,0.7,0.25,0.2,100,100,0.39999999999999997,0.16,0.14
simulated_Cambodia_pop_019,naive_coi_paramset1,Cambodia,9,0.2,0.5,0.5,100,100,3.620773398046333,1.85,-1.85
simulated_Cambodia_pop_019,naive_coi_paramset2,Cambodia,9,0.2,0.5,0.5,100,100,3.3331666624997895,1.55,-1.51
simulated_Cambodia_pop_019,naive_coi_paramset3,Cambodia,9,0.2,0.5,0.5,100,100,3.0659419433511803,1.4,-1.12
simulated_Cambodia_pop_019,naive_coi_paramset4,Cambodia,9,0.2,0.5,0.5,100,100,2.0856653614614213,1.07,0.11
simulated_Cambodia_pop_019,naive_coi_paramset5,Cambodia,9,0.2,0.5,0.5,100,100,2.5690465157330262,1.28,-0.58
simulated_Cambodia_pop_019,naive_coi_paramset6,Cambodia,9,0.2,0.5,0.5,100,100,2.99666481275434,1.34,-1.14
simulated_Cambodia_pop_020,naive_coi_paramset1,Cambodia,9,0.2,0.5,0.2,100,100,3.0708305065568164,1.45,-1.45
simulated_Cambodia_pop_020,naive_coi_paramset2,Cambodia,9,0.2,0.5,0.2,100,100,2.6286878856189806,1.19,-1.17
simulated_Cambodia_pop_020,naive_coi_paramset3,Cambodia,9,0.2,0.5,0.2,100,100,2.3979157616563596,0.99,-0.73
simulated_Cambodia_pop_020,naive_coi_paramset4,Cambodia,9,0.2,0.5,0.2,100,100,2.188606862823929,1.13,0.15
simulated_Cambodia_pop_020,naive_coi_paramset5,Cambodia,9,0.2,0.5,0.2,100,100,2.1307275752662513,1,-0.26
simulated_Cambodia_pop_020,naive_coi_paramset6,Cambodia,9,0.2,0.5,0.2,100,100,2.357965224510319,0.92,-0.78
simulated_Cambodia_pop_021,naive_coi_paramset1,Cambodia,2.33,0.7,0.25,0.5,100,100,0.4358898943540675,0.11,-0.11
simulated_Cambodia_pop_021,naive_coi_paramset2,Cambodia,2.33,0.7,0.25,0.5,100,100,0.36055512754639873,0.09,-0.09
simulated_Cambodia_pop_021,naive_coi_paramset3,Cambodia,2.33,0.7,0.25,0.5,100,100,0.3162277660168382,0.08,-0.04
simulated_Cambodia_pop_021,naive_coi_paramset4,Cambodia,2.33,0.7,0.25,0.5,100,100,0.6324555320336759,0.26,0.24
simulated_Cambodia_pop_021,naive_coi_paramset5,Cambodia,2.33,0.7,0.25,0.5,100,100,0.360555127546399,0.11,0.07
simulated_Cambodia_pop_021,naive_coi_paramset6,Cambodia,2.33,0.7,0.25,0.5,100,100,0.3162277660168379,0.08,-0.06
simulated_Cambodia_pop_022,naive_coi_paramset1,Cambodia,2.33,0.7,0.25,0.2,100,100,0.22360679774997916,0.05,-0.05
simulated_Cambodia_pop_022,naive_coi_paramset2,Cambodia,2.33,0.7,0.25,0.2,100,100,0.19999999999999993,0.04,-0.04
simulated_Cambodia_pop_022,naive_coi_paramset3,Cambodia,2.33,0.7,0.25,0.2,100,100,0.19999999999999993,0.04,0.02
simulated_Cambodia_pop_022,naive_coi_paramset4,Cambodia,2.33,0.7,0.25,0.2,100,100,0.5196152422706632,0.21,0.19
simulated_Cambodia_pop_022,naive_coi_paramset5,Cambodia,2.33,0.7,0.25,0.2,100,100,0.3464101615137754,0.12,0.1
simulated_Cambodia_pop_022,naive_coi_paramset6,Cambodia,2.33,0.7,0.25,0.2,100,100,0.09999999999999998,0.01,-0.01
simulated_Cambodia_pop_023,naive_coi_paramset1,Cambodia,2.33,0.2,0.5,0.5,100,100,3.149603149604723,1.72,-1.72
simulated_Cambodia_pop_023,naive_coi_paramset2,Cambodia,2.33,0.2,0.5,0.5,100,100,2.887905815638733,1.56,-1.56
simulated_Cambodia_pop_023,naive_coi_paramset3,Cambodia,2.33,0.2,0.5,0.5,100,100,2.613426869074397,1.31,-1.29
simulated_Cambodia_pop_023,naive_coi_paramset4,Cambodia,2.33,0.2,0.5,0.5,100,100,2.3409399821439254,1.24,-0.52
simulated_Cambodia_pop_023,naive_coi_paramset5,Cambodia,2.33,0.2,0.5,0.5,100,100,2.3769728648009423,1.13,-0.85
simulated_Cambodia_pop_023,naive_coi_paramset6,Cambodia,2.33,0.2,0.5,0.5,100,100,2.6381811916545836,1.36,-1.36
simulated_Cambodia_pop_024,naive_coi_paramset1,Cambodia,2.33,0.2,0.5,0.2,100,100,3.6180105030251077,1.81,-1.81
simulated_Cambodia_pop_024,naive_coi_paramset2,Cambodia,2.33,0.2,0.5,0.2,100,100,3.324154027718934,1.45,-1.45
simulated_Cambodia_pop_024,naive_coi_paramset3,Cambodia,2.33,0.2,0.5,0.2,100,100,3.1496031496047254,1.42,-1.28
simulated_Cambodia_pop_024,naive_coi_paramset4,Cambodia,2.33,0.2,0.5,0.2,100,100,2.7440845468024486,1.23,-0.61
simulated_Cambodia_pop_024,naive_coi_paramset5,Cambodia,2.33,0.2,0.5,0.2,100,100,2.8337254630609507,1.23,-0.85
simulated_Cambodia_pop_024,naive_coi_paramset6,Cambodia,2.33,0.2,0.5,0.2,100,100,3.087069808086626,1.33,-1.27
simulated_Cambodia_pop_025,naive_coi_paramset1,Cambodia,99,0.7,0.25,0.5,100,100,0.264575131106459,0.05,-0.05
simulated_Cambodia_pop_025,naive_coi_paramset2,Cambodia,99,0.7,0.25,0.5,100,100,0.24494897427831777,0.04,0
simulated_Cambodia_pop_025,naive_coi_paramset3,Cambodia,99,0.7,0.25,0.5,100,100,0.5099019513592783,0.22,0.22
simulated_Cambodia_pop_025,naive_coi_paramset4,Cambodia,99,0.7,0.25,0.5,100,100,1,0.52,0.52
simulated_Cambodia_pop_025,naive_coi_paramset5,Cambodia,99,0.7,0.25,0.5,100,100,0.9273618495495703,0.46,0.46
simulated_Cambodia_pop_025,naive_coi_paramset6,Cambodia,99,0.7,0.25,0.5,100,100,0.4690415759823429,0.18,0.18
simulated_Cambodia_pop_026,naive_coi_paramset1,Cambodia,99,0.7,0.25,0.2,100,100,0.3605551275463988,0.05,-0.05
simulated_Cambodia_pop_026,naive_coi_paramset2,Cambodia,99,0.7,0.25,0.2,100,100,0.22360679774997919,0.03,-0.03
simulated_Cambodia_pop_026,naive_coi_paramset3,Cambodia,99,0.7,0.25,0.2,100,100,0.3464101615137756,0.1,0.08
simulated_Cambodia_pop_026,naive_coi_paramset4,Cambodia,99,0.7,0.25,0.2,100,100,0.7745966692414834,0.32,0.32
simulated_Cambodia_pop_026,naive_coi_paramset5,Cambodia,99,0.7,0.25,0.2,100,100,0.6855654600401044,0.27,0.25
simulated_Cambodia_pop_026,naive_coi_paramset6,Cambodia,99,0.7,0.25,0.2,100,100,0.2449489742783178,0.06,0.04
simulated_Cambodia_pop_027,naive_coi_paramset1,Cambodia,99,0.2,0.5,0.5,100,100,4.787483681434328,2.04,-2.04
simulated_Cambodia_pop_027,naive_coi_paramset2,Cambodia,99,0.2,0.5,0.5,100,100,4.36233882223745,1.59,-1.59
simulated_Cambodia_pop_027,naive_coi_paramset3,Cambodia,99,0.2,0.5,0.5,100,100,4.192851058647328,1.52,-1.26
simulated_Cambodia_pop_027,naive_coi_paramset4,Cambodia,99,0.2,0.5,0.5,100,100,3.0740852297878796,1.43,0.09
simulated_Cambodia_pop_027,naive_coi_paramset5,Cambodia,99,0.2,0.5,0.5,100,100,3.7735924528226406,1.48,-0.54
simulated_Cambodia_pop_027,naive_coi_paramset6,Cambodia,99,0.2,0.5,0.5,100,100,4.016217125604641,1.43,-1.21
simulated_Cambodia_pop_028,naive_coi_paramset1,Cambodia,99,0.2,0.5,0.2,100,100,3.745664160065611,1.75,-1.75
simulated_Cambodia_pop_028,naive_coi_paramset2,Cambodia,99,0.2,0.5,0.2,100,100,3.2496153618543877,1.32,-1.32
simulated_Cambodia_pop_028,naive_coi_paramset3,Cambodia,99,0.2,0.5,0.2,100,100,3.051229260478475,1.21,-0.91
simulated_Cambodia_pop_028,naive_coi_paramset4,Cambodia,99,0.2,0.5,0.2,100,100,2.08806130178211,1.16,0.22
simulated_Cambodia_pop_028,naive_coi_paramset5,Cambodia,99,0.2,0.5,0.2,100,100,2.7367864366808012,1.23,-0.37
simulated_Cambodia_pop_028,naive_coi_paramset6,Cambodia,99,0.2,0.5,0.2,100,100,2.9698484809835004,1.16,-0.88
simulated_Cambodia_pop_029,naive_coi_paramset1,Cambodia,9,0.7,0.25,0.5,100,100,0.4582575694955835,0.11,-0.11
simulated_Cambodia_pop_029,naive_coi_paramset2,Cambodia,9,0.7,0.25,0.5,100,100,0.2828427124746189,0.06,-0.06
simulated_Cambodia_pop_029,naive_coi_paramset3,Cambodia,9,0.7,0.25,0.5,100,100,0.3316624790355399,0.09,0.03
simulated_Cambodia_pop_029,naive_coi_paramset4,Cambodia,9,0.7,0.25,0.5,100,100,0.7615773105863908,0.34,0.32
simulated_Cambodia_pop_029,naive_coi_paramset5,Cambodia,9,0.7,0.25,0.5,100,100,0.5385164807134504,0.21,0.19
simulated_Cambodia_pop_029,naive_coi_paramset6,Cambodia,9,0.7,0.25,0.5,100,100,0.33166247903553997,0.09,0.03
simulated_Cambodia_pop_030,naive_coi_paramset1,Cambodia,9,0.7,0.25,0.2,100,100,0.4795831523312716,0.11,-0.11
simulated_Cambodia_pop_030,naive_coi_paramset2,Cambodia,9,0.7,0.25,0.2,100,100,0.3464101615137756,0.08,-0.08
simulated_Cambodia_pop_030,naive_coi_paramset3,Cambodia,9,0.7,0.25,0.2,100,100,0.38729833462074137,0.11,-0.01
simulated_Cambodia_pop_030,naive_coi_paramset4,Cambodia,9,0.7,0.25,0.2,100,100,0.8306623862918076,0.41,0.37
simulated_Cambodia_pop_030,naive_coi_paramset5,Cambodia,9,0.7,0.25,0.2,100,100,0.6244997998398398,0.25,0.21
simulated_Cambodia_pop_030,naive_coi_paramset6,Cambodia,9,0.7,0.25,0.2,100,100,0.37416573867739406,0.1,-0.04
simulated_Cambodia_pop_031,naive_coi_paramset1,Cambodia,9,0.2,0.5,0.5,100,100,2.89136645896019,1.48,-1.48
simulated_Cambodia_pop_031,naive_coi_paramset2,Cambodia,9,0.2,0.5,0.5,100,100,2.4677925358506156,1.15,-1.15
simulated_Cambodia_pop_031,naive_coi_paramset3,Cambodia,9,0.2,0.5,0.5,100,100,2.269361143582045,1.03,-0.81
simulated_Cambodia_pop_031,naive_coi_paramset4,Cambodia,9,0.2,0.5,0.5,100,100,1.8027756377319946,0.87,0.05
simulated_Cambodia_pop_031,naive_coi_paramset5,Cambodia,9,0.2,0.5,0.5,100,100,1.884144368141677,0.83,-0.33
simulated_Cambodia_pop_031,naive_coi_paramset6,Cambodia,9,0.2,0.5,0.5,100,100,2.2293496809607953,0.95,-0.83
simulated_Cambodia_pop_032,naive_coi_paramset1,Cambodia,9,0.2,0.5,0.2,100,100,2.3108440016582676,1.1,-1.1
simulated_Cambodia_pop_032,naive_coi_paramset2,Cambodia,9,0.2,0.5,0.2,100,100,1.9974984355438175,0.81,-0.81
simulated_Cambodia_pop_032,naive_coi_paramset3,Cambodia,9,0.2,0.5,0.2,100,100,1.7999999999999992,0.8,-0.52
simulated_Cambodia_pop_032,naive_coi_paramset4,Cambodia,9,0.2,0.5,0.2,100,100,1.4387494569938157,0.81,0.29
simulated_Cambodia_pop_032,naive_coi_paramset5,Cambodia,9,0.2,0.5,0.2,100,100,1.5,0.73,-0.11
simulated_Cambodia_pop_032,naive_coi_paramset6,Cambodia,9,0.2,0.5,0.2,100,100,1.7204650534085253,0.72,-0.52
simulated_Cambodia_pop_033,naive_coi_paramset1,Cambodia,2.33,0.7,0.25,0.5,100,100,0.1732050807568877,0.03,-0.03
simulated_Cambodia_pop_033,naive_coi_paramset2,Cambodia,2.33,0.7,0.25,0.5,100,100,0.09999999999999998,0.01,-0.01
simulated_Cambodia_pop_033,naive_coi_paramset3,Cambodia,2.33,0.7,0.25,0.5,100,100,0.14142135623730945,0.02,0.02
simulated_Cambodia_pop_033,naive_coi_paramset4,Cambodia,2.33,0.7,0.25,0.5,100,100,0.6633249580710799,0.3,0.3
simulated_Cambodia_pop_033,naive_coi_paramset5,Cambodia,2.33,0.7,0.25,0.5,100,100,0.43588989435406733,0.17,0.17
simulated_Cambodia_pop_033,naive_coi_paramset6,Cambodia,2.33,0.7,0.25,0.5,100,100,0.14142135623730945,0.02,0
simulated_Cambodia_pop_034,naive_coi_paramset1,Cambodia,2.33,0.7,0.25,0.2,100,100,0.24494897427831788,0.04,-0.04
simulated_Cambodia_pop_034,naive_coi_paramset2,Cambodia,2.33,0.7,0.25,0.2,100,100,0.14142135623730945,0.02,0
simulated_Cambodia_pop_034,naive_coi_paramset3,Cambodia,2.33,0.7,0.25,0.2,100,100,0.36055512754639873,0.13,0.11
simulated_Cambodia_pop_034,naive_coi_paramset4,Cambodia,2.33,0.7,0.25,0.2,100,100,0.6164414002968976,0.24,0.24
simulated_Cambodia_pop_034,naive_coi_paramset5,Cambodia,2.33,0.7,0.25,0.2,100,100,0.4358898943540674,0.17,0.15
simulated_Cambodia_pop_034,naive_coi_paramset6,Cambodia,2.33,0.7,0.25,0.2,100,100,0.3464101615137754,0.12,0.1
simulated_Cambodia_pop_035,naive_coi_paramset1,Cambodia,2.33,0.2,0.5,0.5,100,100,3.3000000000000016,1.79,-1.79
simulated_Cambodia_pop_035,naive_coi_paramset2,Cambodia,2.33,0.2,0.5,0.5,100,100,2.95465734053883,1.55,-1.55
simulated_Cambodia_pop_035,naive_coi_paramset3,Cambodia,2.33,0.2,0.5,0.5,100,100,2.6962937525425543,1.31,-1.25
simulated_Cambodia_pop_035,naive_coi_paramset4,Cambodia,2.33,0.2,0.5,0.5,100,100,2.41039415863879,1.29,-0.61
simulated_Cambodia_pop_035,naive_coi_paramset5,Cambodia,2.33,0.2,0.5,0.5,100,100,2.578759391645525,1.25,-0.97
simulated_Cambodia_pop_035,naive_coi_paramset6,Cambodia,2.33,0.2,0.5,0.5,100,100,2.696293752542553,1.31,-1.27
simulated_Cambodia_pop_036,naive_coi_paramset1,Cambodia,2.33,0.2,0.5,0.2,100,100,3.0149626863362684,1.45,-1.45
simulated_Cambodia_pop_036,naive_coi_paramset2,Cambodia,2.33,0.2,0.5,0.2,100,100,2.617250465660478,1.19,-1.19
simulated_Cambodia_pop_036,naive_coi_paramset3,Cambodia,2.33,0.2,0.5,0.2,100,100,2.353720459187962,1.04,-0.92
simulated_Cambodia_pop_036,naive_coi_paramset4,Cambodia,2.33,0.2,0.5,0.2,100,100,2.06881608655772,1.12,-0.24
simulated_Cambodia_pop_036,naive_coi_paramset5,Cambodia,2.33,0.2,0.5,0.2,100,100,2.165640782770772,1.03,-0.55
simulated_Cambodia_pop_036,naive_coi_paramset6,Cambodia,2.33,0.2,0.5,0.2,100,100,2.2978250586152114,0.98,-0.96
simulated_Cambodia_pop_037,naive_coi_paramset1,Cambodia,99,0.7,0.25,0.5,100,100,0.14142135623730945,0.02,-0.02
simulated_Cambodia_pop_037,naive_coi_paramset2,Cambodia,99,0.7,0.25,0.5,100,100,0,0,0
simulated_Cambodia_pop_037,naive_coi_paramset3,Cambodia,99,0.7,0.25,0.5,100,100,0.3464101615137756,0.12,0.12
simulated_Cambodia_pop_037,naive_coi_paramset4,Cambodia,99,0.7,0.25,0.5,100,100,0.7,0.27,0.27
simulated_Cambodia_pop_037,naive_coi_paramset5,Cambodia,99,0.7,0.25,0.5,100,100,0.565685424949238,0.2,0.2
simulated_Cambodia_pop_037,naive_coi_paramset6,Cambodia,99,0.7,0.25,0.5,100,100,0.3,0.09,0.09
simulated_Cambodia_pop_038,naive_coi_paramset1,Cambodia,99,0.7,0.25,0.2,100,100,0.2828427124746189,0.04,-0.04
simulated_Cambodia_pop_038,naive_coi_paramset2,Cambodia,99,0.7,0.25,0.2,100,100,0.19999999999999993,0.04,0
simulated_Cambodia_pop_038,naive_coi_paramset3,Cambodia,99,0.7,0.25,0.2,100,100,0.33166247903553997,0.11,0.09
simulated_Cambodia_pop_038,naive_coi_paramset4,Cambodia,99,0.7,0.25,0.2,100,100,0.7681145747868608,0.29,0.29
simulated_Cambodia_pop_038,naive_coi_paramset5,Cambodia,99,0.7,0.25,0.2,100,100,0.5567764362830022,0.19,0.19
simulated_Cambodia_pop_038,naive_coi_paramset6,Cambodia,99,0.7,0.25,0.2,100,100,0.282842712474619,0.08,0.08
simulated_Cambodia_pop_039,naive_coi_paramset1,Cambodia,99,0.2,0.5,0.5,100,100,3.0479501308256323,1.47,-1.47
simulated_Cambodia_pop_039,naive_coi_paramset2,Cambodia,99,0.2,0.5,0.5,100,100,2.523885892824792,1.11,-1.05
simulated_Cambodia_pop_039,naive_coi_paramset3,Cambodia,99,0.2,0.5,0.5,100,100,2.304343724360582,1.01,-0.61
simulated_Cambodia_pop_039,naive_coi_paramset4,Cambodia,99,0.2,0.5,0.5,100,100,1.7578395831246942,1.01,0.31
simulated_Cambodia_pop_039,naive_coi_paramset5,Cambodia,99,0.2,0.5,0.5,100,100,2.007485989988473,0.97,-0.17
simulated_Cambodia_pop_039,naive_coi_paramset6,Cambodia,99,0.2,0.5,0.5,100,100,2.211334438749598,0.95,-0.59
simulated_Cambodia_pop_040,naive_coi_paramset1,Cambodia,99,0.2,0.5,0.2,100,100,3.5114099732158857,1.67,-1.67
simulated_Cambodia_pop_040,naive_coi_paramset2,Cambodia,99,0.2,0.5,0.2,100,100,3.1272991542223805,1.32,-1.28
simulated_Cambodia_pop_040,naive_coi_paramset3,Cambodia,99,0.2,0.5,0.2,100,100,2.989983277545209,1.22,-0.8
simulated_Cambodia_pop_040,naive_coi_paramset4,Cambodia,99,0.2,0.5,0.2,100,100,2.1633307652783933,1.24,0.26
simulated_Cambodia_pop_040,naive_coi_paramset5,Cambodia,99,0.2,0.5,0.2,100,100,2.582634314028992,1.21,-0.19
simulated_Cambodia_pop_040,naive_coi_paramset6,Cambodia,99,0.2,0.5,0.2,100,100,2.7999999999999994,1.12,-0.74
simulated_Cambodia_pop_041,naive_coi_paramset1,Cambodia,9,0.7,0.25,0.5,100,100,0.26457513110645897,0.05,-0.05
simulated_Cambodia_pop_041,naive_coi_paramset2,Cambodia,9,0.7,0.25,0.5,100,100,0.24494897427831788,0.04,-0.04
simulated_Cambodia_pop_041,naive_coi_paramset3,Cambodia,9,0.7,0.25,0.5,100,100,0.1732050807568878,0.03,-0.01
simulated_Cambodia_pop_041,naive_coi_paramset4,Cambodia,9,0.7,0.25,0.5,100,100,0.36055512754639896,0.11,0.11
simulated_Cambodia_pop_041,naive_coi_paramset5,Cambodia,9,0.7,0.25,0.5,100,100,0.264575131106459,0.07,0.05
simulated_Cambodia_pop_041,naive_coi_paramset6,Cambodia,9,0.7,0.25,0.5,100,100,0.14142135623730948,0.02,-0.02
simulated_Cambodia_pop_042,naive_coi_paramset1,Cambodia,9,0.7,0.25,0.2,100,100,0.5656854249492378,0.12,-0.12
simulated_Cambodia_pop_042,naive_coi_paramset2,Cambodia,9,0.7,0.25,0.2,100,100,0.4358898943540675,0.09,-0.09
simulated_Cambodia_pop_042,naive_coi_paramset3,Cambodia,9,0.7,0.25,0.2,100,100,0.42426406871192873,0.1,-0.02
simulated_Cambodia_pop_042,naive_coi_paramset4,Cambodia,9,0.7,0.25,0.2,100,100,0.6082762530298219,0.25,0.19
simulated_Cambodia_pop_042,naive_coi_paramset5,Cambodia,9,0.7,0.25,0.2,100,100,0.4690415759823429,0.18,0.1
simulated_Cambodia_pop_042,naive_coi_paramset6,Cambodia,9,0.7,0.25,0.2,100,100,0.3872983346207416,0.07,-0.05
simulated_Cambodia_pop_043,naive_coi_paramset1,Cambodia,9,0.2,0.5,0.5,100,100,4.318564576337839,2.57,-2.57
simulated_Cambodia_pop_043,naive_coi_paramset2,Cambodia,9,0.2,0.5,0.5,100,100,3.925557285278106,2.19,-2.19
simulated_Cambodia_pop_043,naive_coi_paramset3,Cambodia,9,0.2,0.5,0.5,100,100,3.651027252705736,1.91,-1.75
simulated_Cambodia_pop_043,naive_coi_paramset4,Cambodia,9,0.2,0.5,0.5,100,100,3.0659419433511776,1.68,-0.92
simulated_Cambodia_pop_043,naive_coi_paramset5,Cambodia,9,0.2,0.5,0.5,100,100,3.2726136343907135,1.81,-1.19
simulated_Cambodia_pop_043,naive_coi_paramset6,Cambodia,9,0.2,0.5,0.5,100,100,3.591656999213594,1.86,-1.74
simulated_Cambodia_pop_044,naive_coi_paramset1,Cambodia,9,0.2,0.5,0.2,100,100,3.2233522922572413,1.75,-1.75
simulated_Cambodia_pop_044,naive_coi_paramset2,Cambodia,9,0.2,0.5,0.2,100,100,2.8248893783651057,1.42,-1.42
simulated_Cambodia_pop_044,naive_coi_paramset3,Cambodia,9,0.2,0.5,0.2,100,100,2.491987158875424,1.19,-1.01
simulated_Cambodia_pop_044,naive_coi_paramset4,Cambodia,9,0.2,0.5,0.2,100,100,2.032240143290158,1.11,-0.19
simulated_Cambodia_pop_044,naive_coi_paramset5,Cambodia,9,0.2,0.5,0.2,100,100,2.1633307652783933,1.06,-0.58
simulated_Cambodia_pop_044,naive_coi_paramset6,Cambodia,9,0.2,0.5,0.2,100,100,2.4413111231467406,1.08,-1.02
simulated_Cambodia_pop_045,naive_coi_paramset1,Cambodia,2.33,0.7,0.25,0.5,100,100,0.26457513110645897,0.05,-0.05
simulated_Cambodia_pop_045,naive_coi_paramset2,Cambodia,2.33,0.7,0.25,0.5,100,100,0.26457513110645897,0.05,-0.05
simulated_Cambodia_pop_045,naive_coi_paramset3,Cambodia,2.33,0.7,0.25,0.5,100,100,0.26457513110645897,0.05,-0.03
simulated_Cambodia_pop_045,naive_coi_paramset4,Cambodia,2.33,0.7,0.25,0.5,100,100,0.469041575982343,0.18,0.16
simulated_Cambodia_pop_045,naive_coi_paramset5,Cambodia,2.33,0.7,0.25,0.5,100,100,0.3999999999999999,0.14,0.1
simulated_Cambodia_pop_045,naive_coi_paramset6,Cambodia,2.33,0.7,0.25,0.5,100,100,0.24494897427831774,0.04,-0.04
simulated_Cambodia_pop_046,naive_coi_paramset1,Cambodia,2.33,0.7,0.25,0.2,100,100,0.26457513110645897,0.05,-0.05
simulated_Cambodia_pop_046,naive_coi_paramset2,Cambodia,2.33,0.7,0.25,0.2,100,100,0.22360679774997913,0.03,-0.03
simulated_Cambodia_pop_046,naive_coi_paramset3,Cambodia,2.33,0.7,0.25,0.2,100,100,0.2645751311064589,0.07,0.05
simulated_Cambodia_pop_046,naive_coi_paramset4,Cambodia,2.33,0.7,0.25,0.2,100,100,0.6,0.26,0.26
simulated_Cambodia_pop_046,naive_coi_paramset5,Cambodia,2.33,0.7,0.25,0.2,100,100,0.37416573867739406,0.14,0.12
simulated_Cambodia_pop_046,naive_coi_paramset6,Cambodia,2.33,0.7,0.25,0.2,100,100,0.22360679774997894,0.05,0.03
simulated_Cambodia_pop_047,naive_coi_paramset1,Cambodia,2.33,0.2,0.5,0.5,100,100,3.7229020937972557,2.18,-2.18
simulated_Cambodia_pop_047,naive_coi_paramset2,Cambodia,2.33,0.2,0.5,0.5,100,100,3.5369478367654796,2.05,-2.05
simulated_Cambodia_pop_047,naive_coi_paramset3,Cambodia,2.33,0.2,0.5,0.5,100,100,3.2186953878862146,1.82,-1.8
simulated_Cambodia_pop_047,naive_coi_paramset4,Cambodia,2.33,0.2,0.5,0.5,100,100,2.8248893783651066,1.62,-1.06
simulated_Cambodia_pop_047,naive_coi_paramset5,Cambodia,2.33,0.2,0.5,0.5,100,100,2.9782545223670858,1.65,-1.47
simulated_Cambodia_pop_047,naive_coi_paramset6,Cambodia,2.33,0.2,0.5,0.5,100,100,3.1921779399024737,1.81,-1.81
simulated_Cambodia_pop_048,naive_coi_paramset1,Cambodia,2.33,0.2,0.5,0.2,100,100,2.9410882339705497,1.73,-1.73
simulated_Cambodia_pop_048,naive_coi_paramset2,Cambodia,2.33,0.2,0.5,0.2,100,100,2.7349588662354685,1.58,-1.58
simulated_Cambodia_pop_048,naive_coi_paramset3,Cambodia,2.33,0.2,0.5,0.2,100,100,2.615339366124406,1.52,-1.52
simulated_Cambodia_pop_048,naive_coi_paramset4,Cambodia,2.33,0.2,0.5,0.2,100,100,2.222611077089287,1.22,-0.98
simulated_Cambodia_pop_048,naive_coi_paramset5,Cambodia,2.33,0.2,0.5,0.2,100,100,2.45356882927706,1.36,-1.34
simulated_Cambodia_pop_048,naive_coi_paramset6,Cambodia,2.33,0.2,0.5,0.2,100,100,2.6343879744638987,1.54,-1.54
simulated_Cambodia_pop_049,naive_coi_paramset1,Cambodia,99,0.7,0.25,0.5,100,100,0.26457513110645897,0.05,-0.05
simulated_Cambodia_pop_049,naive_coi_paramset2,Cambodia,99,0.7,0.25,0.5,100,100,0.09999999999999996,0.01,0.01
simulated_Cambodia_pop_049,naive_coi_paramset3,Cambodia,99,0.7,0.25,0.5,100,100,0.5656854249492378,0.24,0.24
simulated_Cambodia_pop_049,naive_coi_paramset4,Cambodia,99,0.7,0.25,0.5,100,100,1.058300524425836,0.54,0.54
simulated_Cambodia_pop_049,naive_coi_paramset5,Cambodia,99,0.7,0.25,0.5,100,100,0.8602325267042626,0.4,0.4
simulated_Cambodia_pop_049,naive_coi_paramset6,Cambodia,99,0.7,0.25,0.5,100,100,0.5099019513592785,0.22,0.22
simulated_Cambodia_pop_050,naive_coi_paramset1,Cambodia,99,0.7,0.25,0.2,100,100,0.30000000000000016,0.05,-0.05
simulated_Cambodia_pop_050,naive_coi_paramset2,Cambodia,99,0.7,0.25,0.2,100,100,0.17320508075688779,0.03,-0.03
simulated_Cambodia_pop_050,naive_coi_paramset3,Cambodia,99,0.7,0.25,0.2,100,100,0.2828427124746189,0.08,0.06
simulated_Cambodia_pop_050,naive_coi_paramset4,Cambodia,99,0.7,0.25,0.2,100,100,0.721110255092798,0.28,0.28
simulated_Cambodia_pop_050,naive_coi_paramset5,Cambodia,99,0.7,0.25,0.2,100,100,0.5567764362830023,0.19,0.19
simulated_Cambodia_pop_050,naive_coi_paramset6,Cambodia,99,0.7,0.25,0.2,100,100,0.2236067977499789,0.05,0.03
simulated_Cambodia_pop_051,naive_coi_paramset1,Cambodia,99,0.2,0.5,0.5,100,100,3.39411254969543,1.8,-1.8
simulated_Cambodia_pop_051,naive_coi_paramset2,Cambodia,99,0.2,0.5,0.5,100,100,2.812472222085044,1.31,-1.31
simulated_Cambodia_pop_051,naive_coi_paramset3,Cambodia,99,0.2,0.5,0.5,100,100,2.622975409720801,1.12,-0.88
simulated_Cambodia_pop_051,naive_coi_paramset4,Cambodia,99,0.2,0.5,0.5,100,100,1.8574175621006705,1.17,0.27
simulated_Cambodia_pop_051,naive_coi_paramset5,Cambodia,99,0.2,0.5,0.5,100,100,2.0322401432901582,1.07,-0.25
simulated_Cambodia_pop_051,naive_coi_paramset6,Cambodia,99,0.2,0.5,0.5,100,100,2.44131112314674,1.06,-0.84
simulated_Cambodia_pop_052,naive_coi_paramset1,Cambodia,99,0.2,0.5,0.2,100,100,2.8844410203711925,1.52,-1.52
simulated_Cambodia_pop_052,naive_coi_paramset2,Cambodia,99,0.2,0.5,0.2,100,100,2.304343724360582,1.07,-1.07
simulated_Cambodia_pop_052,naive_coi_paramset3,Cambodia,99,0.2,0.5,0.2,100,100,2.1540659228538033,0.96,-0.64
simulated_Cambodia_pop_052,naive_coi_paramset4,Cambodia,99,0.2,0.5,0.2,100,100,1.8493242008906927,1.22,0.5
simulated_Cambodia_pop_052,naive_coi_paramset5,Cambodia,99,0.2,0.5,0.2,100,100,2.0024984394500787,1.07,-0.09
simulated_Cambodia_pop_052,naive_coi_paramset6,Cambodia,99,0.2,0.5,0.2,100,100,2.0760539492026693,0.89,-0.65
simulated_Cambodia_pop_053,naive_coi_paramset1,Cambodia,9,0.7,0.25,0.5,100,100,0.5099019513592781,0.06,-0.06
simulated_Cambodia_pop_053,naive_coi_paramset2,Cambodia,9,0.7,0.25,0.5,100,100,0.42426406871192873,0.06,-0.04
simulated_Cambodia_pop_053,naive_coi_paramset3,Cambodia,9,0.7,0.25,0.5,100,100,0.4795831523312716,0.17,0.11
simulated_Cambodia_pop_053,naive_coi_paramset4,Cambodia,9,0.7,0.25,0.5,100,100,0.854400374531753,0.39,0.35
simulated_Cambodia_pop_053,naive_coi_paramset5,Cambodia,9,0.7,0.25,0.5,100,100,0.6928203230275508,0.28,0.24
simulated_Cambodia_pop_053,naive_coi_paramset6,Cambodia,9,0.7,0.25,0.5,100,100,0.3999999999999999,0.1,0.04
simulated_Cambodia_pop_054,naive_coi_paramset1,Cambodia,9,0.7,0.25,0.2,100,100,0.2828427124746189,0.06,-0.06
simulated_Cambodia_pop_054,naive_coi_paramset2,Cambodia,9,0.7,0.25,0.2,100,100,0.19999999999999993,0.04,-0.04
simulated_Cambodia_pop_054,naive_coi_paramset3,Cambodia,9,0.7,0.25,0.2,100,100,0.22360679774997916,0.05,-0.01
simulated_Cambodia_pop_054,naive_coi_paramset4,Cambodia,9,0.7,0.25,0.2,100,100,0.7483314773547881,0.32,0.32
simulated_Cambodia_pop_054,naive_coi_paramset5,Cambodia,9,0.7,0.25,0.2,100,100,0.47958315233127197,0.19,0.19
simulated_Cambodia_pop_054,naive_coi_paramset6,Cambodia,9,0.7,0.25,0.2,100,100,0.19999999999999998,0.04,-0.02
simulated_Cambodia_pop_055,naive_coi_paramset1,Cambodia,9,0.2,0.5,0.5,100,100,3.8183766184073558,2.16,-2.16
simulated_Cambodia_pop_055,naive_coi_paramset2,Cambodia,9,0.2,0.5,0.5,100,100,3.440930106817052,1.76,-1.76
simulated_Cambodia_pop_055,naive_coi_paramset3,Cambodia,9,0.2,0.5,0.5,100,100,3.1575306807693857,1.53,-1.39
simulated_Cambodia_pop_055,naive_coi_paramset4,Cambodia,9,0.2,0.5,0.5,100,100,2.5,1.41,-0.33
simulated_Cambodia_pop_055,naive_coi_paramset5,Cambodia,9,0.2,0.5,0.5,100,100,2.86705423736629,1.38,-0.86
simulated_Cambodia_pop_055,naive_coi_paramset6,Cambodia,9,0.2,0.5,0.5,100,100,3.0675723300355937,1.47,-1.35
simulated_Cambodia_pop_056,naive_coi_paramset1,Cambodia,9,0.2,0.5,0.2,100,100,3.082207001484488,1.54,-1.54
simulated_Cambodia_pop_056,naive_coi_paramset2,Cambodia,9,0.2,0.5,0.2,100,100,2.7166155414412256,1.18,-1.18
simulated_Cambodia_pop_056,naive_coi_paramset3,Cambodia,9,0.2,0.5,0.2,100,100,2.447447650104082,1.11,-0.89
simulated_Cambodia_pop_056,naive_coi_paramset4,Cambodia,9,0.2,0.5,0.2,100,100,2.0396078054371145,1.12,0.06
simulated_Cambodia_pop_056,naive_coi_paramset5,Cambodia,9,0.2,0.5,0.2,100,100,2.111871208194288,1.08,-0.42
simulated_Cambodia_pop_056,naive_coi_paramset6,Cambodia,9,0.2,0.5,0.2,100,100,2.349468024894146,1,-0.86
simulated_Cambodia_pop_057,naive_coi_paramset1,Cambodia,2.33,0.7,0.25,0.5,100,100,0.14142135623730948,0.02,-0.02
simulated_Cambodia_pop_057,naive_coi_paramset2,Cambodia,2.33,0.7,0.25,0.5,100,100,0.09999999999999998,0.01,-0.01
simulated_Cambodia_pop_057,naive_coi_paramset3,Cambodia,2.33,0.7,0.25,0.5,100,100,0.19999999999999993,0.04,0.04
simulated_Cambodia_pop_057,naive_coi_paramset4,Cambodia,2.33,0.7,0.25,0.5,100,100,0.3464101615137754,0.1,0.1
simulated_Cambodia_pop_057,naive_coi_paramset5,Cambodia,2.33,0.7,0.25,0.5,100,100,0.24494897427831777,0.06,0.06
simulated_Cambodia_pop_057,naive_coi_paramset6,Cambodia,2.33,0.7,0.25,0.5,100,100,0.19999999999999996,0.04,0.04
simulated_Cambodia_pop_058,naive_coi_paramset1,Cambodia,2.33,0.7,0.25,0.2,100,100,0.33166247903553986,0.09,-0.09
simulated_Cambodia_pop_058,naive_coi_paramset2,Cambodia,2.33,0.7,0.25,0.2,100,100,0.2828427124746189,0.06,-0.06
simulated_Cambodia_pop_058,naive_coi_paramset3,Cambodia,2.33,0.7,0.25,0.2,100,100,0.22360679774997916,0.05,-0.03
simulated_Cambodia_pop_058,naive_coi_paramset4,Cambodia,2.33,0.7,0.25,0.2,100,100,0.3872983346207417,0.13,0.13
simulated_Cambodia_pop_058,naive_coi_paramset5,Cambodia,2.33,0.7,0.25,0.2,100,100,0.26457513110645897,0.07,0.05
simulated_Cambodia_pop_058,naive_coi_paramset6,Cambodia,2.33,0.7,0.25,0.2,100,100,0.22360679774997894,0.05,-0.03
simulated_Cambodia_pop_059,naive_coi_paramset1,Cambodia,2.33,0.2,0.5,0.5,100,100,3.66196668472011,2.01,-2.01
simulated_Cambodia_pop_059,naive_coi_paramset2,Cambodia,2.33,0.2,0.5,0.5,100,100,3.2848135411313693,1.73,-1.73
simulated_Cambodia_pop_059,naive_coi_paramset3,Cambodia,2.33,0.2,0.5,0.5,100,100,2.9698484809834986,1.44,-1.4
simulated_Cambodia_pop_059,naive_coi_paramset4,Cambodia,2.33,0.2,0.5,0.5,100,100,2.5,1.35,-0.63
simulated_Cambodia_pop_059,naive_coi_paramset5,Cambodia,2.33,0.2,0.5,0.5,100,100,2.8319604517012595,1.42,-1.04
simulated_Cambodia_pop_059,naive_coi_paramset6,Cambodia,2.33,0.2,0.5,0.5,100,100,2.96141857899217,1.43,-1.39
simulated_Cambodia_pop_060,naive_coi_paramset1,Cambodia,2.33,0.2,0.5,0.2,100,100,3.3316662497915357,1.5,-1.5
simulated_Cambodia_pop_060,naive_coi_paramset2,Cambodia,2.33,0.2,0.5,0.2,100,100,3.0545048698602524,1.29,-1.29
simulated_Cambodia_pop_060,naive_coi_paramset3,Cambodia,2.33,0.2,0.5,0.2,100,100,2.886173937932364,1.21,-1.07
simulated_Cambodia_pop_060,naive_coi_paramset4,Cambodia,2.33,0.2,0.5,0.2,100,100,2.42074368738204,1.1,-0.42
simulated_Cambodia_pop_060,naive_coi_paramset5,Cambodia,2.33,0.2,0.5,0.2,100,100,2.7092434368288134,1.12,-0.66
simulated_Cambodia_pop_060,naive_coi_paramset6,Cambodia,2.33,0.2,0.5,0.2,100,100,2.8195744359743373,1.13,-1.11
simulated_Cambodia_pop_061,naive_coi_paramset1,Cambodia,99,0.7,0.25,0.5,100,100,0.2645751311064589,0.07,-0.07
simulated_Cambodia_pop_061,naive_coi_paramset2,Cambodia,99,0.7,0.25,0.5,100,100,0.14142135623730945,0.02,0
simulated_Cambodia_pop_061,naive_coi_paramset3,Cambodia,99,0.7,0.25,0.5,100,100,0.2645751311064589,0.07,0.07
simulated_Cambodia_pop_061,naive_coi_paramset4,Cambodia,99,0.7,0.25,0.5,100,100,0.6082762530298219,0.21,0.21
simulated_Cambodia_pop_061,naive_coi_paramset5,Cambodia,99,0.7,0.25,0.5,100,100,0.44721359549995793,0.14,0.14
simulated_Cambodia_pop_061,naive_coi_paramset6,Cambodia,99,0.7,0.25,0.5,100,100,0.24494897427831777,0.06,0.04
simulated_Cambodia_pop_062,naive_coi_paramset1,Cambodia,99,0.7,0.25,0.2,100,100,0.14142135623730945,0.02,-0.02
simulated_Cambodia_pop_062,naive_coi_paramset2,Cambodia,99,0.7,0.25,0.2,100,100,0.09999999999999996,0.01,0.01
simulated_Cambodia_pop_062,naive_coi_paramset3,Cambodia,99,0.7,0.25,0.2,100,100,0.39999999999999986,0.16,0.16
simulated_Cambodia_pop_062,naive_coi_paramset4,Cambodia,99,0.7,0.25,0.2,100,100,0.787400787401181,0.36,0.36
simulated_Cambodia_pop_062,naive_coi_paramset5,Cambodia,99,0.7,0.25,0.2,100,100,0.5744562646538028,0.23,0.23
simulated_Cambodia_pop_062,naive_coi_paramset6,Cambodia,99,0.7,0.25,0.2,100,100,0.36055512754639896,0.13,0.13
simulated_Cambodia_pop_063,naive_coi_paramset1,Cambodia,99,0.2,0.5,0.5,100,100,4.275511665286393,2.16,-2.16
simulated_Cambodia_pop_063,naive_coi_paramset2,Cambodia,99,0.2,0.5,0.5,100,100,3.6152454965050413,1.55,-1.55
simulated_Cambodia_pop_063,naive_coi_paramset3,Cambodia,99,0.2,0.5,0.5,100,100,3.3985290935932886,1.47,-1.11
simulated_Cambodia_pop_063,naive_coi_paramset4,Cambodia,99,0.2,0.5,0.5,100,100,2.501999200639361,1.42,0.24
simulated_Cambodia_pop_063,naive_coi_paramset5,Cambodia,99,0.2,0.5,0.5,100,100,3.124099870362662,1.52,-0.48
simulated_Cambodia_pop_063,naive_coi_paramset6,Cambodia,99,0.2,0.5,0.5,100,100,3.3421549934136805,1.39,-1.11
simulated_Cambodia_pop_064,naive_coi_paramset1,Cambodia,99,0.2,0.5,0.2,100,100,2.640075756488815,1.23,-1.23
simulated_Cambodia_pop_064,naive_coi_paramset2,Cambodia,99,0.2,0.5,0.2,100,100,2.179449471770337,0.91,-0.91
simulated_Cambodia_pop_064,naive_coi_paramset3,Cambodia,99,0.2,0.5,0.2,100,100,2.0832666655999663,0.9,-0.5
simulated_Cambodia_pop_064,naive_coi_paramset4,Cambodia,99,0.2,0.5,0.2,100,100,1.7204650534085253,1.08,0.4
simulated_Cambodia_pop_064,naive_coi_paramset5,Cambodia,99,0.2,0.5,0.2,100,100,1.8841443681416774,1.01,-0.03
simulated_Cambodia_pop_064,naive_coi_paramset6,Cambodia,99,0.2,0.5,0.2,100,100,1.9748417658131496,0.84,-0.48
simulated_Cambodia_pop_065,naive_coi_paramset1,Cambodia,9,0.7,0.25,0.5,100,100,0.3316624790355401,0.05,-0.05
simulated_Cambodia_pop_065,naive_coi_paramset2,Cambodia,9,0.7,0.25,0.5,100,100,0.22360679774997919,0.03,-0.03
simulated_Cambodia_pop_065,naive_coi_paramset3,Cambodia,9,0.7,0.25,0.5,100,100,0.22360679774997916,0.05,0.03
simulated_Cambodia_pop_065,naive_coi_paramset4,Cambodia,9,0.7,0.25,0.5,100,100,0.565685424949238,0.2,0.2
simulated_Cambodia_pop_065,naive_coi_paramset5,Cambodia,9,0.7,0.25,0.5,100,100,0.34641016151377535,0.1,0.08
simulated_Cambodia_pop_065,naive_coi_paramset6,Cambodia,9,0.7,0.25,0.5,100,100,0.19999999999999996,0.04,0.02
simulated_Cambodia_pop_066,naive_coi_paramset1,Cambodia,9,0.7,0.25,0.2,100,100,0.3316624790355398,0.07,-0.07
simulated_Cambodia_pop_066,naive_coi_paramset2,Cambodia,9,0.7,0.25,0.2,100,100,0.1732050807568878,0.03,-0.03
simulated_Cambodia_pop_066,naive_coi_paramset3,Cambodia,9,0.7,0.25,0.2,100,100,0.39999999999999986,0.16,0.12
simulated_Cambodia_pop_066,naive_coi_paramset4,Cambodia,9,0.7,0.25,0.2,100,100,0.7937253933193772,0.35,0.35
simulated_Cambodia_pop_066,naive_coi_paramset5,Cambodia,9,0.7,0.25,0.2,100,100,0.6557438524302001,0.27,0.27
simulated_Cambodia_pop_066,naive_coi_paramset6,Cambodia,9,0.7,0.25,0.2,100,100,0.33166247903553997,0.11,0.07
simulated_Cambodia_pop_067,naive_coi_paramset1,Cambodia,9,0.2,0.5,0.5,100,100,3.2939338184001197,1.63,-1.63
simulated_Cambodia_pop_067,naive_coi_paramset2,Cambodia,9,0.2,0.5,0.5,100,100,2.9017236257093826,1.36,-1.36
simulated_Cambodia_pop_067,naive_coi_paramset3,Cambodia,9,0.2,0.5,0.5,100,100,2.525866188063018,1.08,-0.92
simulated_Cambodia_pop_067,naive_coi_paramset4,Cambodia,9,0.2,0.5,0.5,100,100,2.170253441421071,1.25,0.13
simulated_Cambodia_pop_067,naive_coi_paramset5,Cambodia,9,0.2,0.5,0.5,100,100,2.135415650406262,1.04,-0.26
simulated_Cambodia_pop_067,naive_coi_paramset6,Cambodia,9,0.2,0.5,0.5,100,100,2.461706725018234,1.02,-0.94
simulated_Cambodia_pop_068,naive_coi_paramset1,Cambodia,9,0.2,0.5,0.2,100,100,2.7712812921102024,1.34,-1.34
simulated_Cambodia_pop_068,naive_coi_paramset2,Cambodia,9,0.2,0.5,0.2,100,100,2.357965224510319,1,-0.98
simulated_Cambodia_pop_068,naive_coi_paramset3,Cambodia,9,0.2,0.5,0.2,100,100,2.2472205054244214,1.01,-0.49
simulated_Cambodia_pop_068,naive_coi_paramset4,Cambodia,9,0.2,0.5,0.2,100,100,1.8867962264113205,1.22,0.28
simulated_Cambodia_pop_068,naive_coi_paramset5,Cambodia,9,0.2,0.5,0.2,100,100,1.9697715603592214,1.12,-0.02
simulated_Cambodia_pop_068,naive_coi_paramset6,Cambodia,9,0.2,0.5,0.2,100,100,2.1610182784974308,0.91,-0.53
simulated_Cambodia_pop_069,naive_coi_paramset1,Cambodia,2.33,0.7,0.25,0.5,100,100,0.4358898943540675,0.13,-0.13
simulated_Cambodia_pop_069,naive_coi_paramset2,Cambodia,2.33,0.7,0.25,0.5,100,100,0.2828427124746189,0.08,-0.08
simulated_Cambodia_pop_069,naive_coi_paramset3,Cambodia,2.33,0.7,0.25,0.5,100,100,0.30000000000000016,0.09,-0.01
simulated_Cambodia_pop_069,naive_coi_paramset4,Cambodia,2.33,0.7,0.25,0.5,100,100,0.7937253933193772,0.39,0.39
simulated_Cambodia_pop_069,naive_coi_paramset5,Cambodia,2.33,0.7,0.25,0.5,100,100,0.6324555320336759,0.28,0.26
simulated_Cambodia_pop_069,naive_coi_paramset6,Cambodia,2.33,0.7,0.25,0.5,100,100,0.282842712474619,0.08,-0.02
simulated_Cambodia_pop_070,naive_coi_paramset1,Cambodia,2.33,0.7,0.25,0.2,100,100,0.17320508075688776,0.03,-0.03
simulated_Cambodia_pop_070,naive_coi_paramset2,Cambodia,2.33,0.7,0.25,0.2,100,100,0.17320508075688776,0.03,-0.03
simulated_Cambodia_pop_070,naive_coi_paramset3,Cambodia,2.33,0.7,0.25,0.2,100,100,0.24494897427831794,0.06,0.04
simulated_Cambodia_pop_070,naive_coi_paramset4,Cambodia,2.33,0.7,0.25,0.2,100,100,0.5567764362830022,0.23,0.23
simulated_Cambodia_pop_070,naive_coi_paramset5,Cambodia,2.33,0.7,0.25,0.2,100,100,0.3,0.09,0.09
simulated_Cambodia_pop_070,naive_coi_paramset6,Cambodia,2.33,0.7,0.25,0.2,100,100,0.22360679774997894,0.05,0.03
simulated_Cambodia_pop_071,naive_coi_paramset1,Cambodia,2.33,0.2,0.5,0.5,100,100,4.255584566190641,2.35,-2.35
simulated_Cambodia_pop_071,naive_coi_paramset2,Cambodia,2.33,0.2,0.5,0.5,100,100,3.933192087859425,2.11,-2.11
simulated_Cambodia_pop_071,naive_coi_paramset3,Cambodia,2.33,0.2,0.5,0.5,100,100,3.553871128783373,1.81,-1.75
simulated_Cambodia_pop_071,naive_coi_paramset4,Cambodia,2.33,0.2,0.5,0.5,100,100,3.2093613071762417,1.62,-1.14
simulated_Cambodia_pop_071,naive_coi_paramset5,Cambodia,2.33,0.2,0.5,0.5,100,100,3.3615472627943217,1.66,-1.38
simulated_Cambodia_pop_071,naive_coi_paramset6,Cambodia,2.33,0.2,0.5,0.5,100,100,3.5327043465311396,1.8,-1.78
simulated_Cambodia_pop_072,naive_coi_paramset1,Cambodia,2.33,0.2,0.5,0.2,100,100,2.8913664589601904,1.28,-1.28
simulated_Cambodia_pop_072,naive_coi_paramset2,Cambodia,2.33,0.2,0.5,0.2,100,100,2.6095976701399772,1.15,-1.15
simulated_Cambodia_pop_072,naive_coi_paramset3,Cambodia,2.33,0.2,0.5,0.2,100,100,2.4474476501040825,0.95,-0.87
simulated_Cambodia_pop_072,naive_coi_paramset4,Cambodia,2.33,0.2,0.5,0.2,100,100,2.20454076850486,1.08,-0.2
simulated_Cambodia_pop_072,naive_coi_paramset5,Cambodia,2.33,0.2,0.5,0.2,100,100,2.2671568097509276,1.04,-0.5
simulated_Cambodia_pop_072,naive_coi_paramset6,Cambodia,2.33,0.2,0.5,0.2,100,100,2.3216373532487804,0.91,-0.87
simulated_Cambodia_pop_073,naive_coi_paramset1,Cambodia,99,0.7,0.25,0.5,100,100,0.22360679774997913,0.03,-0.03
simulated_Cambodia_pop_073,naive_coi_paramset2,Cambodia,99,0.7,0.25,0.5,100,100,0.14142135623730945,0.02,-0.02
simulated_Cambodia_pop_073,naive_coi_paramset3,Cambodia,99,0.7,0.25,0.5,100,100,0.2828427124746189,0.08,0.06
simulated_Cambodia_pop_073,naive_coi_paramset4,Cambodia,99,0.7,0.25,0.5,100,100,0.6999999999999998,0.29,0.29
simulated_Cambodia_pop_073,naive_coi_paramset5,Cambodia,99,0.7,0.25,0.5,100,100,0.5830951894845302,0.22,0.22
simulated_Cambodia_pop_073,naive_coi_paramset6,Cambodia,99,0.7,0.25,0.5,100,100,0.26457513110645914,0.07,0.05
simulated_Cambodia_pop_074,naive_coi_paramset1,Cambodia,99,0.7,0.25,0.2,100,100,0.24494897427831785,0.04,-0.04
simulated_Cambodia_pop_074,naive_coi_paramset2,Cambodia,99,0.7,0.25,0.2,100,100,0.19999999999999993,0.02,-0.02
simulated_Cambodia_pop_074,naive_coi_paramset3,Cambodia,99,0.7,0.25,0.2,100,100,0.38729833462074137,0.11,0.07
simulated_Cambodia_pop_074,naive_coi_paramset4,Cambodia,99,0.7,0.25,0.2,100,100,0.6708203932499369,0.27,0.27
simulated_Cambodia_pop_074,naive_coi_paramset5,Cambodia,99,0.7,0.25,0.2,100,100,0.6082762530298219,0.23,0.21
simulated_Cambodia_pop_074,naive_coi_paramset6,Cambodia,99,0.7,0.25,0.2,100,100,0.33166247903554,0.09,0.05
simulated_Cambodia_pop_075,naive_coi_paramset1,Cambodia,99,0.2,0.5,0.5,100,100,2.867054237366289,1.52,-1.52
simulated_Cambodia_pop_075,naive_coi_paramset2,Cambodia,99,0.2,0.5,0.5,100,100,2.3558437978779474,1.13,-1.13
simulated_Cambodia_pop_075,naive_coi_paramset3,Cambodia,99,0.2,0.5,0.5,100,100,2.1610182784974326,1.13,-0.59
simulated_Cambodia_pop_075,naive_coi_paramset4,Cambodia,99,0.2,0.5,0.5,100,100,1.6093476939431082,1.09,0.45
simulated_Cambodia_pop_075,naive_coi_paramset5,Cambodia,99,0.2,0.5,0.5,100,100,1.9000000000000001,1.17,-0.07
simulated_Cambodia_pop_075,naive_coi_paramset6,Cambodia,99,0.2,0.5,0.5,100,100,2.0615528128088303,1.05,-0.59
simulated_Cambodia_pop_076,naive_coi_paramset1,Cambodia,99,0.2,0.5,0.2,100,100,3.5312887166019125,1.87,-1.87
simulated_Cambodia_pop_076,naive_coi_paramset2,Cambodia,99,0.2,0.5,0.2,100,100,2.9631064780058134,1.4,-1.4
simulated_Cambodia_pop_076,naive_coi_paramset3,Cambodia,99,0.2,0.5,0.2,100,100,2.8195744359743378,1.29,-1.13
simulated_Cambodia_pop_076,naive_coi_paramset4,Cambodia,99,0.2,0.5,0.2,100,100,1.8947295321496411,1.15,-0.03
simulated_Cambodia_pop_076,naive_coi_paramset5,Cambodia,99,0.2,0.5,0.2,100,100,2.310844001658268,1.24,-0.42
simulated_Cambodia_pop_076,naive_coi_paramset6,Cambodia,99,0.2,0.5,0.2,100,100,2.7110883423451924,1.23,-1.07
simulated_Cambodia_pop_077,naive_coi_paramset1,Cambodia,9,0.7,0.25,0.5,100,100,0.4123105625617661,0.11,-0.11
simulated_Cambodia_pop_077,naive_coi_paramset2,Cambodia,9,0.7,0.25,0.5,100,100,0.264575131106459,0.05,-0.05
simulated_Cambodia_pop_077,naive_coi_paramset3,Cambodia,9,0.7,0.25,0.5,100,100,0.22360679774997916,0.05,0.01
simulated_Cambodia_pop_077,naive_coi_paramset4,Cambodia,9,0.7,0.25,0.5,100,100,0.7211102550927979,0.3,0.28
simulated_Cambodia_pop_077,naive_coi_paramset5,Cambodia,9,0.7,0.25,0.5,100,100,0.529150262212918,0.2,0.18
simulated_Cambodia_pop_077,naive_coi_paramset6,Cambodia,9,0.7,0.25,0.5,100,100,0.22360679774997894,0.05,0.01
simulated_Cambodia_pop_078,naive_coi_paramset1,Cambodia,9,0.7,0.25,0.2,100,100,0.24494897427831794,0.04,-0.04
simulated_Cambodia_pop_078,naive_coi_paramset2,Cambodia,9,0.7,0.25,0.2,100,100,0.1732050807568878,0.03,-0.03
simulated_Cambodia_pop_078,naive_coi_paramset3,Cambodia,9,0.7,0.25,0.2,100,100,0.30000000000000016,0.09,0.05
simulated_Cambodia_pop_078,naive_coi_paramset4,Cambodia,9,0.7,0.25,0.2,100,100,0.5,0.17,0.17
simulated_Cambodia_pop_078,naive_coi_paramset5,Cambodia,9,0.7,0.25,0.2,100,100,0.34641016151377535,0.1,0.1
simulated_Cambodia_pop_078,naive_coi_paramset6,Cambodia,9,0.7,0.25,0.2,100,100,0.2645751311064591,0.07,0.03
simulated_Cambodia_pop_079,naive_coi_paramset1,Cambodia,9,0.2,0.5,0.5,100,100,4.252058325093858,2.16,-2.16
simulated_Cambodia_pop_079,naive_coi_paramset2,Cambodia,9,0.2,0.5,0.5,100,100,3.847076812334272,1.86,-1.86
simulated_Cambodia_pop_079,naive_coi_paramset3,Cambodia,9,0.2,0.5,0.5,100,100,3.5,1.63,-1.53
simulated_Cambodia_pop_079,naive_coi_paramset4,Cambodia,9,0.2,0.5,0.5,100,100,2.9410882339705484,1.55,-0.83
simulated_Cambodia_pop_079,naive_coi_paramset5,Cambodia,9,0.2,0.5,0.5,100,100,3.1464265445104544,1.5,-1.16
simulated_Cambodia_pop_079,naive_coi_paramset6,Cambodia,9,0.2,0.5,0.5,100,100,3.485685011586675,1.59,-1.55
simulated_Cambodia_pop_080,naive_coi_paramset1,Cambodia,9,0.2,0.5,0.2,100,100,2.854820484724042,1.31,-1.31
simulated_Cambodia_pop_080,naive_coi_paramset2,Cambodia,9,0.2,0.5,0.2,100,100,2.5199206336708286,1.05,-1.05
simulated_Cambodia_pop_080,naive_coi_paramset3,Cambodia,9,0.2,0.5,0.2,100,100,2.23830292855994,0.85,-0.65
simulated_Cambodia_pop_080,naive_coi_paramset4,Cambodia,9,0.2,0.5,0.2,100,100,1.8681541692269403,0.95,-0.07
simulated_Cambodia_pop_080,naive_coi_paramset5,Cambodia,9,0.2,0.5,0.2,100,100,2.128379665379276,0.97,-0.35
simulated_Cambodia_pop_080,naive_coi_paramset6,Cambodia,9,0.2,0.5,0.2,100,100,2.2315913604421396,0.82,-0.68
simulated_Cambodia_pop_081,naive_coi_paramset1,Cambodia,2.33,0.7,0.25,0.5,100,100,0.24494897427831794,0.04,-0.04
simulated_Cambodia_pop_081,naive_coi_paramset2,Cambodia,2.33,0.7,0.25,0.5,100,100,0.1732050807568878,0.03,-0.03
simulated_Cambodia_pop_081,naive_coi_paramset3,Cambodia,2.33,0.7,0.25,0.5,100,100,0.22360679774997916,0.05,0.03
simulated_Cambodia_pop_081,naive_coi_paramset4,Cambodia,2.33,0.7,0.25,0.5,100,100,0.45825756949558405,0.17,0.17
simulated_Cambodia_pop_081,naive_coi_paramset5,Cambodia,2.33,0.7,0.25,0.5,100,100,0.3,0.09,0.09
simulated_Cambodia_pop_081,naive_coi_paramset6,Cambodia,2.33,0.7,0.25,0.5,100,100,0.14142135623730948,0.02,0
simulated_Cambodia_pop_082,naive_coi_paramset1,Cambodia,2.33,0.7,0.25,0.2,100,100,0.45825756949558344,0.13,-0.13
simulated_Cambodia_pop_082,naive_coi_paramset2,Cambodia,2.33,0.7,0.25,0.2,100,100,0.42426406871192873,0.12,-0.1
simulated_Cambodia_pop_082,naive_coi_paramset3,Cambodia,2.33,0.7,0.25,0.2,100,100,0.4123105625617661,0.15,0.07
simulated_Cambodia_pop_082,naive_coi_paramset4,Cambodia,2.33,0.7,0.25,0.2,100,100,0.812403840463596,0.38,0.36
simulated_Cambodia_pop_082,naive_coi_paramset5,Cambodia,2.33,0.7,0.25,0.2,100,100,0.7348469228349535,0.34,0.32
simulated_Cambodia_pop_082,naive_coi_paramset6,Cambodia,2.33,0.7,0.25,0.2,100,100,0.34641016151377535,0.1,0.02
simulated_Cambodia_pop_083,naive_coi_paramset1,Cambodia,2.33,0.2,0.5,0.5,100,100,3.7696153649941526,1.97,-1.97
simulated_Cambodia_pop_083,naive_coi_paramset2,Cambodia,2.33,0.2,0.5,0.5,100,100,3.5524639336663215,1.86,-1.86
simulated_Cambodia_pop_083,naive_coi_paramset3,Cambodia,2.33,0.2,0.5,0.5,100,100,3.3346664001066126,1.6,-1.6
simulated_Cambodia_pop_083,naive_coi_paramset4,Cambodia,2.33,0.2,0.5,0.5,100,100,2.989983277545211,1.34,-0.94
simulated_Cambodia_pop_083,naive_coi_paramset5,Cambodia,2.33,0.2,0.5,0.5,100,100,3.1080540535840107,1.44,-1.28
simulated_Cambodia_pop_083,naive_coi_paramset6,Cambodia,2.33,0.2,0.5,0.5,100,100,3.278719262151,1.59,-1.59
simulated_Cambodia_pop_084,naive_coi_paramset1,Cambodia,2.33,0.2,0.5,0.2,100,100,2.774887385102322,1.36,-1.36
simulated_Cambodia_pop_084,naive_coi_paramset2,Cambodia,2.33,0.2,0.5,0.2,100,100,2.439262183530095,1.17,-1.17
simulated_Cambodia_pop_084,naive_coi_paramset3,Cambodia,2.33,0.2,0.5,0.2,100,100,2.172556098240041,0.96,-0.92
simulated_Cambodia_pop_084,naive_coi_paramset4,Cambodia,2.33,0.2,0.5,0.2,100,100,2.142428528562854,1.17,-0.19
simulated_Cambodia_pop_084,naive_coi_paramset5,Cambodia,2.33,0.2,0.5,0.2,100,100,2.0396078054371145,0.94,-0.48
simulated_Cambodia_pop_084,naive_coi_paramset6,Cambodia,2.33,0.2,0.5,0.2,100,100,2.17025344142107,0.95,-0.95
simulated_Cambodia_pop_085,naive_coi_paramset1,Cambodia,99,0.7,0.25,0.5,100,100,0.30000000000000016,0.03,-0.03
simulated_Cambodia_pop_085,naive_coi_paramset2,Cambodia,99,0.7,0.25,0.5,100,100,0.19999999999999993,0.02,-0.02
simulated_Cambodia_pop_085,naive_coi_paramset3,Cambodia,99,0.7,0.25,0.5,100,100,0.33166247903554,0.09,0.07
simulated_Cambodia_pop_085,naive_coi_paramset4,Cambodia,99,0.7,0.25,0.5,100,100,0.8888194417315589,0.35,0.35
simulated_Cambodia_pop_085,naive_coi_paramset5,Cambodia,99,0.7,0.25,0.5,100,100,0.6244997998398398,0.23,0.21
simulated_Cambodia_pop_085,naive_coi_paramset6,Cambodia,99,0.7,0.25,0.5,100,100,0.264575131106459,0.07,0.05
simulated_Cambodia_pop_086,naive_coi_paramset1,Cambodia,99,0.7,0.25,0.2,100,100,0.5,0.13,-0.13
simulated_Cambodia_pop_086,naive_coi_paramset2,Cambodia,99,0.7,0.25,0.2,100,100,0.37416573867739406,0.1,-0.04
simulated_Cambodia_pop_086,naive_coi_paramset3,Cambodia,99,0.7,0.25,0.2,100,100,0.5477225575051657,0.22,0.16
simulated_Cambodia_pop_086,naive_coi_paramset4,Cambodia,99,0.7,0.25,0.2,100,100,0.9539392014169457,0.47,0.45
simulated_Cambodia_pop_086,naive_coi_paramset5,Cambodia,99,0.7,0.25,0.2,100,100,0.7874007874011814,0.38,0.36
simulated_Cambodia_pop_086,naive_coi_paramset6,Cambodia,99,0.7,0.25,0.2,100,100,0.41231056256176607,0.15,0.11
simulated_Cambodia_pop_087,naive_coi_paramset1,Cambodia,99,0.2,0.5,0.5,100,100,3.541186241925155,1.8,-1.8
simulated_Cambodia_pop_087,naive_coi_paramset2,Cambodia,99,0.2,0.5,0.5,100,100,3.0643106892089143,1.41,-1.41
simulated_Cambodia_pop_087,naive_coi_paramset3,Cambodia,99,0.2,0.5,0.5,100,100,2.9103264421710477,1.29,-1.05
simulated_Cambodia_pop_087,naive_coi_paramset4,Cambodia,99,0.2,0.5,0.5,100,100,2.0736441353327724,1.24,-0.02
simulated_Cambodia_pop_087,naive_coi_paramset5,Cambodia,99,0.2,0.5,0.5,100,100,2.5357444666211926,1.17,-0.51
simulated_Cambodia_pop_087,naive_coi_paramset6,Cambodia,99,0.2,0.5,0.5,100,100,2.7568097504180447,1.22,-1.04
simulated_Cambodia_pop_088,naive_coi_paramset1,Cambodia,99,0.2,0.5,0.2,100,100,2.643860813280456,1.27,-1.27
simulated_Cambodia_pop_088,naive_coi_paramset2,Cambodia,99,0.2,0.5,0.2,100,100,2.275961335348207,0.92,-0.92
simulated_Cambodia_pop_088,naive_coi_paramset3,Cambodia,99,0.2,0.5,0.2,100,100,2.111871208194288,0.98,-0.58
simulated_Cambodia_pop_088,naive_coi_paramset4,Cambodia,99,0.2,0.5,0.2,100,100,1.6822603841260726,1.07,0.45
simulated_Cambodia_pop_088,naive_coi_paramset5,Cambodia,99,0.2,0.5,0.2,100,100,1.7058722109231987,0.89,-0.13
simulated_Cambodia_pop_088,naive_coi_paramset6,Cambodia,99,0.2,0.5,0.2,100,100,2.002498439450078,0.93,-0.53
simulated_Cambodia_pop_089,naive_coi_paramset1,Cambodia,9,0.7,0.25,0.5,100,100,0.2645751311064589,0.05,-0.05
simulated_Cambodia_pop_089,naive_coi_paramset2,Cambodia,9,0.7,0.25,0.5,100,100,0.1732050807568878,0.03,-0.03
simulated_Cambodia_pop_089,naive_coi_paramset3,Cambodia,9,0.7,0.25,0.5,100,100,0.24494897427831794,0.06,0.06
simulated_Cambodia_pop_089,naive_coi_paramset4,Cambodia,9,0.7,0.25,0.5,100,100,0.6557438524302002,0.25,0.25
simulated_Cambodia_pop_089,naive_coi_paramset5,Cambodia,9,0.7,0.25,0.5,100,100,0.5385164807134505,0.17,0.17
simulated_Cambodia_pop_089,naive_coi_paramset6,Cambodia,9,0.7,0.25,0.5,100,100,0.19999999999999996,0.04,0.04
simulated_Cambodia_pop_090,naive_coi_paramset1,Cambodia,9,0.7,0.25,0.2,100,100,0.374165738677394,0.1,-0.1
simulated_Cambodia_pop_090,naive_coi_paramset2,Cambodia,9,0.7,0.25,0.2,100,100,0.26457513110645897,0.07,-0.07
simulated_Cambodia_pop_090,naive_coi_paramset3,Cambodia,9,0.7,0.25,0.2,100,100,0.30000000000000016,0.09,0.05
simulated_Cambodia_pop_090,naive_coi_paramset4,Cambodia,9,0.7,0.25,0.2,100,100,0.6708203932499368,0.31,0.31
simulated_Cambodia_pop_090,naive_coi_paramset5,Cambodia,9,0.7,0.25,0.2,100,100,0.4358898943540674,0.17,0.17
simulated_Cambodia_pop_090,naive_coi_paramset6,Cambodia,9,0.7,0.25,0.2,100,100,0.24494897427831774,0.06,0.02
simulated_Cambodia_pop_091,naive_coi_paramset1,Cambodia,9,0.2,0.5,0.5,100,100,2.4020824298928614,1.53,-1.53
simulated_Cambodia_pop_091,naive_coi_paramset2,Cambodia,9,0.2,0.5,0.5,100,100,1.98997487421324,1.12,-1.12
simulated_Cambodia_pop_091,naive_coi_paramset3,Cambodia,9,0.2,0.5,0.5,100,100,1.7492855684535897,1.06,-0.82
simulated_Cambodia_pop_091,naive_coi_paramset4,Cambodia,9,0.2,0.5,0.5,100,100,1.3266499161421599,0.9,0.1
simulated_Cambodia_pop_091,naive_coi_paramset5,Cambodia,9,0.2,0.5,0.5,100,100,1.5033296378372911,0.94,-0.36
simulated_Cambodia_pop_091,naive_coi_paramset6,Cambodia,9,0.2,0.5,0.5,100,100,1.6792855623746665,0.98,-0.82
simulated_Cambodia_pop_092,naive_coi_paramset1,Cambodia,9,0.2,0.5,0.2,100,100,2.1213203435596424,1.08,-1.08
simulated_Cambodia_pop_092,naive_coi_paramset2,Cambodia,9,0.2,0.5,0.2,100,100,1.7291616465790578,0.81,-0.81
simulated_Cambodia_pop_092,naive_coi_paramset3,Cambodia,9,0.2,0.5,0.2,100,100,1.5427248620541518,0.68,-0.44
simulated_Cambodia_pop_092,naive_coi_paramset4,Cambodia,9,0.2,0.5,0.2,100,100,1.5427248620541514,1.08,0.6
simulated_Cambodia_pop_092,naive_coi_paramset5,Cambodia,9,0.2,0.5,0.2,100,100,1.3601470508735443,0.73,0.05
simulated_Cambodia_pop_092,naive_coi_paramset6,Cambodia,9,0.2,0.5,0.2,100,100,1.4142135623730951,0.56,-0.46
simulated_Cambodia_pop_093,naive_coi_paramset1,Cambodia,2.33,0.7,0.25,0.5,100,100,0.31622776601683816,0.08,-0.08
simulated_Cambodia_pop_093,naive_coi_paramset2,Cambodia,2.33,0.7,0.25,0.5,100,100,0.26457513110645897,0.07,-0.07
simulated_Cambodia_pop_093,naive_coi_paramset3,Cambodia,2.33,0.7,0.25,0.5,100,100,0.2828427124746189,0.08,0.04
simulated_Cambodia_pop_093,naive_coi_paramset4,Cambodia,2.33,0.7,0.25,0.5,100,100,0.6082762530298219,0.23,0.23
simulated_Cambodia_pop_093,naive_coi_paramset5,Cambodia,2.33,0.7,0.25,0.5,100,100,0.4795831523312719,0.17,0.15
simulated_Cambodia_pop_093,naive_coi_paramset6,Cambodia,2.33,0.7,0.25,0.5,100,100,0.17320508075688767,0.03,-0.01
simulated_Cambodia_pop_094,naive_coi_paramset1,Cambodia,2.33,0.7,0.25,0.2,100,100,0.09999999999999996,0.01,-0.01
simulated_Cambodia_pop_094,naive_coi_paramset2,Cambodia,2.33,0.7,0.25,0.2,100,100,0.17320508075688779,0.03,0.01
simulated_Cambodia_pop_094,naive_coi_paramset3,Cambodia,2.33,0.7,0.25,0.2,100,100,0.24494897427831794,0.06,0.04
simulated_Cambodia_pop_094,naive_coi_paramset4,Cambodia,2.33,0.7,0.25,0.2,100,100,0.7280109889280517,0.29,0.29
simulated_Cambodia_pop_094,naive_coi_paramset5,Cambodia,2.33,0.7,0.25,0.2,100,100,0.44721359549995787,0.14,0.14
simulated_Cambodia_pop_094,naive_coi_paramset6,Cambodia,2.33,0.7,0.25,0.2,100,100,0.19999999999999996,0.04,0.02
simulated_Cambodia_pop_095,naive_coi_paramset1,Cambodia,2.33,0.2,0.5,0.5,100,100,3.7828560638755473,2.09,-2.09
simulated_Cambodia_pop_095,naive_coi_paramset2,Cambodia,2.33,0.2,0.5,0.5,100,100,3.348133808556641,1.77,-1.77
simulated_Cambodia_pop_095,naive_coi_paramset3,Cambodia,2.33,0.2,0.5,0.5,100,100,3.260368077380222,1.65,-1.57
simulated_Cambodia_pop_095,naive_coi_paramset4,Cambodia,2.33,0.2,0.5,0.5,100,100,2.754995462791182,1.37,-0.91
simulated_Cambodia_pop_095,naive_coi_paramset5,Cambodia,2.33,0.2,0.5,0.5,100,100,2.958039891549808,1.45,-1.23
simulated_Cambodia_pop_095,naive_coi_paramset6,Cambodia,2.33,0.2,0.5,0.5,100,100,3.2388269481403293,1.63,-1.59
simulated_Cambodia_pop_096,naive_coi_paramset1,Cambodia,2.33,0.2,0.5,0.2,100,100,3.4423828956116993,2.09,-2.09
simulated_Cambodia_pop_096,naive_coi_paramset2,Cambodia,2.33,0.2,0.5,0.2,100,100,3.4,1.96,-1.96
simulated_Cambodia_pop_096,naive_coi_paramset3,Cambodia,2.33,0.2,0.5,0.2,100,100,3.218695387886214,1.8,-1.8
simulated_Cambodia_pop_096,naive_coi_paramset4,Cambodia,2.33,0.2,0.5,0.2,100,100,2.8478061731796283,1.51,-1.43
simulated_Cambodia_pop_096,naive_coi_paramset5,Cambodia,2.33,0.2,0.5,0.2,100,100,3.0757112998459393,1.66,-1.66
simulated_Cambodia_pop_096,naive_coi_paramset6,Cambodia,2.33,0.2,0.5,0.2,100,100,3.2264531609803364,1.85,-1.85
simulated_Cambodia_pop_097,naive_coi_paramset1,Cambodia,99,0.7,0.25,0.5,100,100,0.39999999999999986,0.08,-0.08
simulated_Cambodia_pop_097,naive_coi_paramset2,Cambodia,99,0.7,0.25,0.5,100,100,0.2828427124746189,0.06,-0.06
simulated_Cambodia_pop_097,naive_coi_paramset3,Cambodia,99,0.7,0.25,0.5,100,100,0.3464101615137756,0.12,0.08
simulated_Cambodia_pop_097,naive_coi_paramset4,Cambodia,99,0.7,0.25,0.5,100,100,0.7999999999999999,0.34,0.34
simulated_Cambodia_pop_097,naive_coi_paramset5,Cambodia,99,0.7,0.25,0.5,100,100,0.6164414002968976,0.24,0.24
simulated_Cambodia_pop_097,naive_coi_paramset6,Cambodia,99,0.7,0.25,0.5,100,100,0.282842712474619,0.08,0.06
simulated_Cambodia_pop_098,naive_coi_paramset1,Cambodia,99,0.7,0.25,0.2,100,100,0.3000000000000001,0.07,-0.07
simulated_Cambodia_pop_098,naive_coi_paramset2,Cambodia,99,0.7,0.25,0.2,100,100,0.19999999999999993,0.04,-0.02
simulated_Cambodia_pop_098,naive_coi_paramset3,Cambodia,99,0.7,0.25,0.2,100,100,0.39999999999999986,0.12,0.12
simulated_Cambodia_pop_098,naive_coi_paramset4,Cambodia,99,0.7,0.25,0.2,100,100,0.9949874371066199,0.51,0.51
simulated_Cambodia_pop_098,naive_coi_paramset5,Cambodia,99,0.7,0.25,0.2,100,100,0.7483314773547881,0.34,0.34
simulated_Cambodia_pop_098,naive_coi_paramset6,Cambodia,99,0.7,0.25,0.2,100,100,0.282842712474619,0.08,0.08
simulated_Cambodia_pop_099,naive_coi_paramset1,Cambodia,99,0.2,0.5,0.5,100,100,3.114482300479486,1.44,-1.44
simulated_Cambodia_pop_099,naive_coi_paramset2,Cambodia,99,0.2,0.5,0.5,100,100,2.675817632051929,1.12,-1.12
simulated_Cambodia_pop_099,naive_coi_paramset3,Cambodia,99,0.2,0.5,0.5,100,100,2.418677324489563,1.11,-0.69
simulated_Cambodia_pop_099,naive_coi_paramset4,Cambodia,99,0.2,0.5,0.5,100,100,2.012461179749811,1.17,0.15
simulated_Cambodia_pop_099,naive_coi_paramset5,Cambodia,99,0.2,0.5,0.5,100,100,2.2449944320643644,1.12,-0.24
simulated_Cambodia_pop_099,naive_coi_paramset6,Cambodia,99,0.2,0.5,0.5,100,100,2.313006701244076,1.01,-0.71
simulated_Cambodia_pop_100,naive_coi_paramset1,Cambodia,99,0.2,0.5,0.2,100,100,3.349626844888842,1.78,-1.78
simulated_Cambodia_pop_100,naive_coi_paramset2,Cambodia,99,0.2,0.5,0.2,100,100,2.853068523537423,1.34,-1.34
simulated_Cambodia_pop_100,naive_coi_paramset3,Cambodia,99,0.2,0.5,0.2,100,100,2.590366769397726,1.17,-0.87
simulated_Cambodia_pop_100,naive_coi_paramset4,Cambodia,99,0.2,0.5,0.2,100,100,1.8055470085267784,1.12,0.18
simulated_Cambodia_pop_100,naive_coi_paramset5,Cambodia,99,0.2,0.5,0.2,100,100,2.2583179581272437,1.16,-0.38
simulated_Cambodia_pop_100,naive_coi_paramset6,Cambodia,99,0.2,0.5,0.2,100,100,2.477902338672775,1.08,-0.86
simulated_Cambodia_pop_101,naive_coi_paramset1,Cambodia,9,0.7,0.25,0.5,100,100,0.19999999999999996,0.04,-0.04
simulated_Cambodia_pop_101,naive_coi_paramset2,Cambodia,9,0.7,0.25,0.5,100,100,0.14142135623730945,0.02,0
simulated_Cambodia_pop_101,naive_coi_paramset3,Cambodia,9,0.7,0.25,0.5,100,100,0.2828427124746189,0.08,0.06
simulated_Cambodia_pop_101,naive_coi_paramset4,Cambodia,9,0.7,0.25,0.5,100,100,0.7681145747868608,0.35,0.33
simulated_Cambodia_pop_101,naive_coi_paramset5,Cambodia,9,0.7,0.25,0.5,100,100,0.5099019513592786,0.2,0.18
simulated_Cambodia_pop_101,naive_coi_paramset6,Cambodia,9,0.7,0.25,0.5,100,100,0.28284271247461895,0.08,0.06
simulated_Cambodia_pop_102,naive_coi_paramset1,Cambodia,9,0.7,0.25,0.2,100,100,0.39999999999999986,0.1,-0.1
simulated_Cambodia_pop_102,naive_coi_paramset2,Cambodia,9,0.7,0.25,0.2,100,100,0.30000000000000016,0.07,-0.07
simulated_Cambodia_pop_102,naive_coi_paramset3,Cambodia,9,0.7,0.25,0.2,100,100,0.3316624790355399,0.11,0.05
simulated_Cambodia_pop_102,naive_coi_paramset4,Cambodia,9,0.7,0.25,0.2,100,100,0.6708203932499368,0.29,0.29
simulated_Cambodia_pop_102,naive_coi_paramset5,Cambodia,9,0.7,0.25,0.2,100,100,0.45825756949558405,0.17,0.17
simulated_Cambodia_pop_102,naive_coi_paramset6,Cambodia,9,0.7,0.25,0.2,100,100,0.24494897427831774,0.06,0
simulated_Cambodia_pop_103,naive_coi_paramset1,Cambodia,9,0.2,0.5,0.5,100,100,3.184336665618133,1.52,-1.52
simulated_Cambodia_pop_103,naive_coi_paramset2,Cambodia,9,0.2,0.5,0.5,100,100,3.083828789021856,1.31,-1.29
simulated_Cambodia_pop_103,naive_coi_paramset3,Cambodia,9,0.2,0.5,0.5,100,100,2.801785145224378,1.23,-1.01
simulated_Cambodia_pop_103,naive_coi_paramset4,Cambodia,9,0.2,0.5,0.5,100,100,1.7204650534085253,0.9,-0.08
simulated_Cambodia_pop_103,naive_coi_paramset5,Cambodia,9,0.2,0.5,0.5,100,100,2.3853720883753127,1.09,-0.55
simulated_Cambodia_pop_103,naive_coi_paramset6,Cambodia,9,0.2,0.5,0.5,100,100,2.7477263328068173,1.15,-1.01
simulated_Cambodia_pop_104,naive_coi_paramset1,Cambodia,9,0.2,0.5,0.2,100,100,3.24037034920393,1.72,-1.72
simulated_Cambodia_pop_104,naive_coi_paramset2,Cambodia,9,0.2,0.5,0.2,100,100,2.8390139133156778,1.4,-1.4
simulated_Cambodia_pop_104,naive_coi_paramset3,Cambodia,9,0.2,0.5,0.2,100,100,2.503996805109784,1.19,-1.03
simulated_Cambodia_pop_104,naive_coi_paramset4,Cambodia,9,0.2,0.5,0.2,100,100,2.158703314492291,1.18,-0.22
simulated_Cambodia_pop_104,naive_coi_paramset5,Cambodia,9,0.2,0.5,0.2,100,100,2.2248595461286986,1.11,-0.55
simulated_Cambodia_pop_104,naive_coi_paramset6,Cambodia,9,0.2,0.5,0.2,100,100,2.481934729198172,1.12,-1.06
simulated_Cambodia_pop_105,naive_coi_paramset1,Cambodia,2.33,0.7,0.25,0.5,100,100,0.4123105625617661,0.09,-0.09
simulated_Cambodia_pop_105,naive_coi_paramset2,Cambodia,2.33,0.7,0.25,0.5,100,100,0.4123105625617661,0.09,-0.09
simulated_Cambodia_pop_105,naive_coi_paramset3,Cambodia,2.33,0.7,0.25,0.5,100,100,0.4123105625617661,0.09,-0.07
simulated_Cambodia_pop_105,naive_coi_paramset4,Cambodia,2.33,0.7,0.25,0.5,100,100,0.3999999999999999,0.14,0.08
simulated_Cambodia_pop_105,naive_coi_paramset5,Cambodia,2.33,0.7,0.25,0.5,100,100,0.34641016151377535,0.1,0
simulated_Cambodia_pop_105,naive_coi_paramset6,Cambodia,2.33,0.7,0.25,0.5,100,100,0.3999999999999999,0.08,-0.08
simulated_Cambodia_pop_106,naive_coi_paramset1,Cambodia,2.33,0.7,0.25,0.2,100,100,0.14142135623730948,0.02,-0.02
simulated_Cambodia_pop_106,naive_coi_paramset2,Cambodia,2.33,0.7,0.25,0.2,100,100,0.09999999999999996,0.01,-0.01
simulated_Cambodia_pop_106,naive_coi_paramset3,Cambodia,2.33,0.7,0.25,0.2,100,100,0,0,0
simulated_Cambodia_pop_106,naive_coi_paramset4,Cambodia,2.33,0.7,0.25,0.2,100,100,0.4242640687119285,0.16,0.16
simulated_Cambodia_pop_106,naive_coi_paramset5,Cambodia,2.33,0.7,0.25,0.2,100,100,0.3,0.09,0.09
simulated_Cambodia_pop_106,naive_coi_paramset6,Cambodia,2.33,0.7,0.25,0.2,100,100,0.09999999999999998,0.01,-0.01
simulated_Cambodia_pop_107,naive_coi_paramset1,Cambodia,2.33,0.2,0.5,0.5,100,100,3.814446224552133,1.75,-1.75
simulated_Cambodia_pop_107,naive_coi_paramset2,Cambodia,2.33,0.2,0.5,0.5,100,100,3.6193922141707695,1.5,-1.5
simulated_Cambodia_pop_107,naive_coi_paramset3,Cambodia,2.33,0.2,0.5,0.5,100,100,3.521363372331804,1.46,-1.24
simulated_Cambodia_pop_107,naive_coi_paramset4,Cambodia,2.33,0.2,0.5,0.5,100,100,3.0133038346638723,1.34,-0.64
simulated_Cambodia_pop_107,naive_coi_paramset5,Cambodia,2.33,0.2,0.5,0.5,100,100,3.203123475609394,1.34,-0.94
simulated_Cambodia_pop_107,naive_coi_paramset6,Cambodia,2.33,0.2,0.5,0.5,100,100,3.5213633723318023,1.44,-1.28
simulated_Cambodia_pop_108,naive_coi_paramset1,Cambodia,2.33,0.2,0.5,0.2,100,100,2.9206163733020465,1.49,-1.49
simulated_Cambodia_pop_108,naive_coi_paramset2,Cambodia,2.33,0.2,0.5,0.2,100,100,2.6514147167125732,1.37,-1.37
simulated_Cambodia_pop_108,naive_coi_paramset3,Cambodia,2.33,0.2,0.5,0.2,100,100,2.5119713374160937,1.17,-1.15
simulated_Cambodia_pop_108,naive_coi_paramset4,Cambodia,2.33,0.2,0.5,0.2,100,100,2.2293496809607953,1.11,-0.63
simulated_Cambodia_pop_108,naive_coi_paramset5,Cambodia,2.33,0.2,0.5,0.2,100,100,2.2781571499789037,1.05,-0.87
simulated_Cambodia_pop_108,naive_coi_paramset6,Cambodia,2.33,0.2,0.5,0.2,100,100,2.5278449319529077,1.21,-1.21
simulated_Cambodia_pop_109,naive_coi_paramset1,Cambodia,99,0.7,0.25,0.5,100,100,0.5830951894845302,0.14,-0.14
simulated_Cambodia_pop_109,naive_coi_paramset2,Cambodia,99,0.7,0.25,0.5,100,100,0.39999999999999986,0.08,-0.08
simulated_Cambodia_pop_109,naive_coi_paramset3,Cambodia,99,0.7,0.25,0.5,100,100,0.47958315233127163,0.17,0.11
simulated_Cambodia_pop_109,naive_coi_paramset4,Cambodia,99,0.7,0.25,0.5,100,100,0.8185352771872451,0.37,0.37
simulated_Cambodia_pop_109,naive_coi_paramset5,Cambodia,99,0.7,0.25,0.5,100,100,0.7348469228349535,0.32,0.3
simulated_Cambodia_pop_109,naive_coi_paramset6,Cambodia,99,0.7,0.25,0.5,100,100,0.360555127546399,0.11,0.07
simulated_Cambodia_pop_110,naive_coi_paramset1,Cambodia,99,0.7,0.25,0.2,100,100,0.26457513110645897,0.07,-0.07
simulated_Cambodia_pop_110,naive_coi_paramset2,Cambodia,99,0.7,0.25,0.2,100,100,0.19999999999999993,0.04,0.02
simulated_Cambodia_pop_110,naive_coi_paramset3,Cambodia,99,0.7,0.25,0.2,100,100,0.38729833462074137,0.13,0.13
simulated_Cambodia_pop_110,naive_coi_paramset4,Cambodia,99,0.7,0.25,0.2,100,100,0.8185352771872451,0.33,0.33
simulated_Cambodia_pop_110,naive_coi_paramset5,Cambodia,99,0.7,0.25,0.2,100,100,0.6403124237432848,0.25,0.25
simulated_Cambodia_pop_110,naive_coi_paramset6,Cambodia,99,0.7,0.25,0.2,100,100,0.360555127546399,0.11,0.11
simulated_Cambodia_pop_111,naive_coi_paramset1,Cambodia,99,0.2,0.5,0.5,100,100,2.513961017995308,1.36,-1.36
simulated_Cambodia_pop_111,naive_coi_paramset2,Cambodia,99,0.2,0.5,0.5,100,100,2.147091055358387,1.05,-1.05
simulated_Cambodia_pop_111,naive_coi_paramset3,Cambodia,99,0.2,0.5,0.5,100,100,1.7776388834631185,0.86,-0.6
simulated_Cambodia_pop_111,naive_coi_paramset4,Cambodia,99,0.2,0.5,0.5,100,100,1.3711309200802089,0.9,0.2
simulated_Cambodia_pop_111,naive_coi_paramset5,Cambodia,99,0.2,0.5,0.5,100,100,1.5132745950421558,0.85,-0.21
simulated_Cambodia_pop_111,naive_coi_paramset6,Cambodia,99,0.2,0.5,0.5,100,100,1.711724276862369,0.77,-0.63
simulated_Cambodia_pop_112,naive_coi_paramset1,Cambodia,99,0.2,0.5,0.2,100,100,3.2802438933713463,1.42,-1.42
simulated_Cambodia_pop_112,naive_coi_paramset2,Cambodia,99,0.2,0.5,0.2,100,100,2.861817604250834,1.07,-1.07
simulated_Cambodia_pop_112,naive_coi_paramset3,Cambodia,99,0.2,0.5,0.2,100,100,2.657066051117284,1.08,-0.62
simulated_Cambodia_pop_112,naive_coi_paramset4,Cambodia,99,0.2,0.5,0.2,100,100,2.1725560982400434,1.08,0.26
simulated_Cambodia_pop_112,naive_coi_paramset5,Cambodia,99,0.2,0.5,0.2,100,100,2.3558437978779496,1.05,-0.19
simulated_Cambodia_pop_112,naive_coi_paramset6,Cambodia,99,0.2,0.5,0.2,100,100,2.4959967948697366,0.99,-0.63
simulated_Cambodia_pop_113,naive_coi_paramset1,Cambodia,9,0.7,0.25,0.5,100,100,0.30000000000000016,0.03,-0.03
simulated_Cambodia_pop_113,naive_coi_paramset2,Cambodia,9,0.7,0.25,0.5,100,100,0.244948974278318,0.04,0
simulated_Cambodia_pop_113,naive_coi_paramset3,Cambodia,9,0.7,0.25,0.5,100,100,0.39999999999999986,0.16,0.14
simulated_Cambodia_pop_113,naive_coi_paramset4,Cambodia,9,0.7,0.25,0.5,100,100,0.938083151964686,0.44,0.44
simulated_Cambodia_pop_113,naive_coi_paramset5,Cambodia,9,0.7,0.25,0.5,100,100,0.6928203230275508,0.3,0.3
simulated_Cambodia_pop_113,naive_coi_paramset6,Cambodia,9,0.7,0.25,0.5,100,100,0.37416573867739406,0.14,0.12
simulated_Cambodia_pop_114,naive_coi_paramset1,Cambodia,9,0.7,0.25,0.2,100,100,0.26457513110645897,0.05,-0.05
simulated_Cambodia_pop_114,naive_coi_paramset2,Cambodia,9,0.7,0.25,0.2,100,100,0.14142135623730945,0.02,-0.02
simulated_Cambodia_pop_114,naive_coi_paramset3,Cambodia,9,0.7,0.25,0.2,100,100,0.19999999999999993,0.04,0.04
simulated_Cambodia_pop_114,naive_coi_paramset4,Cambodia,9,0.7,0.25,0.2,100,100,0.5385164807134504,0.21,0.21
simulated_Cambodia_pop_114,naive_coi_paramset5,Cambodia,9,0.7,0.25,0.2,100,100,0.37416573867739406,0.12,0.12
simulated_Cambodia_pop_114,naive_coi_paramset6,Cambodia,9,0.7,0.25,0.2,100,100,0.09999999999999996,0.01,0.01
simulated_Cambodia_pop_115,naive_coi_paramset1,Cambodia,9,0.2,0.5,0.5,100,100,3.286335345030995,1.74,-1.74
simulated_Cambodia_pop_115,naive_coi_paramset2,Cambodia,9,0.2,0.5,0.5,100,100,2.9899832775452104,1.4,-1.4
simulated_Cambodia_pop_115,naive_coi_paramset3,Cambodia,9,0.2,0.5,0.5,100,100,2.7258026340878008,1.23,-1.11
simulated_Cambodia_pop_115,naive_coi_paramset4,Cambodia,9,0.2,0.5,0.5,100,100,2.1863211109075444,1.12,-0.2
simulated_Cambodia_pop_115,naive_coi_paramset5,Cambodia,9,0.2,0.5,0.5,100,100,2.3558437978779496,1.11,-0.63
simulated_Cambodia_pop_115,naive_coi_paramset6,Cambodia,9,0.2,0.5,0.5,100,100,2.660826939130014,1.2,-1.1
simulated_Cambodia_pop_116,naive_coi_paramset1,Cambodia,9,0.2,0.5,0.2,100,100,2.6832815729997486,1.36,-1.36
simulated_Cambodia_pop_116,naive_coi_paramset2,Cambodia,9,0.2,0.5,0.2,100,100,2.3237900077244507,1.06,-1.06
simulated_Cambodia_pop_116,naive_coi_paramset3,Cambodia,9,0.2,0.5,0.2,100,100,2.0736441353327706,0.94,-0.7
simulated_Cambodia_pop_116,naive_coi_paramset4,Cambodia,9,0.2,0.5,0.2,100,100,1.9235384061671341,1.12,0
simulated_Cambodia_pop_116,naive_coi_paramset5,Cambodia,9,0.2,0.5,0.2,100,100,1.9390719429665315,1,-0.34
simulated_Cambodia_pop_116,naive_coi_paramset6,Cambodia,9,0.2,0.5,0.2,100,100,2.044504830026087,0.9,-0.74
simulated_Cambodia_pop_117,naive_coi_paramset1,Cambodia,2.33,0.7,0.25,0.5,100,100,0.374165738677394,0.08,-0.08
simulated_Cambodia_pop_117,naive_coi_paramset2,Cambodia,2.33,0.7,0.25,0.5,100,100,0.3605551275463988,0.07,-0.07
simulated_Cambodia_pop_117,naive_coi_paramset3,Cambodia,2.33,0.7,0.25,0.5,100,100,0.3605551275463987,0.07,-0.05
simulated_Cambodia_pop_117,naive_coi_paramset4,Cambodia,2.33,0.7,0.25,0.5,100,100,0.4898979485566355,0.22,0.2
simulated_Cambodia_pop_117,naive_coi_paramset5,Cambodia,2.33,0.7,0.25,0.5,100,100,0.3872983346207415,0.13,0.05
simulated_Cambodia_pop_117,naive_coi_paramset6,Cambodia,2.33,0.7,0.25,0.5,100,100,0.37416573867739417,0.08,-0.06
simulated_Cambodia_pop_118,naive_coi_paramset1,Cambodia,2.33,0.7,0.25,0.2,100,100,0.38729833462074137,0.07,-0.07
simulated_Cambodia_pop_118,naive_coi_paramset2,Cambodia,2.33,0.7,0.25,0.2,100,100,0.244948974278318,0.04,-0.04
simulated_Cambodia_pop_118,naive_coi_paramset3,Cambodia,2.33,0.7,0.25,0.2,100,100,0.3162277660168382,0.08,0.02
simulated_Cambodia_pop_118,naive_coi_paramset4,Cambodia,2.33,0.7,0.25,0.2,100,100,0.5385164807134504,0.21,0.19
simulated_Cambodia_pop_118,naive_coi_paramset5,Cambodia,2.33,0.7,0.25,0.2,100,100,0.36055512754639896,0.13,0.11
simulated_Cambodia_pop_118,naive_coi_paramset6,Cambodia,2.33,0.7,0.25,0.2,100,100,0.22360679774997894,0.03,-0.03
simulated_Cambodia_pop_119,naive_coi_paramset1,Cambodia,2.33,0.2,0.5,0.5,100,100,3.4785054261852153,1.76,-1.76
simulated_Cambodia_pop_119,naive_coi_paramset2,Cambodia,2.33,0.2,0.5,0.5,100,100,3.0903074280724896,1.49,-1.49
simulated_Cambodia_pop_119,naive_coi_paramset3,Cambodia,2.33,0.2,0.5,0.5,100,100,2.9189039038652864,1.34,-1.34
simulated_Cambodia_pop_119,naive_coi_paramset4,Cambodia,2.33,0.2,0.5,0.5,100,100,2.6438608132804564,1.21,-0.65
simulated_Cambodia_pop_119,naive_coi_paramset5,Cambodia,2.33,0.2,0.5,0.5,100,100,2.690724809414742,1.14,-0.92
simulated_Cambodia_pop_119,naive_coi_paramset6,Cambodia,2.33,0.2,0.5,0.5,100,100,2.8600699292150176,1.32,-1.32
simulated_Cambodia_pop_120,naive_coi_paramset1,Cambodia,2.33,0.2,0.5,0.2,100,100,2.683281572999749,1.34,-1.34
simulated_Cambodia_pop_120,naive_coi_paramset2,Cambodia,2.33,0.2,0.5,0.2,100,100,2.4392621835300954,1.21,-1.21
simulated_Cambodia_pop_120,naive_coi_paramset3,Cambodia,2.33,0.2,0.5,0.2,100,100,2.1886068628239292,0.95,-0.89
simulated_Cambodia_pop_120,naive_coi_paramset4,Cambodia,2.33,0.2,0.5,0.2,100,100,1.9287301521985911,0.94,-0.24
simulated_Cambodia_pop_120,naive_coi_paramset5,Cambodia,2.33,0.2,0.5,0.2,100,100,1.9672315572906003,0.85,-0.53
simulated_Cambodia_pop_120,naive_coi_paramset6,Cambodia,2.33,0.2,0.5,0.2,100,100,2.188606862823929,0.95,-0.95
simulated_Ghana_pop_001,naive_coi_paramset1,Ghana,99,0.7,0.25,0.5,100,100,0.14142135623730945,0.02,-0.02
simulated_Ghana_pop_001,naive_coi_paramset2,Ghana,99,0.7,0.25,0.5,100,100,0.2828427124746189,0.08,0.08
simulated_Ghana_pop_001,naive_coi_paramset3,Ghana,99,0.7,0.25,0.5,100,100,0.5744562646538035,0.23,0.23
simulated_Ghana_pop_001,naive_coi_paramset4,Ghana,99,0.7,0.25,0.5,100,100,0.9055385138137416,0.44,0.44
simulated_Ghana_pop_001,naive_coi_paramset5,Ghana,99,0.7,0.25,0.5,100,100,0.7681145747868608,0.33,0.33
simulated_Ghana_pop_001,naive_coi_paramset6,Ghana,99,0.7,0.25,0.5,100,100,0.45825756949558405,0.19,0.19
simulated_Ghana_pop_002,naive_coi_paramset1,Ghana,99,0.7,0.25,0.2,100,100,0.1732050807568878,0.03,-0.03
simulated_Ghana_pop_002,naive_coi_paramset2,Ghana,99,0.7,0.25,0.2,100,100,0.2645751311064589,0.07,0.07
simulated_Ghana_pop_002,naive_coi_paramset3,Ghana,99,0.7,0.25,0.2,100,100,0.6928203230275513,0.28,0.28
simulated_Ghana_pop_002,naive_coi_paramset4,Ghana,99,0.7,0.25,0.2,100,100,1.0677078252031311,0.46,0.46
simulated_Ghana_pop_002,naive_coi_paramset5,Ghana,99,0.7,0.25,0.2,100,100,0.812403840463596,0.34,0.34
simulated_Ghana_pop_002,naive_coi_paramset6,Ghana,99,0.7,0.25,0.2,100,100,0.6480740698407861,0.26,0.26
simulated_Ghana_pop_003,naive_coi_paramset1,Ghana,99,0.2,0.5,0.5,100,100,3.383784863137724,1.57,-1.57
simulated_Ghana_pop_003,naive_coi_paramset2,Ghana,99,0.2,0.5,0.5,100,100,2.9597297173897497,1.2,-0.86
simulated_Ghana_pop_003,naive_coi_paramset3,Ghana,99,0.2,0.5,0.5,100,100,2.7622454633866274,1.35,-0.47
simulated_Ghana_pop_003,naive_coi_paramset4,Ghana,99,0.2,0.5,0.5,100,100,2.513961017995308,1.76,1.5
simulated_Ghana_pop_003,naive_coi_paramset5,Ghana,99,0.2,0.5,0.5,100,100,2.16794833886788,1.36,0.42
simulated_Ghana_pop_003,naive_coi_paramset6,Ghana,99,0.2,0.5,0.5,100,100,2.5670995305986866,1.23,-0.41
simulated_Ghana_pop_004,naive_coi_paramset1,Ghana,99,0.2,0.5,0.2,100,100,2.5436194683953786,1.17,-1.17
simulated_Ghana_pop_004,naive_coi_paramset2,Ghana,99,0.2,0.5,0.2,100,100,2.1307275752662513,0.94,-0.7
simulated_Ghana_pop_004,naive_coi_paramset3,Ghana,99,0.2,0.5,0.2,100,100,2.1047565179849177,1.11,-0.41
simulated_Ghana_pop_004,naive_coi_paramset4,Ghana,99,0.2,0.5,0.2,100,100,1.6401219466856725,1.09,0.83
simulated_Ghana_pop_004,naive_coi_paramset5,Ghana,99,0.2,0.5,0.2,100,100,1.5937377450509227,0.98,0.24
simulated_Ghana_pop_004,naive_coi_paramset6,Ghana,99,0.2,0.5,0.2,100,100,1.7916472867168916,0.97,-0.33
simulated_Ghana_pop_005,naive_coi_paramset1,Ghana,9,0.7,0.25,0.5,100,100,0.4123105625617661,0.11,-0.11
simulated_Ghana_pop_005,naive_coi_paramset2,Ghana,9,0.7,0.25,0.5,100,100,0.2449489742783179,0.06,0.02
simulated_Ghana_pop_005,naive_coi_paramset3,Ghana,9,0.7,0.25,0.5,100,100,0.5477225575051657,0.22,0.2
simulated_Ghana_pop_005,naive_coi_paramset4,Ghana,9,0.7,0.25,0.5,100,100,0.9695359714832659,0.46,0.46
simulated_Ghana_pop_005,naive_coi_paramset5,Ghana,9,0.7,0.25,0.5,100,100,0.7280109889280517,0.31,0.31
simulated_Ghana_pop_005,naive_coi_paramset6,Ghana,9,0.7,0.25,0.5,100,100,0.4690415759823429,0.18,0.16
simulated_Ghana_pop_006,naive_coi_paramset1,Ghana,9,0.7,0.25,0.2,100,100,0.33166247903553986,0.07,-0.07
simulated_Ghana_pop_006,naive_coi_paramset2,Ghana,9,0.7,0.25,0.2,100,100,0.2645751311064589,0.07,0.03
simulated_Ghana_pop_006,naive_coi_paramset3,Ghana,9,0.7,0.25,0.2,100,100,0.4898979485566357,0.22,0.18
simulated_Ghana_pop_006,naive_coi_paramset4,Ghana,9,0.7,0.25,0.2,100,100,0.7874007874011811,0.36,0.36
simulated_Ghana_pop_006,naive_coi_paramset5,Ghana,9,0.7,0.25,0.2,100,100,0.6324555320336759,0.26,0.26
simulated_Ghana_pop_006,naive_coi_paramset6,Ghana,9,0.7,0.25,0.2,100,100,0.39999999999999997,0.16,0.12
simulated_Ghana_pop_007,naive_coi_paramset1,Ghana,9,0.2,0.5,0.5,100,100,2.7622454633866274,1.55,-1.55
simulated_Ghana_pop_007,naive_coi_paramset2,Ghana,9,0.2,0.5,0.5,100,100,2.1610182784974312,0.99,-0.91
simulated_Ghana_pop_007,naive_coi_paramset3,Ghana,9,0.2,0.5,0.5,100,100,1.8330302779823342,1,-0.4
simulated_Ghana_pop_007,naive_coi_paramset4,Ghana,9,0.2,0.5,0.5,100,100,1.7320508075688772,1.24,0.82
simulated_Ghana_pop_007,naive_coi_paramset5,Ghana,9,0.2,0.5,0.5,100,100,1.4866068747318504,0.99,0.39
simulated_Ghana_pop_007,naive_coi_paramset6,Ghana,9,0.2,0.5,0.5,100,100,1.7378147196982765,0.9,-0.32
simulated_Ghana_pop_008,naive_coi_paramset1,Ghana,9,0.2,0.5,0.2,100,100,3.008321791298264,1.55,-1.55
simulated_Ghana_pop_008,naive_coi_paramset2,Ghana,9,0.2,0.5,0.2,100,100,2.5317977802344305,1.13,-1.09
simulated_Ghana_pop_008,naive_coi_paramset3,Ghana,9,0.2,0.5,0.2,100,100,2.402082429892863,1.03,-0.63
simulated_Ghana_pop_008,naive_coi_paramset4,Ghana,9,0.2,0.5,0.2,100,100,1.805547008526779,1.06,0.3
simulated_Ghana_pop_008,naive_coi_paramset5,Ghana,9,0.2,0.5,0.2,100,100,1.9000000000000001,1.01,-0.09
simulated_Ghana_pop_008,naive_coi_paramset6,Ghana,9,0.2,0.5,0.2,100,100,2.220360331117451,0.93,-0.63
simulated_Ghana_pop_009,naive_coi_paramset1,Ghana,2.33,0.7,0.25,0.5,100,100,0.3162277660168381,0.06,-0.06
simulated_Ghana_pop_009,naive_coi_paramset2,Ghana,2.33,0.7,0.25,0.5,100,100,0.22360679774997916,0.05,-0.03
simulated_Ghana_pop_009,naive_coi_paramset3,Ghana,2.33,0.7,0.25,0.5,100,100,0.374165738677394,0.14,0.12
simulated_Ghana_pop_009,naive_coi_paramset4,Ghana,2.33,0.7,0.25,0.5,100,100,0.721110255092798,0.32,0.32
simulated_Ghana_pop_009,naive_coi_paramset5,Ghana,2.33,0.7,0.25,0.5,100,100,0.5567764362830022,0.23,0.23
simulated_Ghana_pop_009,naive_coi_paramset6,Ghana,2.33,0.7,0.25,0.5,100,100,0.33166247903553997,0.11,0.07
simulated_Ghana_pop_010,naive_coi_paramset1,Ghana,2.33,0.7,0.25,0.2,100,100,0.09999999999999996,0.01,-0.01
simulated_Ghana_pop_010,naive_coi_paramset2,Ghana,2.33,0.7,0.25,0.2,100,100,0,0,0
simulated_Ghana_pop_010,naive_coi_paramset3,Ghana,2.33,0.7,0.25,0.2,100,100,0.36055512754639873,0.13,0.13
simulated_Ghana_pop_010,naive_coi_paramset4,Ghana,2.33,0.7,0.25,0.2,100,100,0.7615773105863908,0.34,0.34
simulated_Ghana_pop_010,naive_coi_paramset5,Ghana,2.33,0.7,0.25,0.2,100,100,0.6244997998398398,0.27,0.27
simulated_Ghana_pop_010,naive_coi_paramset6,Ghana,2.33,0.7,0.25,0.2,100,100,0.282842712474619,0.08,0.08
simulated_Ghana_pop_011,naive_coi_paramset1,Ghana,2.33,0.2,0.5,0.5,100,100,3.0413812651491097,1.49,-1.49
simulated_Ghana_pop_011,naive_coi_paramset2,Ghana,2.33,0.2,0.5,0.5,100,100,2.638181191654586,1.2,-1.2
simulated_Ghana_pop_011,naive_coi_paramset3,Ghana,2.33,0.2,0.5,0.5,100,100,2.395829710142187,1.06,-0.84
simulated_Ghana_pop_011,naive_coi_paramset4,Ghana,2.33,0.2,0.5,0.5,100,100,1.7691806012954132,1.07,0.23
simulated_Ghana_pop_011,naive_coi_paramset5,Ghana,2.33,0.2,0.5,0.5,100,100,2.0542638584174138,1.02,-0.38
simulated_Ghana_pop_011,naive_coi_paramset6,Ghana,2.33,0.2,0.5,0.5,100,100,2.402082429892863,1.01,-0.93
simulated_Ghana_pop_012,naive_coi_paramset1,Ghana,2.33,0.2,0.5,0.2,100,100,2.465765601187591,1.42,-1.42
simulated_Ghana_pop_012,naive_coi_paramset2,Ghana,2.33,0.2,0.5,0.2,100,100,2.0420577856662154,1.07,-0.91
simulated_Ghana_pop_012,naive_coi_paramset3,Ghana,2.33,0.2,0.5,0.2,100,100,1.9209372712298551,1.09,-0.49
simulated_Ghana_pop_012,naive_coi_paramset4,Ghana,2.33,0.2,0.5,0.2,100,100,1.6733200530681511,1.22,0.56
simulated_Ghana_pop_012,naive_coi_paramset5,Ghana,2.33,0.2,0.5,0.2,100,100,1.5968719422671311,1.05,0.11
simulated_Ghana_pop_012,naive_coi_paramset6,Ghana,2.33,0.2,0.5,0.2,100,100,1.8138357147217055,1.03,-0.49
simulated_Ghana_pop_013,naive_coi_paramset1,Ghana,99,0.7,0.25,0.5,100,100,0.19999999999999993,0.04,-0.04
simulated_Ghana_pop_013,naive_coi_paramset2,Ghana,99,0.7,0.25,0.5,100,100,0.39999999999999986,0.14,0.14
simulated_Ghana_pop_013,naive_coi_paramset3,Ghana,99,0.7,0.25,0.5,100,100,0.7000000000000001,0.31,0.31
simulated_Ghana_pop_013,naive_coi_paramset4,Ghana,99,0.7,0.25,0.5,100,100,1.1661903789690602,0.58,0.58
simulated_Ghana_pop_013,naive_coi_paramset5,Ghana,99,0.7,0.25,0.5,100,100,0.8602325267042626,0.4,0.4
simulated_Ghana_pop_013,naive_coi_paramset6,Ghana,99,0.7,0.25,0.5,100,100,0.6782329983125268,0.3,0.3
simulated_Ghana_pop_014,naive_coi_paramset1,Ghana,99,0.7,0.25,0.2,100,100,0.26457513110645897,0.07,-0.07
simulated_Ghana_pop_014,naive_coi_paramset2,Ghana,99,0.7,0.25,0.2,100,100,0.24494897427831794,0.06,0.06
simulated_Ghana_pop_014,naive_coi_paramset3,Ghana,99,0.7,0.25,0.2,100,100,0.4472135954999583,0.16,0.16
simulated_Ghana_pop_014,naive_coi_paramset4,Ghana,99,0.7,0.25,0.2,100,100,0.7745966692414834,0.3,0.3
simulated_Ghana_pop_014,naive_coi_paramset5,Ghana,99,0.7,0.25,0.2,100,100,0.6324555320336757,0.24,0.24
simulated_Ghana_pop_014,naive_coi_paramset6,Ghana,99,0.7,0.25,0.2,100,100,0.44721359549995787,0.16,0.16
simulated_Ghana_pop_015,naive_coi_paramset1,Ghana,99,0.2,0.5,0.5,100,100,3.710795063055896,1.63,-1.63
simulated_Ghana_pop_015,naive_coi_paramset2,Ghana,99,0.2,0.5,0.5,100,100,3.33316666249979,1.33,-1.05
simulated_Ghana_pop_015,naive_coi_paramset3,Ghana,99,0.2,0.5,0.5,100,100,3.1288975694324046,1.43,-0.69
simulated_Ghana_pop_015,naive_coi_paramset4,Ghana,99,0.2,0.5,0.5,100,100,2.0760539492026693,1.41,0.87
simulated_Ghana_pop_015,naive_coi_paramset5,Ghana,99,0.2,0.5,0.5,100,100,2.598076211353316,1.37,0.13
simulated_Ghana_pop_015,naive_coi_paramset6,Ghana,99,0.2,0.5,0.5,100,100,2.891366458960191,1.3,-0.6
simulated_Ghana_pop_016,naive_coi_paramset1,Ghana,99,0.2,0.5,0.2,100,100,3.620773398046333,1.61,-1.61
simulated_Ghana_pop_016,naive_coi_paramset2,Ghana,99,0.2,0.5,0.2,100,100,3.234192325759244,1.26,-1.1
simulated_Ghana_pop_016,naive_coi_paramset3,Ghana,99,0.2,0.5,0.2,100,100,3.009983388658484,1.38,-0.62
simulated_Ghana_pop_016,naive_coi_paramset4,Ghana,99,0.2,0.5,0.2,100,100,2.177154105707724,1.24,0.48
simulated_Ghana_pop_016,naive_coi_paramset5,Ghana,99,0.2,0.5,0.2,100,100,2.3600847442411905,1.19,0.07
simulated_Ghana_pop_016,naive_coi_paramset6,Ghana,99,0.2,0.5,0.2,100,100,2.794637722496424,1.21,-0.63
simulated_Ghana_pop_017,naive_coi_paramset1,Ghana,9,0.7,0.25,0.5,100,100,0.22360679774997913,0.05,-0.05
simulated_Ghana_pop_017,naive_coi_paramset2,Ghana,9,0.7,0.25,0.5,100,100,0.1732050807568878,0.03,0.01
simulated_Ghana_pop_017,naive_coi_paramset3,Ghana,9,0.7,0.25,0.5,100,100,0.36055512754639873,0.13,0.13
simulated_Ghana_pop_017,naive_coi_paramset4,Ghana,9,0.7,0.25,0.5,100,100,0.7745966692414835,0.34,0.34
simulated_Ghana_pop_017,naive_coi_paramset5,Ghana,9,0.7,0.25,0.5,100,100,0.5656854249492379,0.24,0.24
simulated_Ghana_pop_017,naive_coi_paramset6,Ghana,9,0.7,0.25,0.5,100,100,0.30000000000000004,0.09,0.09
simulated_Ghana_pop_018,naive_coi_paramset1,Ghana,9,0.7,0.25,0.2,100,100,0.09999999999999996,0.01,-0.01
simulated_Ghana_pop_018,naive_coi_paramset2,Ghana,9,0.7,0.25,0.2,100,100,0.14142135623730945,0.02,0.02
simulated_Ghana_pop_018,naive_coi_paramset3,Ghana,9,0.7,0.25,0.2,100,100,0.5477225575051657,0.22,0.22
simulated_Ghana_pop_018,naive_coi_paramset4,Ghana,9,0.7,0.25,0.2,100,100,1.014889156509222,0.59,0.59
simulated_Ghana_pop_018,naive_coi_paramset5,Ghana,9,0.7,0.25,0.2,100,100,0.787400787401181,0.34,0.34
simulated_Ghana_pop_018,naive_coi_paramset6,Ghana,9,0.7,0.25,0.2,100,100,0.4898979485566356,0.2,0.2
simulated_Ghana_pop_019,naive_coi_paramset1,Ghana,9,0.2,0.5,0.5,100,100,2.553429066960742,1.52,-1.52
simulated_Ghana_pop_019,naive_coi_paramset2,Ghana,9,0.2,0.5,0.5,100,100,2.039607805437114,1.1,-1.08
simulated_Ghana_pop_019,naive_coi_paramset3,Ghana,9,0.2,0.5,0.5,100,100,1.9131126469708999,1.1,-0.56
simulated_Ghana_pop_019,naive_coi_paramset4,Ghana,9,0.2,0.5,0.5,100,100,1.5297058540778354,1.16,0.32
simulated_Ghana_pop_019,naive_coi_paramset5,Ghana,9,0.2,0.5,0.5,100,100,1.5524174696260025,1.03,-0.05
simulated_Ghana_pop_019,naive_coi_paramset6,Ghana,9,0.2,0.5,0.5,100,100,1.805547008526779,1.02,-0.58
simulated_Ghana_pop_020,naive_coi_paramset1,Ghana,9,0.2,0.5,0.2,100,100,2.5,1.23,-1.23
simulated_Ghana_pop_020,naive_coi_paramset2,Ghana,9,0.2,0.5,0.2,100,100,2.142428528562856,0.97,-0.97
simulated_Ghana_pop_020,naive_coi_paramset3,Ghana,9,0.2,0.5,0.2,100,100,1.910497317454279,0.99,-0.43
simulated_Ghana_pop_020,naive_coi_paramset4,Ghana,9,0.2,0.5,0.2,100,100,1.9899748742132397,1.34,0.24
simulated_Ghana_pop_020,naive_coi_paramset5,Ghana,9,0.2,0.5,0.2,100,100,1.9235384061671343,1.16,-0.08
simulated_Ghana_pop_020,naive_coi_paramset6,Ghana,9,0.2,0.5,0.2,100,100,1.8734993995195197,0.89,-0.53
simulated_Ghana_pop_021,naive_coi_paramset1,Ghana,2.33,0.7,0.25,0.5,100,100,0.264575131106459,0.07,-0.07
simulated_Ghana_pop_021,naive_coi_paramset2,Ghana,2.33,0.7,0.25,0.5,100,100,0.19999999999999993,0.04,0
simulated_Ghana_pop_021,naive_coi_paramset3,Ghana,2.33,0.7,0.25,0.5,100,100,0.2645751311064589,0.07,0.07
simulated_Ghana_pop_021,naive_coi_paramset4,Ghana,2.33,0.7,0.25,0.5,100,100,0.7874007874011811,0.38,0.38
simulated_Ghana_pop_021,naive_coi_paramset5,Ghana,2.33,0.7,0.25,0.5,100,100,0.5830951894845301,0.24,0.24
simulated_Ghana_pop_021,naive_coi_paramset6,Ghana,2.33,0.7,0.25,0.5,100,100,0.19999999999999998,0.04,0.04
simulated_Ghana_pop_022,naive_coi_paramset1,Ghana,2.33,0.7,0.25,0.2,100,100,0.37416573867739394,0.08,-0.08
simulated_Ghana_pop_022,naive_coi_paramset2,Ghana,2.33,0.7,0.25,0.2,100,100,0.2828427124746189,0.06,-0.06
simulated_Ghana_pop_022,naive_coi_paramset3,Ghana,2.33,0.7,0.25,0.2,100,100,0.2449489742783179,0.06,0.02
simulated_Ghana_pop_022,naive_coi_paramset4,Ghana,2.33,0.7,0.25,0.2,100,100,0.5830951894845301,0.22,0.22
simulated_Ghana_pop_022,naive_coi_paramset5,Ghana,2.33,0.7,0.25,0.2,100,100,0.31622776601683794,0.1,0.08
simulated_Ghana_pop_022,naive_coi_paramset6,Ghana,2.33,0.7,0.25,0.2,100,100,0.22360679774997894,0.05,0.01
simulated_Ghana_pop_023,naive_coi_paramset1,Ghana,2.33,0.2,0.5,0.5,100,100,3.8574603043971827,2.12,-2.12
simulated_Ghana_pop_023,naive_coi_paramset2,Ghana,2.33,0.2,0.5,0.5,100,100,3.6373066958946407,1.87,-1.85
simulated_Ghana_pop_023,naive_coi_paramset3,Ghana,2.33,0.2,0.5,0.5,100,100,3.3436506994600985,1.72,-1.38
simulated_Ghana_pop_023,naive_coi_paramset4,Ghana,2.33,0.2,0.5,0.5,100,100,2.6210684844162313,1.49,-0.49
simulated_Ghana_pop_023,naive_coi_paramset5,Ghana,2.33,0.2,0.5,0.5,100,100,3.018277654557314,1.63,-0.95
simulated_Ghana_pop_023,naive_coi_paramset6,Ghana,2.33,0.2,0.5,0.5,100,100,3.2171415884290826,1.63,-1.43
simulated_Ghana_pop_024,naive_coi_paramset1,Ghana,2.33,0.2,0.5,0.2,100,100,2.19317121994613,1.07,-1.07
simulated_Ghana_pop_024,naive_coi_paramset2,Ghana,2.33,0.2,0.5,0.2,100,100,1.9442222095223578,0.86,-0.82
simulated_Ghana_pop_024,naive_coi_paramset3,Ghana,2.33,0.2,0.5,0.2,100,100,1.734935157289748,0.81,-0.59
simulated_Ghana_pop_024,naive_coi_paramset4,Ghana,2.33,0.2,0.5,0.2,100,100,1.3114877048604003,0.8,0.24
simulated_Ghana_pop_024,naive_coi_paramset5,Ghana,2.33,0.2,0.5,0.2,100,100,1.4696938456699071,0.74,-0.22
simulated_Ghana_pop_024,naive_coi_paramset6,Ghana,2.33,0.2,0.5,0.2,100,100,1.729161646579058,0.79,-0.61
simulated_Ghana_pop_025,naive_coi_paramset1,Ghana,99,0.7,0.25,0.5,100,100,0.2828427124746189,0.06,-0.06
simulated_Ghana_pop_025,naive_coi_paramset2,Ghana,99,0.7,0.25,0.5,100,100,0.43588989435406755,0.17,0.15
simulated_Ghana_pop_025,naive_coi_paramset3,Ghana,99,0.7,0.25,0.5,100,100,0.6855654600401049,0.31,0.29
simulated_Ghana_pop_025,naive_coi_paramset4,Ghana,99,0.7,0.25,0.5,100,100,0.9949874371066199,0.53,0.53
simulated_Ghana_pop_025,naive_coi_paramset5,Ghana,99,0.7,0.25,0.5,100,100,0.8999999999999998,0.41,0.41
simulated_Ghana_pop_025,naive_coi_paramset6,Ghana,99,0.7,0.25,0.5,100,100,0.6403124237432848,0.27,0.25
simulated_Ghana_pop_026,naive_coi_paramset1,Ghana,99,0.7,0.25,0.2,100,100,0.34641016151377574,0.06,-0.06
simulated_Ghana_pop_026,naive_coi_paramset2,Ghana,99,0.7,0.25,0.2,100,100,0.22360679774997919,0.03,-0.01
simulated_Ghana_pop_026,naive_coi_paramset3,Ghana,99,0.7,0.25,0.2,100,100,0.3605551275463987,0.09,0.05
simulated_Ghana_pop_026,naive_coi_paramset4,Ghana,99,0.7,0.25,0.2,100,100,0.6999999999999998,0.23,0.23
simulated_Ghana_pop_026,naive_coi_paramset5,Ghana,99,0.7,0.25,0.2,100,100,0.4358898943540673,0.11,0.11
simulated_Ghana_pop_026,naive_coi_paramset6,Ghana,99,0.7,0.25,0.2,100,100,0.3464101615137754,0.08,0.04
simulated_Ghana_pop_027,naive_coi_paramset1,Ghana,99,0.2,0.5,0.5,100,100,3.729611239794305,1.55,-1.55
simulated_Ghana_pop_027,naive_coi_paramset2,Ghana,99,0.2,0.5,0.5,100,100,3.3436506994601007,1.24,-1.04
simulated_Ghana_pop_027,naive_coi_paramset3,Ghana,99,0.2,0.5,0.5,100,100,3.1448370387032796,1.29,-0.67
simulated_Ghana_pop_027,naive_coi_paramset4,Ghana,99,0.2,0.5,0.5,100,100,2.076053949202669,1.21,0.65
simulated_Ghana_pop_027,naive_coi_paramset5,Ghana,99,0.2,0.5,0.5,100,100,2.2715633383201093,1.1,0.04
simulated_Ghana_pop_027,naive_coi_paramset6,Ghana,99,0.2,0.5,0.5,100,100,2.973213749463702,1.2,-0.62
simulated_Ghana_pop_028,naive_coi_paramset1,Ghana,99,0.2,0.5,0.2,100,100,3.103224129836581,1.55,-1.55
simulated_Ghana_pop_028,naive_coi_paramset2,Ghana,99,0.2,0.5,0.2,100,100,2.6551836094703494,1.15,-0.97
simulated_Ghana_pop_028,naive_coi_paramset3,Ghana,99,0.2,0.5,0.2,100,100,2.5219040425836963,1.34,-0.5
simulated_Ghana_pop_028,naive_coi_paramset4,Ghana,99,0.2,0.5,0.2,100,100,1.7262676501632068,1.26,0.72
simulated_Ghana_pop_028,naive_coi_paramset5,Ghana,99,0.2,0.5,0.2,100,100,1.9773719933285192,1.23,0.21
simulated_Ghana_pop_028,naive_coi_paramset6,Ghana,99,0.2,0.5,0.2,100,100,2.304343724360582,1.23,-0.45
simulated_Ghana_pop_029,naive_coi_paramset1,Ghana,9,0.7,0.25,0.5,100,100,0.24494897427831788,0.04,-0.04
simulated_Ghana_pop_029,naive_coi_paramset2,Ghana,9,0.7,0.25,0.5,100,100,0.17320508075688784,0.03,0.03
simulated_Ghana_pop_029,naive_coi_paramset3,Ghana,9,0.7,0.25,0.5,100,100,0.5567764362830026,0.21,0.21
simulated_Ghana_pop_029,naive_coi_paramset4,Ghana,9,0.7,0.25,0.5,100,100,0.9219544457292886,0.43,0.43
simulated_Ghana_pop_029,naive_coi_paramset5,Ghana,9,0.7,0.25,0.5,100,100,0.7999999999999998,0.36,0.36
simulated_Ghana_pop_029,naive_coi_paramset6,Ghana,9,0.7,0.25,0.5,100,100,0.42426406871192857,0.14,0.14
simulated_Ghana_pop_030,naive_coi_paramset1,Ghana,9,0.7,0.25,0.2,100,100,0.19999999999999993,0.04,-0.04
simulated_Ghana_pop_030,naive_coi_paramset2,Ghana,9,0.7,0.25,0.2,100,100,0.14142135623730945,0.02,0
simulated_Ghana_pop_030,naive_coi_paramset3,Ghana,9,0.7,0.25,0.2,100,100,0.2645751311064589,0.07,0.07
simulated_Ghana_pop_030,naive_coi_paramset4,Ghana,9,0.7,0.25,0.2,100,100,0.721110255092798,0.32,0.32
simulated_Ghana_pop_030,naive_coi_paramset5,Ghana,9,0.7,0.25,0.2,100,100,0.5099019513592786,0.18,0.18
simulated_Ghana_pop_030,naive_coi_paramset6,Ghana,9,0.7,0.25,0.2,100,100,0.19999999999999996,0.04,0.04
simulated_Ghana_pop_031,naive_coi_paramset1,Ghana,9,0.2,0.5,0.5,100,100,3.849675310984029,1.96,-1.96
simulated_Ghana_pop_031,naive_coi_paramset2,Ghana,9,0.2,0.5,0.5,100,100,3.3867388443752175,1.55,-1.45
simulated_Ghana_pop_031,naive_coi_paramset3,Ghana,9,0.2,0.5,0.5,100,100,3.074085229787878,1.45,-0.99
simulated_Ghana_pop_031,naive_coi_paramset4,Ghana,9,0.2,0.5,0.5,100,100,2.2737634001804143,1.37,0.17
simulated_Ghana_pop_031,naive_coi_paramset5,Ghana,9,0.2,0.5,0.5,100,100,2.4596747752497685,1.31,-0.29
simulated_Ghana_pop_031,naive_coi_paramset6,Ghana,9,0.2,0.5,0.5,100,100,2.8565713714171403,1.3,-0.9
simulated_Ghana_pop_032,naive_coi_paramset1,Ghana,9,0.2,0.5,0.2,100,100,2.5884358211089586,1.26,-1.26
simulated_Ghana_pop_032,naive_coi_paramset2,Ghana,9,0.2,0.5,0.2,100,100,2.1633307652783924,0.86,-0.76
simulated_Ghana_pop_032,naive_coi_paramset3,Ghana,9,0.2,0.5,0.2,100,100,2.116601048851673,1,-0.3
simulated_Ghana_pop_032,naive_coi_paramset4,Ghana,9,0.2,0.5,0.2,100,100,1.6733200530681511,1.1,0.62
simulated_Ghana_pop_032,naive_coi_paramset5,Ghana,9,0.2,0.5,0.2,100,100,1.6941074346097418,0.97,0.25
simulated_Ghana_pop_032,naive_coi_paramset6,Ghana,9,0.2,0.5,0.2,100,100,1.8384776310850237,0.86,-0.3
simulated_Ghana_pop_033,naive_coi_paramset1,Ghana,2.33,0.7,0.25,0.5,100,100,0.14142135623730945,0.02,-0.02
simulated_Ghana_pop_033,naive_coi_paramset2,Ghana,2.33,0.7,0.25,0.5,100,100,0.09999999999999996,0.01,-0.01
simulated_Ghana_pop_033,naive_coi_paramset3,Ghana,2.33,0.7,0.25,0.5,100,100,0.2645751311064589,0.07,0.07
simulated_Ghana_pop_033,naive_coi_paramset4,Ghana,2.33,0.7,0.25,0.5,100,100,0.5291502622129179,0.22,0.22
simulated_Ghana_pop_033,naive_coi_paramset5,Ghana,2.33,0.7,0.25,0.5,100,100,0.3872983346207417,0.15,0.15
simulated_Ghana_pop_033,naive_coi_paramset6,Ghana,2.33,0.7,0.25,0.5,100,100,0.17320508075688767,0.03,0.03
simulated_Ghana_pop_034,naive_coi_paramset1,Ghana,2.33,0.7,0.25,0.2,100,100,0.2645751311064589,0.05,-0.05
simulated_Ghana_pop_034,naive_coi_paramset2,Ghana,2.33,0.7,0.25,0.2,100,100,0.19999999999999993,0.04,-0.04
simulated_Ghana_pop_034,naive_coi_paramset3,Ghana,2.33,0.7,0.25,0.2,100,100,0.24494897427831794,0.06,0.04
simulated_Ghana_pop_034,naive_coi_paramset4,Ghana,2.33,0.7,0.25,0.2,100,100,0.854400374531753,0.67,0.67
simulated_Ghana_pop_034,naive_coi_paramset5,Ghana,2.33,0.7,0.25,0.2,100,100,0.36055512754639896,0.13,0.11
simulated_Ghana_pop_034,naive_coi_paramset6,Ghana,2.33,0.7,0.25,0.2,100,100,0.19999999999999998,0.04,0
simulated_Ghana_pop_035,naive_coi_paramset1,Ghana,2.33,0.2,0.5,0.5,100,100,3.843175770115129,1.75,-1.75
simulated_Ghana_pop_035,naive_coi_paramset2,Ghana,2.33,0.2,0.5,0.5,100,100,3.6715119501371625,1.46,-1.42
simulated_Ghana_pop_035,naive_coi_paramset3,Ghana,2.33,0.2,0.5,0.5,100,100,3.3271609519228225,1.21,-1.09
simulated_Ghana_pop_035,naive_coi_paramset4,Ghana,2.33,0.2,0.5,0.5,100,100,2.785677655436824,1.26,-0.38
simulated_Ghana_pop_035,naive_coi_paramset5,Ghana,2.33,0.2,0.5,0.5,100,100,2.9308701779505695,1.27,-0.61
simulated_Ghana_pop_035,naive_coi_paramset6,Ghana,2.33,0.2,0.5,0.5,100,100,3.1432467291003428,1.16,-1.04
simulated_Ghana_pop_036,naive_coi_paramset1,Ghana,2.33,0.2,0.5,0.2,100,100,3.576310948449534,1.85,-1.85
simulated_Ghana_pop_036,naive_coi_paramset2,Ghana,2.33,0.2,0.5,0.2,100,100,3.3060550509633106,1.53,-1.53
simulated_Ghana_pop_036,naive_coi_paramset3,Ghana,2.33,0.2,0.5,0.2,100,100,3.061045573002793,1.33,-1.11
simulated_Ghana_pop_036,naive_coi_paramset4,Ghana,2.33,0.2,0.5,0.2,100,100,2.7331300737432898,1.27,-0.29
simulated_Ghana_pop_036,naive_coi_paramset5,Ghana,2.33,0.2,0.5,0.2,100,100,2.816025568065744,1.23,-0.63
simulated_Ghana_pop_036,naive_coi_paramset6,Ghana,2.33,0.2,0.5,0.2,100,100,3.057776970284131,1.31,-1.19
simulated_Ghana_pop_037,naive_coi_paramset1,Ghana,99,0.7,0.25,0.5,100,100,0.36055512754639857,0.07,-0.07
simulated_Ghana_pop_037,naive_coi_paramset2,Ghana,99,0.7,0.25,0.5,100,100,0.3605551275463987,0.11,0.07
simulated_Ghana_pop_037,naive_coi_paramset3,Ghana,99,0.7,0.25,0.5,100,100,0.5196152422706636,0.21,0.19
simulated_Ghana_pop_037,naive_coi_paramset4,Ghana,99,0.7,0.25,0.5,100,100,0.938083151964686,0.42,0.42
simulated_Ghana_pop_037,naive_coi_paramset5,Ghana,99,0.7,0.25,0.5,100,100,0.7810249675906655,0.33,0.33
simulated_Ghana_pop_037,naive_coi_paramset6,Ghana,99,0.7,0.25,0.5,100,100,0.5,0.21,0.19
simulated_Ghana_pop_038,naive_coi_paramset1,Ghana,99,0.7,0.25,0.2,100,100,0.17320508075688776,0.03,-0.03
simulated_Ghana_pop_038,naive_coi_paramset2,Ghana,99,0.7,0.25,0.2,100,100,0.2828427124746189,0.08,0.08
simulated_Ghana_pop_038,naive_coi_paramset3,Ghana,99,0.7,0.25,0.2,100,100,0.4898979485566358,0.18,0.18
simulated_Ghana_pop_038,naive_coi_paramset4,Ghana,99,0.7,0.25,0.2,100,100,0.9949874371066199,0.43,0.43
simulated_Ghana_pop_038,naive_coi_paramset5,Ghana,99,0.7,0.25,0.2,100,100,0.7141428428542851,0.29,0.29
simulated_Ghana_pop_038,naive_coi_paramset6,Ghana,99,0.7,0.25,0.2,100,100,0.42426406871192857,0.16,0.16
simulated_Ghana_pop_039,naive_coi_paramset1,Ghana,99,0.2,0.5,0.5,100,100,3.9786932528155496,2.05,-2.05
simulated_Ghana_pop_039,naive_coi_paramset2,Ghana,99,0.2,0.5,0.5,100,100,3.5355339059327378,1.6,-1.44
simulated_Ghana_pop_039,naive_coi_paramset3,Ghana,99,0.2,0.5,0.5,100,100,3.1764760348537173,1.63,-0.95
simulated_Ghana_pop_039,naive_coi_paramset4,Ghana,99,0.2,0.5,0.5,100,100,1.9235384061671346,1.36,0.36
simulated_Ghana_pop_039,naive_coi_paramset5,Ghana,99,0.2,0.5,0.5,100,100,2.3937418407171642,1.35,-0.25
simulated_Ghana_pop_039,naive_coi_paramset6,Ghana,99,0.2,0.5,0.5,100,100,2.9034462281915947,1.49,-0.85
simulated_Ghana_pop_040,naive_coi_paramset1,Ghana,99,0.2,0.5,0.2,100,100,3.0886890422960995,1.6,-1.6
simulated_Ghana_pop_040,naive_coi_paramset2,Ghana,99,0.2,0.5,0.2,100,100,2.6324893162176357,1.33,-0.91
simulated_Ghana_pop_040,naive_coi_paramset3,Ghana,99,0.2,0.5,0.2,100,100,2.249444375840398,1.28,-0.52
simulated_Ghana_pop_040,naive_coi_paramset4,Ghana,99,0.2,0.5,0.2,100,100,1.9000000000000001,1.39,1.05
simulated_Ghana_pop_040,naive_coi_paramset5,Ghana,99,0.2,0.5,0.2,100,100,1.6522711641858305,1.15,0.37
simulated_Ghana_pop_040,naive_coi_paramset6,Ghana,99,0.2,0.5,0.2,100,100,2.051828452868319,1.15,-0.39
simulated_Ghana_pop_041,naive_coi_paramset1,Ghana,9,0.7,0.25,0.5,100,100,0.24494897427831785,0.06,-0.06
simulated_Ghana_pop_041,naive_coi_paramset2,Ghana,9,0.7,0.25,0.5,100,100,0.19999999999999993,0.04,0.04
simulated_Ghana_pop_041,naive_coi_paramset3,Ghana,9,0.7,0.25,0.5,100,100,0.46904157598234286,0.18,0.18
simulated_Ghana_pop_041,naive_coi_paramset4,Ghana,9,0.7,0.25,0.5,100,100,0.8602325267042626,0.36,0.36
simulated_Ghana_pop_041,naive_coi_paramset5,Ghana,9,0.7,0.25,0.5,100,100,0.7141428428542851,0.29,0.29
simulated_Ghana_pop_041,naive_coi_paramset6,Ghana,9,0.7,0.25,0.5,100,100,0.44721359549995787,0.16,0.16
simulated_Ghana_pop_042,naive_coi_paramset1,Ghana,9,0.7,0.25,0.2,100,100,0.19999999999999993,0.02,-0.02
simulated_Ghana_pop_042,naive_coi_paramset2,Ghana,9,0.7,0.25,0.2,100,100,0.09999999999999996,0.01,-0.01
simulated_Ghana_pop_042,naive_coi_paramset3,Ghana,9,0.7,0.25,0.2,100,100,0.3464101615137756,0.1,0.1
simulated_Ghana_pop_042,naive_coi_paramset4,Ghana,9,0.7,0.25,0.2,100,100,0.7999999999999999,0.32,0.32
simulated_Ghana_pop_042,naive_coi_paramset5,Ghana,9,0.7,0.25,0.2,100,100,0.6855654600401044,0.25,0.25
simulated_Ghana_pop_042,naive_coi_paramset6,Ghana,9,0.7,0.25,0.2,100,100,0.24494897427831774,0.06,0.06
simulated_Ghana_pop_043,naive_coi_paramset1,Ghana,9,0.2,0.5,0.5,100,100,4.219004621945801,1.74,-1.74
simulated_Ghana_pop_043,naive_coi_paramset2,Ghana,9,0.2,0.5,0.5,100,100,3.840572873934304,1.31,-1.31
simulated_Ghana_pop_043,naive_coi_paramset3,Ghana,9,0.2,0.5,0.5,100,100,3.584689665786982,1.25,-0.91
simulated_Ghana_pop_043,naive_coi_paramset4,Ghana,9,0.2,0.5,0.5,100,100,2.7129319932501064,1.28,0.2
simulated_Ghana_pop_043,naive_coi_paramset5,Ghana,9,0.2,0.5,0.5,100,100,2.922327839240492,1.2,-0.28
simulated_Ghana_pop_043,naive_coi_paramset6,Ghana,9,0.2,0.5,0.5,100,100,3.4249087579087414,1.17,-0.87
simulated_Ghana_pop_044,naive_coi_paramset1,Ghana,9,0.2,0.5,0.2,100,100,2.6589471600616674,1.35,-1.35
simulated_Ghana_pop_044,naive_coi_paramset2,Ghana,9,0.2,0.5,0.2,100,100,2.2045407685048586,0.98,-0.82
simulated_Ghana_pop_044,naive_coi_paramset3,Ghana,9,0.2,0.5,0.2,100,100,2.100000000000001,1.03,-0.47
simulated_Ghana_pop_044,naive_coi_paramset4,Ghana,9,0.2,0.5,0.2,100,100,1.5748015748023627,0.98,0.36
simulated_Ghana_pop_044,naive_coi_paramset5,Ghana,9,0.2,0.5,0.2,100,100,1.6186414056238645,0.92,0
simulated_Ghana_pop_044,naive_coi_paramset6,Ghana,9,0.2,0.5,0.2,100,100,1.946792233393178,0.97,-0.43
simulated_Ghana_pop_045,naive_coi_paramset1,Ghana,2.33,0.7,0.25,0.5,100,100,0.24494897427831772,0.06,-0.06
simulated_Ghana_pop_045,naive_coi_paramset2,Ghana,2.33,0.7,0.25,0.5,100,100,0.22360679774997916,0.05,0.03
simulated_Ghana_pop_045,naive_coi_paramset3,Ghana,2.33,0.7,0.25,0.5,100,100,0.3162277660168382,0.1,0.1
simulated_Ghana_pop_045,naive_coi_paramset4,Ghana,2.33,0.7,0.25,0.5,100,100,0.7280109889280518,0.29,0.29
simulated_Ghana_pop_045,naive_coi_paramset5,Ghana,2.33,0.7,0.25,0.5,100,100,0.6082762530298219,0.21,0.21
simulated_Ghana_pop_045,naive_coi_paramset6,Ghana,2.33,0.7,0.25,0.5,100,100,0.31622776601683783,0.1,0.08
simulated_Ghana_pop_046,naive_coi_paramset1,Ghana,2.33,0.7,0.25,0.2,100,100,0.14142135623730945,0.02,-0.02
simulated_Ghana_pop_046,naive_coi_paramset2,Ghana,2.33,0.7,0.25,0.2,100,100,0.09999999999999996,0.01,-0.01
simulated_Ghana_pop_046,naive_coi_paramset3,Ghana,2.33,0.7,0.25,0.2,100,100,0.22360679774997916,0.05,0.05
simulated_Ghana_pop_046,naive_coi_paramset4,Ghana,2.33,0.7,0.25,0.2,100,100,0.7999999999999998,0.44,0.44
simulated_Ghana_pop_046,naive_coi_paramset5,Ghana,2.33,0.7,0.25,0.2,100,100,0.5477225575051661,0.2,0.2
simulated_Ghana_pop_046,naive_coi_paramset6,Ghana,2.33,0.7,0.25,0.2,100,100,0.19999999999999996,0.04,0.04
simulated_Ghana_pop_047,naive_coi_paramset1,Ghana,2.33,0.2,0.5,0.5,100,100,3.2954514106568147,1.62,-1.62
simulated_Ghana_pop_047,naive_coi_paramset2,Ghana,2.33,0.2,0.5,0.5,100,100,2.826658805020513,1.19,-1.11
simulated_Ghana_pop_047,naive_coi_paramset3,Ghana,2.33,0.2,0.5,0.5,100,100,2.7276363393971716,1.3,-0.7
simulated_Ghana_pop_047,naive_coi_paramset4,Ghana,2.33,0.2,0.5,0.5,100,100,2.0736441353327724,1.26,0.24
simulated_Ghana_pop_047,naive_coi_paramset5,Ghana,2.33,0.2,0.5,0.5,100,100,2.1977260975835913,1.23,-0.13
simulated_Ghana_pop_047,naive_coi_paramset6,Ghana,2.33,0.2,0.5,0.5,100,100,2.5845695966640165,1.2,-0.74
simulated_Ghana_pop_048,naive_coi_paramset1,Ghana,2.33,0.2,0.5,0.2,100,100,3.5777087639996625,1.96,-1.96
simulated_Ghana_pop_048,naive_coi_paramset2,Ghana,2.33,0.2,0.5,0.2,100,100,3.1496031496047237,1.56,-1.54
simulated_Ghana_pop_048,naive_coi_paramset3,Ghana,2.33,0.2,0.5,0.2,100,100,2.819574435974338,1.45,-1.11
simulated_Ghana_pop_048,naive_coi_paramset4,Ghana,2.33,0.2,0.5,0.2,100,100,2.5787593916455256,1.45,-0.51
simulated_Ghana_pop_048,naive_coi_paramset5,Ghana,2.33,0.2,0.5,0.2,100,100,2.6589471600616665,1.41,-0.71
simulated_Ghana_pop_048,naive_coi_paramset6,Ghana,2.33,0.2,0.5,0.2,100,100,2.765863337187866,1.41,-1.13
simulated_Ghana_pop_049,naive_coi_paramset1,Ghana,99,0.7,0.25,0.5,100,100,0.14142135623730945,0.02,-0.02
simulated_Ghana_pop_049,naive_coi_paramset2,Ghana,99,0.7,0.25,0.5,100,100,0.19999999999999993,0.04,0.04
simulated_Ghana_pop_049,naive_coi_paramset3,Ghana,99,0.7,0.25,0.5,100,100,0.38729833462074137,0.11,0.11
simulated_Ghana_pop_049,naive_coi_paramset4,Ghana,99,0.7,0.25,0.5,100,100,0.8062257748298548,0.29,0.29
simulated_Ghana_pop_049,naive_coi_paramset5,Ghana,99,0.7,0.25,0.5,100,100,0.5830951894845301,0.18,0.18
simulated_Ghana_pop_049,naive_coi_paramset6,Ghana,99,0.7,0.25,0.5,100,100,0.34641016151377535,0.1,0.1
simulated_Ghana_pop_050,naive_coi_paramset1,Ghana,99,0.7,0.25,0.2,100,100,0.26457513110645897,0.07,-0.07
simulated_Ghana_pop_050,naive_coi_paramset2,Ghana,99,0.7,0.25,0.2,100,100,0.37416573867739394,0.12,0.1
simulated_Ghana_pop_050,naive_coi_paramset3,Ghana,99,0.7,0.25,0.2,100,100,0.670820393249937,0.29,0.29
simulated_Ghana_pop_050,naive_coi_paramset4,Ghana,99,0.7,0.25,0.2,100,100,1.058300524425836,0.52,0.52
simulated_Ghana_pop_050,naive_coi_paramset5,Ghana,99,0.7,0.25,0.2,100,100,0.8306623862918076,0.37,0.37
simulated_Ghana_pop_050,naive_coi_paramset6,Ghana,99,0.7,0.25,0.2,100,100,0.6244997998398398,0.27,0.27
simulated_Ghana_pop_051,naive_coi_paramset1,Ghana,99,0.2,0.5,0.5,100,100,4.485532298401164,2.14,-2.14
simulated_Ghana_pop_051,naive_coi_paramset2,Ghana,99,0.2,0.5,0.5,100,100,4.096339829652811,1.74,-1.62
simulated_Ghana_pop_051,naive_coi_paramset3,Ghana,99,0.2,0.5,0.5,100,100,3.742993454442581,1.65,-1.11
simulated_Ghana_pop_051,naive_coi_paramset4,Ghana,99,0.2,0.5,0.5,100,100,2.6664583251946765,1.61,0.33
simulated_Ghana_pop_051,naive_coi_paramset5,Ghana,99,0.2,0.5,0.5,100,100,2.812472222085047,1.39,-0.25
simulated_Ghana_pop_051,naive_coi_paramset6,Ghana,99,0.2,0.5,0.5,100,100,3.376388603226827,1.48,-1
simulated_Ghana_pop_052,naive_coi_paramset1,Ghana,99,0.2,0.5,0.2,100,100,3.5468295701936374,1.22,-1.22
simulated_Ghana_pop_052,naive_coi_paramset2,Ghana,99,0.2,0.5,0.2,100,100,3.260368077380222,1.03,-0.71
simulated_Ghana_pop_052,naive_coi_paramset3,Ghana,99,0.2,0.5,0.2,100,100,3.019933774108299,1.18,-0.26
simulated_Ghana_pop_052,naive_coi_paramset4,Ghana,99,0.2,0.5,0.2,100,100,2.7386127875258306,1.54,0.98
simulated_Ghana_pop_052,naive_coi_paramset5,Ghana,99,0.2,0.5,0.2,100,100,2.5690465157330262,1.2,0.32
simulated_Ghana_pop_052,naive_coi_paramset6,Ghana,99,0.2,0.5,0.2,100,100,2.8372521918222207,1.05,-0.27
simulated_Ghana_pop_053,naive_coi_paramset1,Ghana,9,0.7,0.25,0.5,100,100,0.4242640687119287,0.12,-0.12
simulated_Ghana_pop_053,naive_coi_paramset2,Ghana,9,0.7,0.25,0.5,100,100,0.26457513110645897,0.07,-0.01
simulated_Ghana_pop_053,naive_coi_paramset3,Ghana,9,0.7,0.25,0.5,100,100,0.42426406871192873,0.16,0.16
simulated_Ghana_pop_053,naive_coi_paramset4,Ghana,9,0.7,0.25,0.5,100,100,0.860232526704263,0.34,0.34
simulated_Ghana_pop_053,naive_coi_paramset5,Ghana,9,0.7,0.25,0.5,100,100,0.6324555320336757,0.24,0.24
simulated_Ghana_pop_053,naive_coi_paramset6,Ghana,9,0.7,0.25,0.5,100,100,0.360555127546399,0.13,0.13
simulated_Ghana_pop_054,naive_coi_paramset1,Ghana,9,0.7,0.25,0.2,100,100,0.19999999999999993,0.04,-0.04
simulated_Ghana_pop_054,naive_coi_paramset2,Ghana,9,0.7,0.25,0.2,100,100,0.14142135623730945,0.02,0.02
simulated_Ghana_pop_054,naive_coi_paramset3,Ghana,9,0.7,0.25,0.2,100,100,0.42426406871192873,0.16,0.16
simulated_Ghana_pop_054,naive_coi_paramset4,Ghana,9,0.7,0.25,0.2,100,100,0.8,0.36,0.36
simulated_Ghana_pop_054,naive_coi_paramset5,Ghana,9,0.7,0.25,0.2,100,100,0.6480740698407861,0.26,0.26
simulated_Ghana_pop_054,naive_coi_paramset6,Ghana,9,0.7,0.25,0.2,100,100,0.31622776601683794,0.1,0.1
simulated_Ghana_pop_055,naive_coi_paramset1,Ghana,9,0.2,0.5,0.5,100,100,2.5592967784139438,1.41,-1.41
simulated_Ghana_pop_055,naive_coi_paramset2,Ghana,9,0.2,0.5,0.5,100,100,2.0615528128088303,1.05,-0.81
simulated_Ghana_pop_055,naive_coi_paramset3,Ghana,9,0.2,0.5,0.5,100,100,1.9339079605813705,1.1,-0.4
simulated_Ghana_pop_055,naive_coi_paramset4,Ghana,9,0.2,0.5,0.5,100,100,1.5491933384829668,1.08,0.78
simulated_Ghana_pop_055,naive_coi_paramset5,Ghana,9,0.2,0.5,0.5,100,100,1.3928388277184118,0.88,0.28
simulated_Ghana_pop_055,naive_coi_paramset6,Ghana,9,0.2,0.5,0.5,100,100,1.6822603841260726,0.93,-0.37
simulated_Ghana_pop_056,naive_coi_paramset1,Ghana,9,0.2,0.5,0.2,100,100,2.3874672772626657,1.28,-1.28
simulated_Ghana_pop_056,naive_coi_paramset2,Ghana,9,0.2,0.5,0.2,100,100,1.9416487838947587,0.89,-0.73
simulated_Ghana_pop_056,naive_coi_paramset3,Ghana,9,0.2,0.5,0.2,100,100,1.7435595774162702,0.96,-0.34
simulated_Ghana_pop_056,naive_coi_paramset4,Ghana,9,0.2,0.5,0.2,100,100,1.5937377450509227,1.16,0.76
simulated_Ghana_pop_056,naive_coi_paramset5,Ghana,9,0.2,0.5,0.2,100,100,1.3928388277184118,0.86,0.3
simulated_Ghana_pop_056,naive_coi_paramset6,Ghana,9,0.2,0.5,0.2,100,100,1.6340134638368187,0.87,-0.25
simulated_Ghana_pop_057,naive_coi_paramset1,Ghana,2.33,0.7,0.25,0.5,100,100,0.30000000000000016,0.07,-0.07
simulated_Ghana_pop_057,naive_coi_paramset2,Ghana,2.33,0.7,0.25,0.5,100,100,0.3464101615137756,0.1,0.02
simulated_Ghana_pop_057,naive_coi_paramset3,Ghana,2.33,0.7,0.25,0.5,100,100,0.42426406871192873,0.18,0.16
simulated_Ghana_pop_057,naive_coi_paramset4,Ghana,2.33,0.7,0.25,0.5,100,100,0.6708203932499369,0.31,0.31
simulated_Ghana_pop_057,naive_coi_paramset5,Ghana,2.33,0.7,0.25,0.5,100,100,0.5196152422706632,0.23,0.21
simulated_Ghana_pop_057,naive_coi_paramset6,Ghana,2.33,0.7,0.25,0.5,100,100,0.41231056256176607,0.17,0.15
simulated_Ghana_pop_058,naive_coi_paramset1,Ghana,2.33,0.7,0.25,0.2,100,100,0.19999999999999993,0.04,-0.04
simulated_Ghana_pop_058,naive_coi_paramset2,Ghana,2.33,0.7,0.25,0.2,100,100,0.1732050807568878,0.03,-0.01
simulated_Ghana_pop_058,naive_coi_paramset3,Ghana,2.33,0.7,0.25,0.2,100,100,0.30000000000000016,0.09,0.09
simulated_Ghana_pop_058,naive_coi_paramset4,Ghana,2.33,0.7,0.25,0.2,100,100,0.5744562646538028,0.25,0.25
simulated_Ghana_pop_058,naive_coi_paramset5,Ghana,2.33,0.7,0.25,0.2,100,100,0.4242640687119285,0.16,0.16
simulated_Ghana_pop_058,naive_coi_paramset6,Ghana,2.33,0.7,0.25,0.2,100,100,0.19999999999999993,0.04,0.02
simulated_Ghana_pop_059,naive_coi_paramset1,Ghana,2.33,0.2,0.5,0.5,100,100,4.421538193886832,1.75,-1.75
simulated_Ghana_pop_059,naive_coi_paramset2,Ghana,2.33,0.2,0.5,0.5,100,100,4.13642357598929,1.49,-1.47
simulated_Ghana_pop_059,naive_coi_paramset3,Ghana,2.33,0.2,0.5,0.5,100,100,3.8845849199110076,1.37,-1.09
simulated_Ghana_pop_059,naive_coi_paramset4,Ghana,2.33,0.2,0.5,0.5,100,100,3.318132004607412,1.31,-0.29
simulated_Ghana_pop_059,naive_coi_paramset5,Ghana,2.33,0.2,0.5,0.5,100,100,3.432200460346104,1.24,-0.66
simulated_Ghana_pop_059,naive_coi_paramset6,Ghana,2.33,0.2,0.5,0.5,100,100,3.818376618407357,1.3,-1.1
simulated_Ghana_pop_060,naive_coi_paramset1,Ghana,2.33,0.2,0.5,0.2,100,100,4.769696007084728,2.13,-2.13
simulated_Ghana_pop_060,naive_coi_paramset2,Ghana,2.33,0.2,0.5,0.2,100,100,4.554119014694279,1.96,-1.96
simulated_Ghana_pop_060,naive_coi_paramset3,Ghana,2.33,0.2,0.5,0.2,100,100,4.236744032862968,1.71,-1.63
simulated_Ghana_pop_060,naive_coi_paramset4,Ghana,2.33,0.2,0.5,0.2,100,100,3.835361782153021,1.73,-0.77
simulated_Ghana_pop_060,naive_coi_paramset5,Ghana,2.33,0.2,0.5,0.2,100,100,3.9547439866570384,1.6,-1.18
simulated_Ghana_pop_060,naive_coi_paramset6,Ghana,2.33,0.2,0.5,0.2,100,100,4.236744032862973,1.71,-1.67
simulated_Ghana_pop_061,naive_coi_paramset1,Ghana,99,0.7,0.25,0.5,100,100,0.2828427124746189,0.06,-0.06
simulated_Ghana_pop_061,naive_coi_paramset2,Ghana,99,0.7,0.25,0.5,100,100,0.33166247903553997,0.11,0.07
simulated_Ghana_pop_061,naive_coi_paramset3,Ghana,99,0.7,0.25,0.5,100,100,0.5744562646538035,0.25,0.25
simulated_Ghana_pop_061,naive_coi_paramset4,Ghana,99,0.7,0.25,0.5,100,100,1.170469991071963,0.59,0.59
simulated_Ghana_pop_061,naive_coi_paramset5,Ghana,99,0.7,0.25,0.5,100,100,0.9433981132056602,0.45,0.45
simulated_Ghana_pop_061,naive_coi_paramset6,Ghana,99,0.7,0.25,0.5,100,100,0.5099019513592786,0.22,0.22
simulated_Ghana_pop_062,naive_coi_paramset1,Ghana,99,0.7,0.25,0.2,100,100,0.2828427124746189,0.06,-0.06
simulated_Ghana_pop_062,naive_coi_paramset2,Ghana,99,0.7,0.25,0.2,100,100,0.3162277660168382,0.08,0.06
simulated_Ghana_pop_062,naive_coi_paramset3,Ghana,99,0.7,0.25,0.2,100,100,0.5477225575051657,0.2,0.2
simulated_Ghana_pop_062,naive_coi_paramset4,Ghana,99,0.7,0.25,0.2,100,100,1.0908712114635717,0.47,0.47
simulated_Ghana_pop_062,naive_coi_paramset5,Ghana,99,0.7,0.25,0.2,100,100,0.8426149773176358,0.33,0.33
simulated_Ghana_pop_062,naive_coi_paramset6,Ghana,99,0.7,0.25,0.2,100,100,0.4795831523312719,0.17,0.17
simulated_Ghana_pop_063,naive_coi_paramset1,Ghana,99,0.2,0.5,0.5,100,100,2.8965496715920493,1.63,-1.63
simulated_Ghana_pop_063,naive_coi_paramset2,Ghana,99,0.2,0.5,0.5,100,100,2.385372088375313,1.23,-0.99
simulated_Ghana_pop_063,naive_coi_paramset3,Ghana,99,0.2,0.5,0.5,100,100,2.149418526020467,1.3,-0.48
simulated_Ghana_pop_063,naive_coi_paramset4,Ghana,99,0.2,0.5,0.5,100,100,1.8220867158288598,1.36,1.08
simulated_Ghana_pop_063,naive_coi_paramset5,Ghana,99,0.2,0.5,0.5,100,100,1.4387494569938157,1.01,0.45
simulated_Ghana_pop_063,naive_coi_paramset6,Ghana,99,0.2,0.5,0.5,100,100,1.9519221295943132,1.19,-0.43
simulated_Ghana_pop_064,naive_coi_paramset1,Ghana,99,0.2,0.5,0.2,100,100,2.4959967948697366,1.15,-1.15
simulated_Ghana_pop_064,naive_coi_paramset2,Ghana,99,0.2,0.5,0.2,100,100,2.1047565179849177,0.85,-0.65
simulated_Ghana_pop_064,naive_coi_paramset3,Ghana,99,0.2,0.5,0.2,100,100,1.8734993995195206,0.89,-0.29
simulated_Ghana_pop_064,naive_coi_paramset4,Ghana,99,0.2,0.5,0.2,100,100,1.6911534525287764,1.18,0.98
simulated_Ghana_pop_064,naive_coi_paramset5,Ghana,99,0.2,0.5,0.2,100,100,1.4866068747318506,0.83,0.39
simulated_Ghana_pop_064,naive_coi_paramset6,Ghana,99,0.2,0.5,0.2,100,100,1.6062378404209015,0.74,-0.14
simulated_Ghana_pop_065,naive_coi_paramset1,Ghana,9,0.7,0.25,0.5,100,100,0.3316624790355401,0.05,-0.05
simulated_Ghana_pop_065,naive_coi_paramset2,Ghana,9,0.7,0.25,0.5,100,100,0.2645751311064589,0.05,0.01
simulated_Ghana_pop_065,naive_coi_paramset3,Ghana,9,0.7,0.25,0.5,100,100,0.4472135954999583,0.14,0.1
simulated_Ghana_pop_065,naive_coi_paramset4,Ghana,9,0.7,0.25,0.5,100,100,0.7615773105863908,0.28,0.28
simulated_Ghana_pop_065,naive_coi_paramset5,Ghana,9,0.7,0.25,0.5,100,100,0.5830951894845301,0.18,0.18
simulated_Ghana_pop_065,naive_coi_paramset6,Ghana,9,0.7,0.25,0.5,100,100,0.31622776601683794,0.1,0.08
simulated_Ghana_pop_066,naive_coi_paramset1,Ghana,9,0.7,0.25,0.2,100,100,0.3872983346207414,0.07,-0.07
simulated_Ghana_pop_066,naive_coi_paramset2,Ghana,9,0.7,0.25,0.2,100,100,0.2645751311064589,0.05,-0.01
simulated_Ghana_pop_066,naive_coi_paramset3,Ghana,9,0.7,0.25,0.2,100,100,0.39999999999999986,0.14,0.12
simulated_Ghana_pop_066,naive_coi_paramset4,Ghana,9,0.7,0.25,0.2,100,100,0.7874007874011811,0.36,0.36
simulated_Ghana_pop_066,naive_coi_paramset5,Ghana,9,0.7,0.25,0.2,100,100,0.5830951894845301,0.24,0.24
simulated_Ghana_pop_066,naive_coi_paramset6,Ghana,9,0.7,0.25,0.2,100,100,0.33166247903553997,0.11,0.09
simulated_Ghana_pop_067,naive_coi_paramset1,Ghana,9,0.2,0.5,0.5,100,100,3.2465366161495854,1.68,-1.68
simulated_Ghana_pop_067,naive_coi_paramset2,Ghana,9,0.2,0.5,0.5,100,100,2.9154759474226504,1.34,-1.34
simulated_Ghana_pop_067,naive_coi_paramset3,Ghana,9,0.2,0.5,0.5,100,100,2.7386127875258306,1.24,-0.94
simulated_Ghana_pop_067,naive_coi_paramset4,Ghana,9,0.2,0.5,0.5,100,100,2.2978250586152114,1.28,-0.12
simulated_Ghana_pop_067,naive_coi_paramset5,Ghana,9,0.2,0.5,0.5,100,100,2.2825424421026654,1.17,-0.45
simulated_Ghana_pop_067,naive_coi_paramset6,Ghana,9,0.2,0.5,0.5,100,100,2.6400757564888173,1.17,-0.95
simulated_Ghana_pop_068,naive_coi_paramset1,Ghana,9,0.2,0.5,0.2,100,100,2.3302360395462074,1.17,-1.17
simulated_Ghana_pop_068,naive_coi_paramset2,Ghana,9,0.2,0.5,0.2,100,100,1.9052558883257658,0.77,-0.69
simulated_Ghana_pop_068,naive_coi_paramset3,Ghana,9,0.2,0.5,0.2,100,100,1.852025917745212,0.97,-0.27
simulated_Ghana_pop_068,naive_coi_paramset4,Ghana,9,0.2,0.5,0.2,100,100,1.417744687875783,0.95,0.59
simulated_Ghana_pop_068,naive_coi_paramset5,Ghana,9,0.2,0.5,0.2,100,100,1.3638181696985858,0.84,0.18
simulated_Ghana_pop_068,naive_coi_paramset6,Ghana,9,0.2,0.5,0.2,100,100,1.7606816861659016,0.84,-0.36
simulated_Ghana_pop_069,naive_coi_paramset1,Ghana,2.33,0.7,0.25,0.5,100,100,0.22360679774997913,0.05,-0.05
simulated_Ghana_pop_069,naive_coi_paramset2,Ghana,2.33,0.7,0.25,0.5,100,100,0.19999999999999993,0.04,-0.04
simulated_Ghana_pop_069,naive_coi_paramset3,Ghana,2.33,0.7,0.25,0.5,100,100,0.19999999999999993,0.04,0.02
simulated_Ghana_pop_069,naive_coi_paramset4,Ghana,2.33,0.7,0.25,0.5,100,100,0.7999999999999999,0.38,0.38
simulated_Ghana_pop_069,naive_coi_paramset5,Ghana,2.33,0.7,0.25,0.5,100,100,0.360555127546399,0.11,0.11
simulated_Ghana_pop_069,naive_coi_paramset6,Ghana,2.33,0.7,0.25,0.5,100,100,0.17320508075688767,0.03,-0.01
simulated_Ghana_pop_070,naive_coi_paramset1,Ghana,2.33,0.7,0.25,0.2,100,100,0.24494897427831785,0.06,-0.06
simulated_Ghana_pop_070,naive_coi_paramset2,Ghana,2.33,0.7,0.25,0.2,100,100,0.24494897427831785,0.06,-0.06
simulated_Ghana_pop_070,naive_coi_paramset3,Ghana,2.33,0.7,0.25,0.2,100,100,0.24494897427831788,0.06,0.04
simulated_Ghana_pop_070,naive_coi_paramset4,Ghana,2.33,0.7,0.25,0.2,100,100,0.4358898943540674,0.17,0.17
simulated_Ghana_pop_070,naive_coi_paramset5,Ghana,2.33,0.7,0.25,0.2,100,100,0.3162277660168379,0.1,0.1
simulated_Ghana_pop_070,naive_coi_paramset6,Ghana,2.33,0.7,0.25,0.2,100,100,0.17320508075688767,0.03,-0.01
simulated_Ghana_pop_071,naive_coi_paramset1,Ghana,2.33,0.2,0.5,0.5,100,100,3.4102785809959872,1.99,-1.99
simulated_Ghana_pop_071,naive_coi_paramset2,Ghana,2.33,0.2,0.5,0.5,100,100,2.981610303175117,1.59,-1.59
simulated_Ghana_pop_071,naive_coi_paramset3,Ghana,2.33,0.2,0.5,0.5,100,100,2.6999999999999984,1.43,-1.11
simulated_Ghana_pop_071,naive_coi_paramset4,Ghana,2.33,0.2,0.5,0.5,100,100,2.06881608655772,1.26,-0.28
simulated_Ghana_pop_071,naive_coi_paramset5,Ghana,2.33,0.2,0.5,0.5,100,100,2.1977260975835913,1.25,-0.73
simulated_Ghana_pop_071,naive_coi_paramset6,Ghana,2.33,0.2,0.5,0.5,100,100,2.6457513110645907,1.36,-1.16
simulated_Ghana_pop_072,naive_coi_paramset1,Ghana,2.33,0.2,0.5,0.2,100,100,3.146426544510456,1.74,-1.74
simulated_Ghana_pop_072,naive_coi_paramset2,Ghana,2.33,0.2,0.5,0.2,100,100,2.8653097563788807,1.43,-1.41
simulated_Ghana_pop_072,naive_coi_paramset3,Ghana,2.33,0.2,0.5,0.2,100,100,2.5179356624028357,1.24,-1
simulated_Ghana_pop_072,naive_coi_paramset4,Ghana,2.33,0.2,0.5,0.2,100,100,2.1236760581595298,1.19,-0.25
simulated_Ghana_pop_072,naive_coi_paramset5,Ghana,2.33,0.2,0.5,0.2,100,100,2.260530911091463,1.21,-0.59
simulated_Ghana_pop_072,naive_coi_paramset6,Ghana,2.33,0.2,0.5,0.2,100,100,2.4351591323771835,1.19,-1.03
simulated_Ghana_pop_073,naive_coi_paramset1,Ghana,99,0.7,0.25,0.5,100,100,0.17320508075688776,0.03,-0.03
simulated_Ghana_pop_073,naive_coi_paramset2,Ghana,99,0.7,0.25,0.5,100,100,0.1732050807568878,0.03,0.03
simulated_Ghana_pop_073,naive_coi_paramset3,Ghana,99,0.7,0.25,0.5,100,100,0.5291502622129178,0.2,0.2
simulated_Ghana_pop_073,naive_coi_paramset4,Ghana,99,0.7,0.25,0.5,100,100,0.8366600265340757,0.36,0.36
simulated_Ghana_pop_073,naive_coi_paramset5,Ghana,99,0.7,0.25,0.5,100,100,0.7071067811865476,0.28,0.28
simulated_Ghana_pop_073,naive_coi_paramset6,Ghana,99,0.7,0.25,0.5,100,100,0.4898979485566356,0.18,0.18
simulated_Ghana_pop_074,naive_coi_paramset1,Ghana,99,0.7,0.25,0.2,100,100,0.3316624790355398,0.09,-0.09
simulated_Ghana_pop_074,naive_coi_paramset2,Ghana,99,0.7,0.25,0.2,100,100,0.36055512754639873,0.13,0.09
simulated_Ghana_pop_074,naive_coi_paramset3,Ghana,99,0.7,0.25,0.2,100,100,0.6782329983125264,0.28,0.28
simulated_Ghana_pop_074,naive_coi_paramset4,Ghana,99,0.7,0.25,0.2,100,100,0.9746794344808964,0.47,0.47
simulated_Ghana_pop_074,naive_coi_paramset5,Ghana,99,0.7,0.25,0.2,100,100,0.7937253933193772,0.35,0.35
simulated_Ghana_pop_074,naive_coi_paramset6,Ghana,99,0.7,0.25,0.2,100,100,0.6324555320336759,0.26,0.26
simulated_Ghana_pop_075,naive_coi_paramset1,Ghana,99,0.2,0.5,0.5,100,100,3.419064199455749,1.93,-1.93
simulated_Ghana_pop_075,naive_coi_paramset2,Ghana,99,0.2,0.5,0.5,100,100,2.868797657556209,1.39,-1.19
simulated_Ghana_pop_075,naive_coi_paramset3,Ghana,99,0.2,0.5,0.5,100,100,2.7110883423451897,1.51,-0.71
simulated_Ghana_pop_075,naive_coi_paramset4,Ghana,99,0.2,0.5,0.5,100,100,2.046948949045872,1.41,0.99
simulated_Ghana_pop_075,naive_coi_paramset5,Ghana,99,0.2,0.5,0.5,100,100,1.9646882704388502,1.24,0.26
simulated_Ghana_pop_075,naive_coi_paramset6,Ghana,99,0.2,0.5,0.5,100,100,2.455605831561735,1.35,-0.59
simulated_Ghana_pop_076,naive_coi_paramset1,Ghana,99,0.2,0.5,0.2,100,100,2.4939927826679833,1.24,-1.24
simulated_Ghana_pop_076,naive_coi_paramset2,Ghana,99,0.2,0.5,0.2,100,100,2.076053949202669,0.97,-0.67
simulated_Ghana_pop_076,naive_coi_paramset3,Ghana,99,0.2,0.5,0.2,100,100,1.894729532149641,1.03,-0.33
simulated_Ghana_pop_076,naive_coi_paramset4,Ghana,99,0.2,0.5,0.2,100,100,1.5556349186104044,1.1,0.9
simulated_Ghana_pop_076,naive_coi_paramset5,Ghana,99,0.2,0.5,0.2,100,100,1.489966442575134,0.96,0.34
simulated_Ghana_pop_076,naive_coi_paramset6,Ghana,99,0.2,0.5,0.2,100,100,1.7175564037317663,0.89,-0.25
simulated_Ghana_pop_077,naive_coi_paramset1,Ghana,9,0.7,0.25,0.5,100,100,0.30000000000000016,0.05,-0.05
simulated_Ghana_pop_077,naive_coi_paramset2,Ghana,9,0.7,0.25,0.5,100,100,0.38729833462074137,0.13,0.07
simulated_Ghana_pop_077,naive_coi_paramset3,Ghana,9,0.7,0.25,0.5,100,100,0.47958315233127163,0.21,0.19
simulated_Ghana_pop_077,naive_coi_paramset4,Ghana,9,0.7,0.25,0.5,100,100,0.8602325267042626,0.4,0.4
simulated_Ghana_pop_077,naive_coi_paramset5,Ghana,9,0.7,0.25,0.5,100,100,0.7280109889280518,0.31,0.31
simulated_Ghana_pop_077,naive_coi_paramset6,Ghana,9,0.7,0.25,0.5,100,100,0.4690415759823429,0.2,0.18
simulated_Ghana_pop_078,naive_coi_paramset1,Ghana,9,0.7,0.25,0.2,100,100,0.1732050807568878,0.03,-0.03
simulated_Ghana_pop_078,naive_coi_paramset2,Ghana,9,0.7,0.25,0.2,100,100,0.2645751311064589,0.07,0.05
simulated_Ghana_pop_078,naive_coi_paramset3,Ghana,9,0.7,0.25,0.2,100,100,0.4582575694955835,0.17,0.17
simulated_Ghana_pop_078,naive_coi_paramset4,Ghana,9,0.7,0.25,0.2,100,100,0.9110433579144299,0.41,0.41
simulated_Ghana_pop_078,naive_coi_paramset5,Ghana,9,0.7,0.25,0.2,100,100,0.7071067811865476,0.3,0.3
simulated_Ghana_pop_078,naive_coi_paramset6,Ghana,9,0.7,0.25,0.2,100,100,0.4358898943540674,0.15,0.15
simulated_Ghana_pop_079,naive_coi_paramset1,Ghana,9,0.2,0.5,0.5,100,100,2.3748684174075856,1.18,-1.18
simulated_Ghana_pop_079,naive_coi_paramset2,Ghana,9,0.2,0.5,0.5,100,100,1.9949937343260014,0.9,-0.8
simulated_Ghana_pop_079,naive_coi_paramset3,Ghana,9,0.2,0.5,0.5,100,100,1.8841443681416759,0.93,-0.51
simulated_Ghana_pop_079,naive_coi_paramset4,Ghana,9,0.2,0.5,0.5,100,100,1.711724276862369,1.13,0.19
simulated_Ghana_pop_079,naive_coi_paramset5,Ghana,9,0.2,0.5,0.5,100,100,1.7,1.05,-0.03
simulated_Ghana_pop_079,naive_coi_paramset6,Ghana,9,0.2,0.5,0.5,100,100,1.8138357147217055,0.87,-0.51
simulated_Ghana_pop_080,naive_coi_paramset1,Ghana,9,0.2,0.5,0.2,100,100,2.304343724360582,1.13,-1.13
simulated_Ghana_pop_080,naive_coi_paramset2,Ghana,9,0.2,0.5,0.2,100,100,1.760681686165902,0.78,-0.74
simulated_Ghana_pop_080,naive_coi_paramset3,Ghana,9,0.2,0.5,0.2,100,100,1.6217274740226864,0.71,-0.47
simulated_Ghana_pop_080,naive_coi_paramset4,Ghana,9,0.2,0.5,0.2,100,100,1.3527749258468684,0.85,0.25
simulated_Ghana_pop_080,naive_coi_paramset5,Ghana,9,0.2,0.5,0.2,100,100,1.3892443989449805,0.77,-0.09
simulated_Ghana_pop_080,naive_coi_paramset6,Ghana,9,0.2,0.5,0.2,100,100,1.6155494421403513,0.71,-0.49
simulated_Ghana_pop_081,naive_coi_paramset1,Ghana,2.33,0.7,0.25,0.5,100,100,0.17320508075688773,0.03,-0.03
simulated_Ghana_pop_081,naive_coi_paramset2,Ghana,2.33,0.7,0.25,0.5,100,100,0.17320508075688773,0.03,-0.03
simulated_Ghana_pop_081,naive_coi_paramset3,Ghana,2.33,0.7,0.25,0.5,100,100,0.39999999999999986,0.16,0.14
simulated_Ghana_pop_081,naive_coi_paramset4,Ghana,2.33,0.7,0.25,0.5,100,100,0.8062257748298549,0.37,0.37
simulated_Ghana_pop_081,naive_coi_paramset5,Ghana,2.33,0.7,0.25,0.5,100,100,0.5477225575051661,0.22,0.22
simulated_Ghana_pop_081,naive_coi_paramset6,Ghana,2.33,0.7,0.25,0.5,100,100,0.36055512754639896,0.13,0.11
simulated_Ghana_pop_082,naive_coi_paramset1,Ghana,2.33,0.7,0.25,0.2,100,100,0.30000000000000016,0.07,-0.07
simulated_Ghana_pop_082,naive_coi_paramset2,Ghana,2.33,0.7,0.25,0.2,100,100,0.19999999999999993,0.02,-0.02
simulated_Ghana_pop_082,naive_coi_paramset3,Ghana,2.33,0.7,0.25,0.2,100,100,0.2645751311064589,0.07,0.05
simulated_Ghana_pop_082,naive_coi_paramset4,Ghana,2.33,0.7,0.25,0.2,100,100,0.5099019513592786,0.18,0.18
simulated_Ghana_pop_082,naive_coi_paramset5,Ghana,2.33,0.7,0.25,0.2,100,100,0.36055512754639907,0.11,0.11
simulated_Ghana_pop_082,naive_coi_paramset6,Ghana,2.33,0.7,0.25,0.2,100,100,0.22360679774997905,0.05,0.03
simulated_Ghana_pop_083,naive_coi_paramset1,Ghana,2.33,0.2,0.5,0.5,100,100,2.889636655359976,1.47,-1.47
simulated_Ghana_pop_083,naive_coi_paramset2,Ghana,2.33,0.2,0.5,0.5,100,100,2.525866188063018,1.12,-1.12
simulated_Ghana_pop_083,naive_coi_paramset3,Ghana,2.33,0.2,0.5,0.5,100,100,2.3664319132398455,0.98,-0.76
simulated_Ghana_pop_083,naive_coi_paramset4,Ghana,2.33,0.2,0.5,0.5,100,100,2.0445048300260864,1.12,0.1
simulated_Ghana_pop_083,naive_coi_paramset5,Ghana,2.33,0.2,0.5,0.5,100,100,2.0469489490458725,0.95,-0.25
simulated_Ghana_pop_083,naive_coi_paramset6,Ghana,2.33,0.2,0.5,0.5,100,100,2.1977260975835904,0.89,-0.75
simulated_Ghana_pop_084,naive_coi_paramset1,Ghana,2.33,0.2,0.5,0.2,100,100,3.363034344160047,1.79,-1.79
simulated_Ghana_pop_084,naive_coi_paramset2,Ghana,2.33,0.2,0.5,0.2,100,100,2.9916550603303187,1.47,-1.47
simulated_Ghana_pop_084,naive_coi_paramset3,Ghana,2.33,0.2,0.5,0.2,100,100,2.7110883423451897,1.27,-1.19
simulated_Ghana_pop_084,naive_coi_paramset4,Ghana,2.33,0.2,0.5,0.2,100,100,2.3811761799581324,1.29,-0.47
simulated_Ghana_pop_084,naive_coi_paramset5,Ghana,2.33,0.2,0.5,0.2,100,100,2.515949125081824,1.21,-0.79
simulated_Ghana_pop_084,naive_coi_paramset6,Ghana,2.33,0.2,0.5,0.2,100,100,2.714774392099645,1.25,-1.23
simulated_Ghana_pop_085,naive_coi_paramset1,Ghana,99,0.7,0.25,0.5,100,100,0.31622776601683816,0.08,-0.08
simulated_Ghana_pop_085,naive_coi_paramset2,Ghana,99,0.7,0.25,0.5,100,100,0.31622776601683816,0.1,0.1
simulated_Ghana_pop_085,naive_coi_paramset3,Ghana,99,0.7,0.25,0.5,100,100,0.714142842854285,0.35,0.35
simulated_Ghana_pop_085,naive_coi_paramset4,Ghana,99,0.7,0.25,0.5,100,100,1.3638181696985856,0.72,0.72
simulated_Ghana_pop_085,naive_coi_paramset5,Ghana,99,0.7,0.25,0.5,100,100,0.9848857801796105,0.51,0.51
simulated_Ghana_pop_085,naive_coi_paramset6,Ghana,99,0.7,0.25,0.5,100,100,0.6403124237432848,0.31,0.31
simulated_Ghana_pop_086,naive_coi_paramset1,Ghana,99,0.7,0.25,0.2,100,100,0,0,0
simulated_Ghana_pop_086,naive_coi_paramset2,Ghana,99,0.7,0.25,0.2,100,100,0.2828427124746189,0.08,0.08
simulated_Ghana_pop_086,naive_coi_paramset3,Ghana,99,0.7,0.25,0.2,100,100,0.5,0.17,0.17
simulated_Ghana_pop_086,naive_coi_paramset4,Ghana,99,0.7,0.25,0.2,100,100,0.888819441731559,0.35,0.35
simulated_Ghana_pop_086,naive_coi_paramset5,Ghana,99,0.7,0.25,0.2,100,100,0.6928203230275508,0.24,0.24
simulated_Ghana_pop_086,naive_coi_paramset6,Ghana,99,0.7,0.25,0.2,100,100,0.4242640687119285,0.14,0.14
simulated_Ghana_pop_087,naive_coi_paramset1,Ghana,99,0.2,0.5,0.5,100,100,3.704051835490424,1.52,-1.52
simulated_Ghana_pop_087,naive_coi_paramset2,Ghana,99,0.2,0.5,0.5,100,100,3.3555923471125046,1.16,-0.94
simulated_Ghana_pop_087,naive_coi_paramset3,Ghana,99,0.2,0.5,0.5,100,100,3.127299154222381,1.26,-0.48
simulated_Ghana_pop_087,naive_coi_paramset4,Ghana,99,0.2,0.5,0.5,100,100,2.6645825188948455,1.82,1.4
simulated_Ghana_pop_087,naive_coi_paramset5,Ghana,99,0.2,0.5,0.5,100,100,2.4959967948697366,1.29,0.37
simulated_Ghana_pop_087,naive_coi_paramset6,Ghana,99,0.2,0.5,0.5,100,100,2.9137604568666924,1.15,-0.41
simulated_Ghana_pop_088,naive_coi_paramset1,Ghana,99,0.2,0.5,0.2,100,100,2.379075450674063,1.34,-1.34
simulated_Ghana_pop_088,naive_coi_paramset2,Ghana,99,0.2,0.5,0.2,100,100,1.8761663039293706,0.9,-0.72
simulated_Ghana_pop_088,naive_coi_paramset3,Ghana,99,0.2,0.5,0.2,100,100,1.7233687939614089,0.99,-0.35
simulated_Ghana_pop_088,naive_coi_paramset4,Ghana,99,0.2,0.5,0.2,100,100,1.5905973720586866,1.15,0.97
simulated_Ghana_pop_088,naive_coi_paramset5,Ghana,99,0.2,0.5,0.2,100,100,1.2489995996796797,0.86,0.28
simulated_Ghana_pop_088,naive_coi_paramset6,Ghana,99,0.2,0.5,0.2,100,100,1.4142135623730951,0.8,-0.22
simulated_Ghana_pop_089,naive_coi_paramset1,Ghana,9,0.7,0.25,0.5,100,100,0.19999999999999996,0.04,-0.04
simulated_Ghana_pop_089,naive_coi_paramset2,Ghana,9,0.7,0.25,0.5,100,100,0.14142135623730945,0.02,0
simulated_Ghana_pop_089,naive_coi_paramset3,Ghana,9,0.7,0.25,0.5,100,100,0.4472135954999583,0.18,0.18
simulated_Ghana_pop_089,naive_coi_paramset4,Ghana,9,0.7,0.25,0.5,100,100,0.8,0.38,0.38
simulated_Ghana_pop_089,naive_coi_paramset5,Ghana,9,0.7,0.25,0.5,100,100,0.6782329983125268,0.3,0.3
simulated_Ghana_pop_089,naive_coi_paramset6,Ghana,9,0.7,0.25,0.5,100,100,0.3162277660168379,0.1,0.1
simulated_Ghana_pop_090,naive_coi_paramset1,Ghana,9,0.7,0.25,0.2,100,100,0.38729833462074137,0.09,-0.09
simulated_Ghana_pop_090,naive_coi_paramset2,Ghana,9,0.7,0.25,0.2,100,100,0.3162277660168382,0.04,-0.02
simulated_Ghana_pop_090,naive_coi_paramset3,Ghana,9,0.7,0.25,0.2,100,100,0.4582575694955835,0.17,0.13
simulated_Ghana_pop_090,naive_coi_paramset4,Ghana,9,0.7,0.25,0.2,100,100,0.7211102550927981,0.32,0.3
simulated_Ghana_pop_090,naive_coi_paramset5,Ghana,9,0.7,0.25,0.2,100,100,0.5744562646538028,0.23,0.21
simulated_Ghana_pop_090,naive_coi_paramset6,Ghana,9,0.7,0.25,0.2,100,100,0.4123105625617661,0.13,0.09
simulated_Ghana_pop_091,naive_coi_paramset1,Ghana,9,0.2,0.5,0.5,100,100,3.652396473549934,1.94,-1.94
simulated_Ghana_pop_091,naive_coi_paramset2,Ghana,9,0.2,0.5,0.5,100,100,3.1606961258558206,1.49,-1.39
simulated_Ghana_pop_091,naive_coi_paramset3,Ghana,9,0.2,0.5,0.5,100,100,3.003331483536243,1.58,-0.98
simulated_Ghana_pop_091,naive_coi_paramset4,Ghana,9,0.2,0.5,0.5,100,100,2.137755832643195,1.35,-0.01
simulated_Ghana_pop_091,naive_coi_paramset5,Ghana,9,0.2,0.5,0.5,100,100,2.32379000772445,1.36,-0.38
simulated_Ghana_pop_091,naive_coi_paramset6,Ghana,9,0.2,0.5,0.5,100,100,2.851315485876651,1.51,-0.95
simulated_Ghana_pop_092,naive_coi_paramset1,Ghana,9,0.2,0.5,0.2,100,100,2.463736998950985,1.17,-1.17
simulated_Ghana_pop_092,naive_coi_paramset2,Ghana,9,0.2,0.5,0.2,100,100,2.095232683975698,0.83,-0.75
simulated_Ghana_pop_092,naive_coi_paramset3,Ghana,9,0.2,0.5,0.2,100,100,1.902629759044044,0.84,-0.34
simulated_Ghana_pop_092,naive_coi_paramset4,Ghana,9,0.2,0.5,0.2,100,100,1.6733200530681511,1.06,0.46
simulated_Ghana_pop_092,naive_coi_paramset5,Ghana,9,0.2,0.5,0.2,100,100,1.6370705543744901,0.92,0.04
simulated_Ghana_pop_092,naive_coi_paramset6,Ghana,9,0.2,0.5,0.2,100,100,1.8841443681416774,0.81,-0.35
simulated_Ghana_pop_093,naive_coi_paramset1,Ghana,2.33,0.7,0.25,0.5,100,100,0.2449489742783178,0.06,-0.06
simulated_Ghana_pop_093,naive_coi_paramset2,Ghana,2.33,0.7,0.25,0.5,100,100,0.09999999999999996,0.01,0.01
simulated_Ghana_pop_093,naive_coi_paramset3,Ghana,2.33,0.7,0.25,0.5,100,100,0.42426406871192873,0.16,0.16
simulated_Ghana_pop_093,naive_coi_paramset4,Ghana,2.33,0.7,0.25,0.5,100,100,0.9327379053088816,0.45,0.45
simulated_Ghana_pop_093,naive_coi_paramset5,Ghana,2.33,0.7,0.25,0.5,100,100,0.7141428428542852,0.33,0.33
simulated_Ghana_pop_093,naive_coi_paramset6,Ghana,2.33,0.7,0.25,0.5,100,100,0.39999999999999997,0.14,0.14
simulated_Ghana_pop_094,naive_coi_paramset1,Ghana,2.33,0.7,0.25,0.2,100,100,0.2828427124746189,0.06,-0.06
simulated_Ghana_pop_094,naive_coi_paramset2,Ghana,2.33,0.7,0.25,0.2,100,100,0.14142135623730948,0.02,-0.02
simulated_Ghana_pop_094,naive_coi_paramset3,Ghana,2.33,0.7,0.25,0.2,100,100,0.2828427124746189,0.08,0.06
simulated_Ghana_pop_094,naive_coi_paramset4,Ghana,2.33,0.7,0.25,0.2,100,100,0.5567764362830022,0.25,0.25
simulated_Ghana_pop_094,naive_coi_paramset5,Ghana,2.33,0.7,0.25,0.2,100,100,0.4358898943540674,0.17,0.17
simulated_Ghana_pop_094,naive_coi_paramset6,Ghana,2.33,0.7,0.25,0.2,100,100,0.282842712474619,0.08,0.04
simulated_Ghana_pop_095,naive_coi_paramset1,Ghana,2.33,0.2,0.5,0.5,100,100,3.199999999999999,1.8,-1.8
simulated_Ghana_pop_095,naive_coi_paramset2,Ghana,2.33,0.2,0.5,0.5,100,100,2.6134268690743965,1.37,-1.35
simulated_Ghana_pop_095,naive_coi_paramset3,Ghana,2.33,0.2,0.5,0.5,100,100,2.2271057451320093,1.16,-0.92
simulated_Ghana_pop_095,naive_coi_paramset4,Ghana,2.33,0.2,0.5,0.5,100,100,1.881488772222678,1.2,0.2
simulated_Ghana_pop_095,naive_coi_paramset5,Ghana,2.33,0.2,0.5,0.5,100,100,1.824828759089466,0.99,-0.41
simulated_Ghana_pop_095,naive_coi_paramset6,Ghana,2.33,0.2,0.5,0.5,100,100,2.14009345590327,1.12,-0.94
simulated_Ghana_pop_096,naive_coi_paramset1,Ghana,2.33,0.2,0.5,0.2,100,100,3.7920970451717086,1.7,-1.7
simulated_Ghana_pop_096,naive_coi_paramset2,Ghana,2.33,0.2,0.5,0.2,100,100,3.3704599092705414,1.34,-1.3
simulated_Ghana_pop_096,naive_coi_paramset3,Ghana,2.33,0.2,0.5,0.2,100,100,3.1937438845342605,1.42,-0.82
simulated_Ghana_pop_096,naive_coi_paramset4,Ghana,2.33,0.2,0.5,0.2,100,100,2.6,1.68,0.72
simulated_Ghana_pop_096,naive_coi_paramset5,Ghana,2.33,0.2,0.5,0.2,100,100,2.675817632051931,1.34,-0.04
simulated_Ghana_pop_096,naive_coi_paramset6,Ghana,2.33,0.2,0.5,0.2,100,100,3.0773365106858237,1.31,-0.83
simulated_Ghana_pop_097,naive_coi_paramset1,Ghana,99,0.7,0.25,0.5,100,100,0.19999999999999993,0.04,-0.04
simulated_Ghana_pop_097,naive_coi_paramset2,Ghana,99,0.7,0.25,0.5,100,100,0.3316624790355399,0.11,0.11
simulated_Ghana_pop_097,naive_coi_paramset3,Ghana,99,0.7,0.25,0.5,100,100,0.7348469228349539,0.32,0.32
simulated_Ghana_pop_097,naive_coi_paramset4,Ghana,99,0.7,0.25,0.5,100,100,0.9848857801796105,0.45,0.45
simulated_Ghana_pop_097,naive_coi_paramset5,Ghana,99,0.7,0.25,0.5,100,100,0.8831760866327847,0.4,0.4
simulated_Ghana_pop_097,naive_coi_paramset6,Ghana,99,0.7,0.25,0.5,100,100,0.6480740698407861,0.26,0.26
simulated_Ghana_pop_098,naive_coi_paramset1,Ghana,99,0.7,0.25,0.2,100,100,0.3316624790355399,0.07,-0.07
simulated_Ghana_pop_098,naive_coi_paramset2,Ghana,99,0.7,0.25,0.2,100,100,0.2828427124746189,0.08,0.08
simulated_Ghana_pop_098,naive_coi_paramset3,Ghana,99,0.7,0.25,0.2,100,100,0.6082762530298217,0.23,0.23
simulated_Ghana_pop_098,naive_coi_paramset4,Ghana,99,0.7,0.25,0.2,100,100,0.9591663046625437,0.44,0.44
simulated_Ghana_pop_098,naive_coi_paramset5,Ghana,99,0.7,0.25,0.2,100,100,0.8185352771872451,0.35,0.35
simulated_Ghana_pop_098,naive_coi_paramset6,Ghana,99,0.7,0.25,0.2,100,100,0.5477225575051662,0.2,0.2
simulated_Ghana_pop_099,naive_coi_paramset1,Ghana,99,0.2,0.5,0.5,100,100,3.008321791298264,1.71,-1.71
simulated_Ghana_pop_099,naive_coi_paramset2,Ghana,99,0.2,0.5,0.5,100,100,2.5298221281347044,1.26,-1.12
simulated_Ghana_pop_099,naive_coi_paramset3,Ghana,99,0.2,0.5,0.5,100,100,2.2825424421026654,1.17,-0.73
simulated_Ghana_pop_099,naive_coi_paramset4,Ghana,99,0.2,0.5,0.5,100,100,1.7378147196982765,1.2,0.6
simulated_Ghana_pop_099,naive_coi_paramset5,Ghana,99,0.2,0.5,0.5,100,100,1.697056274847714,0.96,0.06
simulated_Ghana_pop_099,naive_coi_paramset6,Ghana,99,0.2,0.5,0.5,100,100,2.12367605815953,1.07,-0.65
simulated_Ghana_pop_100,naive_coi_paramset1,Ghana,99,0.2,0.5,0.2,100,100,3.3301651610693423,1.45,-1.45
simulated_Ghana_pop_100,naive_coi_paramset2,Ghana,99,0.2,0.5,0.2,100,100,2.9614185789921708,1.27,-0.87
simulated_Ghana_pop_100,naive_coi_paramset3,Ghana,99,0.2,0.5,0.2,100,100,2.7404379212089456,1.35,-0.49
simulated_Ghana_pop_100,naive_coi_paramset4,Ghana,99,0.2,0.5,0.2,100,100,2.0371548787463363,1.47,1.09
simulated_Ghana_pop_100,naive_coi_paramset5,Ghana,99,0.2,0.5,0.2,100,100,1.9544820285692064,1.18,0.42
simulated_Ghana_pop_100,naive_coi_paramset6,Ghana,99,0.2,0.5,0.2,100,100,2.533771891863985,1.22,-0.44
simulated_Ghana_pop_101,naive_coi_paramset1,Ghana,9,0.7,0.25,0.5,100,100,0.22360679774997916,0.03,-0.03
simulated_Ghana_pop_101,naive_coi_paramset2,Ghana,9,0.7,0.25,0.5,100,100,0.22360679774997916,0.05,0.05
simulated_Ghana_pop_101,naive_coi_paramset3,Ghana,9,0.7,0.25,0.5,100,100,0.6480740698407853,0.26,0.26
simulated_Ghana_pop_101,naive_coi_paramset4,Ghana,9,0.7,0.25,0.5,100,100,0.9949874371066199,0.49,0.49
simulated_Ghana_pop_101,naive_coi_paramset5,Ghana,9,0.7,0.25,0.5,100,100,0.8485281374238571,0.38,0.38
simulated_Ghana_pop_101,naive_coi_paramset6,Ghana,9,0.7,0.25,0.5,100,100,0.5291502622129179,0.2,0.2
simulated_Ghana_pop_102,naive_coi_paramset1,Ghana,9,0.7,0.25,0.2,100,100,0.14142135623730945,0.02,-0.02
simulated_Ghana_pop_102,naive_coi_paramset2,Ghana,9,0.7,0.25,0.2,100,100,0.22360679774997916,0.05,0.05
simulated_Ghana_pop_102,naive_coi_paramset3,Ghana,9,0.7,0.25,0.2,100,100,0.30000000000000016,0.09,0.09
simulated_Ghana_pop_102,naive_coi_paramset4,Ghana,9,0.7,0.25,0.2,100,100,0.6633249580710799,0.26,0.26
simulated_Ghana_pop_102,naive_coi_paramset5,Ghana,9,0.7,0.25,0.2,100,100,0.5385164807134504,0.17,0.17
simulated_Ghana_pop_102,naive_coi_paramset6,Ghana,9,0.7,0.25,0.2,100,100,0.3,0.09,0.09
simulated_Ghana_pop_103,naive_coi_paramset1,Ghana,9,0.2,0.5,0.5,100,100,3.558089374931441,1.82,-1.82
simulated_Ghana_pop_103,naive_coi_paramset2,Ghana,9,0.2,0.5,0.5,100,100,3.096772513440404,1.29,-1.23
simulated_Ghana_pop_103,naive_coi_paramset3,Ghana,9,0.2,0.5,0.5,100,100,2.8722813232690143,1.33,-0.77
simulated_Ghana_pop_103,naive_coi_paramset4,Ghana,9,0.2,0.5,0.5,100,100,2.017424100183202,1.29,0.33
simulated_Ghana_pop_103,naive_coi_paramset5,Ghana,9,0.2,0.5,0.5,100,100,2.3643180835073774,1.25,-0.17
simulated_Ghana_pop_103,naive_coi_paramset6,Ghana,9,0.2,0.5,0.5,100,100,2.7129319932501073,1.24,-0.74
simulated_Ghana_pop_104,naive_coi_paramset1,Ghana,9,0.2,0.5,0.2,100,100,1.7349351572897482,0.85,-0.85
simulated_Ghana_pop_104,naive_coi_paramset2,Ghana,9,0.2,0.5,0.2,100,100,1.2806248474865696,0.56,-0.46
simulated_Ghana_pop_104,naive_coi_paramset3,Ghana,9,0.2,0.5,0.2,100,100,1.1789826122551594,0.57,-0.09
simulated_Ghana_pop_104,naive_coi_paramset4,Ghana,9,0.2,0.5,0.2,100,100,1.3601470508735443,0.91,0.67
simulated_Ghana_pop_104,naive_coi_paramset5,Ghana,9,0.2,0.5,0.2,100,100,1.131370849898476,0.68,0.28
simulated_Ghana_pop_104,naive_coi_paramset6,Ghana,9,0.2,0.5,0.2,100,100,1.1224972160321822,0.52,-0.12
simulated_Ghana_pop_105,naive_coi_paramset1,Ghana,2.33,0.7,0.25,0.5,100,100,0.31622776601683805,0.08,-0.08
simulated_Ghana_pop_105,naive_coi_paramset2,Ghana,2.33,0.7,0.25,0.5,100,100,0.2828427124746189,0.06,-0.06
simulated_Ghana_pop_105,naive_coi_paramset3,Ghana,2.33,0.7,0.25,0.5,100,100,0.2828427124746189,0.08,0.02
simulated_Ghana_pop_105,naive_coi_paramset4,Ghana,2.33,0.7,0.25,0.5,100,100,0.6480740698407861,0.28,0.28
simulated_Ghana_pop_105,naive_coi_paramset5,Ghana,2.33,0.7,0.25,0.5,100,100,0.5196152422706632,0.19,0.17
simulated_Ghana_pop_105,naive_coi_paramset6,Ghana,2.33,0.7,0.25,0.5,100,100,0.26457513110645897,0.07,-0.01
simulated_Ghana_pop_106,naive_coi_paramset1,Ghana,2.33,0.7,0.25,0.2,100,100,0.2236067977499791,0.05,-0.05
simulated_Ghana_pop_106,naive_coi_paramset2,Ghana,2.33,0.7,0.25,0.2,100,100,0.17320508075688765,0.03,-0.01
simulated_Ghana_pop_106,naive_coi_paramset3,Ghana,2.33,0.7,0.25,0.2,100,100,0.374165738677394,0.14,0.12
simulated_Ghana_pop_106,naive_coi_paramset4,Ghana,2.33,0.7,0.25,0.2,100,100,0.8306623862918076,0.43,0.43
simulated_Ghana_pop_106,naive_coi_paramset5,Ghana,2.33,0.7,0.25,0.2,100,100,0.6000000000000001,0.28,0.28
simulated_Ghana_pop_106,naive_coi_paramset6,Ghana,2.33,0.7,0.25,0.2,100,100,0.3464101615137754,0.12,0.08
simulated_Ghana_pop_107,naive_coi_paramset1,Ghana,2.33,0.2,0.5,0.5,100,100,2.785677655436824,1.7,-1.7
simulated_Ghana_pop_107,naive_coi_paramset2,Ghana,2.33,0.2,0.5,0.5,100,100,2.4186773244895647,1.37,-1.37
simulated_Ghana_pop_107,naive_coi_paramset3,Ghana,2.33,0.2,0.5,0.5,100,100,1.997498435543817,1.05,-0.87
simulated_Ghana_pop_107,naive_coi_paramset4,Ghana,2.33,0.2,0.5,0.5,100,100,1.6763054614240205,0.99,-0.09
simulated_Ghana_pop_107,naive_coi_paramset5,Ghana,2.33,0.2,0.5,0.5,100,100,1.7435595774162684,0.96,-0.42
simulated_Ghana_pop_107,naive_coi_paramset6,Ghana,2.33,0.2,0.5,0.5,100,100,1.9949937343260005,1.02,-0.94
simulated_Ghana_pop_108,naive_coi_paramset1,Ghana,2.33,0.2,0.5,0.2,100,100,2.801785145224378,1.55,-1.55
simulated_Ghana_pop_108,naive_coi_paramset2,Ghana,2.33,0.2,0.5,0.2,100,100,2.5416530054277677,1.22,-1.2
simulated_Ghana_pop_108,naive_coi_paramset3,Ghana,2.33,0.2,0.5,0.2,100,100,2.1908902300206634,0.98,-0.72
simulated_Ghana_pop_108,naive_coi_paramset4,Ghana,2.33,0.2,0.5,0.2,100,100,1.8384776310850237,1.18,0.02
simulated_Ghana_pop_108,naive_coi_paramset5,Ghana,2.33,0.2,0.5,0.2,100,100,2.0445048300260873,1.22,-0.26
simulated_Ghana_pop_108,naive_coi_paramset6,Ghana,2.33,0.2,0.5,0.2,100,100,2.1840329667841556,0.95,-0.75
simulated_Ghana_pop_109,naive_coi_paramset1,Ghana,99,0.7,0.25,0.5,100,100,0.44721359549995837,0.08,-0.08
simulated_Ghana_pop_109,naive_coi_paramset2,Ghana,99,0.7,0.25,0.5,100,100,0.42426406871192873,0.12,0.06
simulated_Ghana_pop_109,naive_coi_paramset3,Ghana,99,0.7,0.25,0.5,100,100,0.6928203230275511,0.28,0.22
simulated_Ghana_pop_109,naive_coi_paramset4,Ghana,99,0.7,0.25,0.5,100,100,0.9797958971132711,0.5,0.48
simulated_Ghana_pop_109,naive_coi_paramset5,Ghana,99,0.7,0.25,0.5,100,100,0.854400374531753,0.39,0.35
simulated_Ghana_pop_109,naive_coi_paramset6,Ghana,99,0.7,0.25,0.5,100,100,0.648074069840786,0.26,0.2
simulated_Ghana_pop_110,naive_coi_paramset1,Ghana,99,0.7,0.25,0.2,100,100,0.14142135623730945,0.02,-0.02
simulated_Ghana_pop_110,naive_coi_paramset2,Ghana,99,0.7,0.25,0.2,100,100,0.22360679774997916,0.05,0.03
simulated_Ghana_pop_110,naive_coi_paramset3,Ghana,99,0.7,0.25,0.2,100,100,0.4898979485566359,0.16,0.16
simulated_Ghana_pop_110,naive_coi_paramset4,Ghana,99,0.7,0.25,0.2,100,100,0.8,0.32,0.32
simulated_Ghana_pop_110,naive_coi_paramset5,Ghana,99,0.7,0.25,0.2,100,100,0.7416198487095664,0.27,0.27
simulated_Ghana_pop_110,naive_coi_paramset6,Ghana,99,0.7,0.25,0.2,100,100,0.42426406871192845,0.14,0.14
simulated_Ghana_pop_111,naive_coi_paramset1,Ghana,99,0.2,0.5,0.5,100,100,2.9427877939124323,1.32,-1.32
simulated_Ghana_pop_111,naive_coi_paramset2,Ghana,99,0.2,0.5,0.5,100,100,2.622975409720801,1.06,-0.74
simulated_Ghana_pop_111,naive_coi_paramset3,Ghana,99,0.2,0.5,0.5,100,100,2.479919353527451,1.23,-0.31
simulated_Ghana_pop_111,naive_coi_paramset4,Ghana,99,0.2,0.5,0.5,100,100,2.0639767440550294,1.36,0.76
simulated_Ghana_pop_111,naive_coi_paramset5,Ghana,99,0.2,0.5,0.5,100,100,2.004993765576342,1.14,0.34
simulated_Ghana_pop_111,naive_coi_paramset6,Ghana,99,0.2,0.5,0.5,100,100,2.23606797749979,1.08,-0.24
simulated_Ghana_pop_112,naive_coi_paramset1,Ghana,99,0.2,0.5,0.2,100,100,2.8513154858766514,1.25,-1.25
simulated_Ghana_pop_112,naive_coi_paramset2,Ghana,99,0.2,0.5,0.2,100,100,2.449489742783178,0.98,-0.76
simulated_Ghana_pop_112,naive_coi_paramset3,Ghana,99,0.2,0.5,0.2,100,100,2.30651251893416,1.18,-0.36
simulated_Ghana_pop_112,naive_coi_paramset4,Ghana,99,0.2,0.5,0.2,100,100,1.772004514666935,1.2,0.96
simulated_Ghana_pop_112,naive_coi_paramset5,Ghana,99,0.2,0.5,0.2,100,100,1.6309506430300096,0.96,0.38
simulated_Ghana_pop_112,naive_coi_paramset6,Ghana,99,0.2,0.5,0.2,100,100,2.0880613017821097,1,-0.24
simulated_Ghana_pop_113,naive_coi_paramset1,Ghana,9,0.7,0.25,0.5,100,100,0.19999999999999993,0.04,-0.04
simulated_Ghana_pop_113,naive_coi_paramset2,Ghana,9,0.7,0.25,0.5,100,100,0.2645751311064589,0.07,0.05
simulated_Ghana_pop_113,naive_coi_paramset3,Ghana,9,0.7,0.25,0.5,100,100,0.5567764362830026,0.23,0.23
simulated_Ghana_pop_113,naive_coi_paramset4,Ghana,9,0.7,0.25,0.5,100,100,1.0999999999999999,0.51,0.51
simulated_Ghana_pop_113,naive_coi_paramset5,Ghana,9,0.7,0.25,0.5,100,100,0.8485281374238571,0.38,0.38
simulated_Ghana_pop_113,naive_coi_paramset6,Ghana,9,0.7,0.25,0.5,100,100,0.529150262212918,0.2,0.2
simulated_Ghana_pop_114,naive_coi_paramset1,Ghana,9,0.7,0.25,0.2,100,100,0.17320508075688776,0.03,-0.03
simulated_Ghana_pop_114,naive_coi_paramset2,Ghana,9,0.7,0.25,0.2,100,100,0.2645751311064589,0.07,0.07
simulated_Ghana_pop_114,naive_coi_paramset3,Ghana,9,0.7,0.25,0.2,100,100,0.47958315233127163,0.19,0.19
simulated_Ghana_pop_114,naive_coi_paramset4,Ghana,9,0.7,0.25,0.2,100,100,0.8366600265340755,0.38,0.38
simulated_Ghana_pop_114,naive_coi_paramset5,Ghana,9,0.7,0.25,0.2,100,100,0.7211102550927979,0.3,0.3
simulated_Ghana_pop_114,naive_coi_paramset6,Ghana,9,0.7,0.25,0.2,100,100,0.4358898943540674,0.17,0.17
simulated_Ghana_pop_115,naive_coi_paramset1,Ghana,9,0.2,0.5,0.5,100,100,3.8910152916687455,2.12,-2.12
simulated_Ghana_pop_115,naive_coi_paramset2,Ghana,9,0.2,0.5,0.5,100,100,3.472751070837071,1.74,-1.68
simulated_Ghana_pop_115,naive_coi_paramset3,Ghana,9,0.2,0.5,0.5,100,100,3.330165161069343,1.69,-1.23
simulated_Ghana_pop_115,naive_coi_paramset4,Ghana,9,0.2,0.5,0.5,100,100,2.3748684174075834,1.58,-0.02
simulated_Ghana_pop_115,naive_coi_paramset5,Ghana,9,0.2,0.5,0.5,100,100,2.445403852127497,1.44,-0.48
simulated_Ghana_pop_115,naive_coi_paramset6,Ghana,9,0.2,0.5,0.5,100,100,3.029851481508623,1.58,-1.16
simulated_Ghana_pop_116,naive_coi_paramset1,Ghana,9,0.2,0.5,0.2,100,100,4.095119045888655,1.85,-1.85
simulated_Ghana_pop_116,naive_coi_paramset2,Ghana,9,0.2,0.5,0.2,100,100,3.71348892552543,1.57,-1.43
simulated_Ghana_pop_116,naive_coi_paramset3,Ghana,9,0.2,0.5,0.2,100,100,3.4307433596816903,1.51,-1.05
simulated_Ghana_pop_116,naive_coi_paramset4,Ghana,9,0.2,0.5,0.2,100,100,2.376972864800942,1.35,0.11
simulated_Ghana_pop_116,naive_coi_paramset5,Ghana,9,0.2,0.5,0.2,100,100,2.8982753492378874,1.4,-0.46
simulated_Ghana_pop_116,naive_coi_paramset6,Ghana,9,0.2,0.5,0.2,100,100,3.272613634390715,1.41,-0.99
simulated_Ghana_pop_117,naive_coi_paramset1,Ghana,2.33,0.7,0.25,0.5,100,100,0.44721359549995815,0.1,-0.1
simulated_Ghana_pop_117,naive_coi_paramset2,Ghana,2.33,0.7,0.25,0.5,100,100,0.30000000000000016,0.07,-0.05
simulated_Ghana_pop_117,naive_coi_paramset3,Ghana,2.33,0.7,0.25,0.5,100,100,0.39999999999999986,0.16,0.1
simulated_Ghana_pop_117,naive_coi_paramset4,Ghana,2.33,0.7,0.25,0.5,100,100,0.8717797887081348,0.4,0.4
simulated_Ghana_pop_117,naive_coi_paramset5,Ghana,2.33,0.7,0.25,0.5,100,100,0.6082762530298219,0.25,0.25
simulated_Ghana_pop_117,naive_coi_paramset6,Ghana,2.33,0.7,0.25,0.5,100,100,0.37416573867739406,0.14,0.08
simulated_Ghana_pop_118,naive_coi_paramset1,Ghana,2.33,0.7,0.25,0.2,100,100,0.24494897427831774,0.06,-0.06
simulated_Ghana_pop_118,naive_coi_paramset2,Ghana,2.33,0.7,0.25,0.2,100,100,0.14142135623730945,0.02,-0.02
simulated_Ghana_pop_118,naive_coi_paramset3,Ghana,2.33,0.7,0.25,0.2,100,100,0.30000000000000016,0.09,0.09
simulated_Ghana_pop_118,naive_coi_paramset4,Ghana,2.33,0.7,0.25,0.2,100,100,0.6557438524302001,0.29,0.29
simulated_Ghana_pop_118,naive_coi_paramset5,Ghana,2.33,0.7,0.25,0.2,100,100,0.45825756949558405,0.19,0.19
simulated_Ghana_pop_118,naive_coi_paramset6,Ghana,2.33,0.7,0.25,0.2,100,100,0.3,0.09,0.07
simulated_Ghana_pop_119,naive_coi_paramset1,Ghana,2.33,0.2,0.5,0.5,100,100,2.598076211353316,1.43,-1.43
simulated_Ghana_pop_119,naive_coi_paramset2,Ghana,2.33,0.2,0.5,0.5,100,100,2.007485989988473,1.01,-0.97
simulated_Ghana_pop_119,naive_coi_paramset3,Ghana,2.33,0.2,0.5,0.5,100,100,1.8761663039293706,1.02,-0.58
simulated_Ghana_pop_119,naive_coi_paramset4,Ghana,2.33,0.2,0.5,0.5,100,100,1.4142135623730951,0.92,0.2
simulated_Ghana_pop_119,naive_coi_paramset5,Ghana,2.33,0.2,0.5,0.5,100,100,1.5652475842498528,0.97,-0.07
simulated_Ghana_pop_119,naive_coi_paramset6,Ghana,2.33,0.2,0.5,0.5,100,100,1.7972200755611432,0.93,-0.65
simulated_Ghana_pop_120,naive_coi_paramset1,Ghana,2.33,0.2,0.5,0.2,100,100,3.9420806688854073,1.78,-1.78
simulated_Ghana_pop_120,naive_coi_paramset2,Ghana,2.33,0.2,0.5,0.2,100,100,3.679673898594822,1.58,-1.58
simulated_Ghana_pop_120,naive_coi_paramset3,Ghana,2.33,0.2,0.5,0.2,100,100,3.5468295701936374,1.42,-1.38
simulated_Ghana_pop_120,naive_coi_paramset4,Ghana,2.33,0.2,0.5,0.2,100,100,3.1128764832546763,1.27,-0.83
simulated_Ghana_pop_120,naive_coi_paramset5,Ghana,2.33,0.2,0.5,0.2,100,100,3.3361654635224562,1.33,-1.13
simulated_Ghana_pop_120,naive_coi_paramset6,Ghana,2.33,0.2,0.5,0.2,100,100,3.4899856733230292,1.44,-1.44
