sim_id,paramset_id,country,pop_alpha,coi_p,coi_r,k_s,n_samples,n_rows,mean_tool_coi,mean_sim_coi,mean_error,abs_mean_error,mean_sq_error,method,quantile_threshold,integer_threshold,paramset_label
simulated_Cambodia_pop_001,naive_coi_paramset1,Cambodia,99,0.7,0.25,0.5,100,100,1.27,1.33,-0.06000000000000005,0.06000000000000005,0.0036000000000000064,quantile_method,0.1,NA,q=0.100
simulated_Cambodia_pop_001,naive_coi_paramset2,Cambodia,99,0.7,0.25,0.5,100,100,1.31,1.33,-0.020000000000000018,0.020000000000000018,4.000000000000007e-4,quantile_method,0.05,NA,q=0.050
simulated_Cambodia_pop_001,naive_coi_paramset3,Cambodia,99,0.7,0.25,0.5,100,100,1.47,1.33,0.1399999999999999,0.1399999999999999,0.01959999999999997,quantile_method,0.025,NA,q=0.025
simulated_Cambodia_pop_001,naive_coi_paramset4,Cambodia,99,0.7,0.25,0.5,100,100,1.82,1.33,0.49,0.49,0.24009999999999998,integer_method,NA,1,int=1
simulated_Cambodia_pop_001,naive_coi_paramset5,Cambodia,99,0.7,0.25,0.5,100,100,1.65,1.33,0.31999999999999984,0.31999999999999984,0.1023999999999999,integer_method,NA,2,int=2
simulated_Cambodia_pop_001,naive_coi_paramset6,Cambodia,99,0.7,0.25,0.5,100,100,1.43,1.33,0.09999999999999987,0.09999999999999987,0.009999999999999974,integer_method,NA,5,int=5
simulated_Cambodia_pop_002,naive_coi_paramset1,Cambodia,99,0.7,0.25,0.2,100,100,1.21,1.28,-0.07000000000000006,0.07000000000000006,0.0049000000000000085,quantile_method,0.1,NA,q=0.100
simulated_Cambodia_pop_002,naive_coi_paramset2,Cambodia,99,0.7,0.25,0.2,100,100,1.26,1.28,-0.020000000000000018,0.020000000000000018,4.000000000000007e-4,quantile_method,0.05,NA,q=0.050
simulated_Cambodia_pop_002,naive_coi_paramset3,Cambodia,99,0.7,0.25,0.2,100,100,1.41,1.28,0.1299999999999999,0.1299999999999999,0.01689999999999997,quantile_method,0.025,NA,q=0.025
simulated_Cambodia_pop_002,naive_coi_paramset4,Cambodia,99,0.7,0.25,0.2,100,100,1.68,1.28,0.3999999999999999,0.3999999999999999,0.15999999999999992,integer_method,NA,1,int=1
simulated_Cambodia_pop_002,naive_coi_paramset5,Cambodia,99,0.7,0.25,0.2,100,100,1.57,1.28,0.29000000000000004,0.29000000000000004,0.08410000000000002,integer_method,NA,2,int=2
simulated_Cambodia_pop_002,naive_coi_paramset6,Cambodia,99,0.7,0.25,0.2,100,100,1.37,1.28,0.09000000000000008,0.09000000000000008,0.008100000000000015,integer_method,NA,5,int=5
simulated_Cambodia_pop_003,naive_coi_paramset1,Cambodia,99,0.2,0.5,0.5,100,100,1.73,3.82,-2.09,2.09,4.368099999999999,quantile_method,0.1,NA,q=0.100
simulated_Cambodia_pop_003,naive_coi_paramset2,Cambodia,99,0.2,0.5,0.5,100,100,2.21,3.82,-1.6099999999999999,1.6099999999999999,2.5920999999999994,quantile_method,0.05,NA,q=0.050
simulated_Cambodia_pop_003,naive_coi_paramset3,Cambodia,99,0.2,0.5,0.5,100,100,2.67,3.82,-1.15,1.15,1.3224999999999998,quantile_method,0.025,NA,q=0.025
simulated_Cambodia_pop_003,naive_coi_paramset4,Cambodia,99,0.2,0.5,0.5,100,100,3.88,3.82,0.06000000000000005,0.06000000000000005,0.0036000000000000064,integer_method,NA,1,int=1
simulated_Cambodia_pop_003,naive_coi_paramset5,Cambodia,99,0.2,0.5,0.5,100,100,3.28,3.82,-0.54,0.54,0.2916,integer_method,NA,2,int=2
simulated_Cambodia_pop_003,naive_coi_paramset6,Cambodia,99,0.2,0.5,0.5,100,100,2.67,3.82,-1.15,1.15,1.3224999999999998,integer_method,NA,5,int=5
simulated_Cambodia_pop_004,naive_coi_paramset1,Cambodia,99,0.2,0.5,0.2,100,100,1.87,3.9,-2.03,2.03,4.120899999999999,quantile_method,0.1,NA,q=0.100
simulated_Cambodia_pop_004,naive_coi_paramset2,Cambodia,99,0.2,0.5,0.2,100,100,2.37,3.9,-1.5299999999999998,1.5299999999999998,2.3408999999999995,quantile_method,0.05,NA,q=0.050
simulated_Cambodia_pop_004,naive_coi_paramset3,Cambodia,99,0.2,0.5,0.2,100,100,2.86,3.9,-1.04,1.04,1.0816000000000001,quantile_method,0.025,NA,q=0.025
simulated_Cambodia_pop_004,naive_coi_paramset4,Cambodia,99,0.2,0.5,0.2,100,100,4.05,3.9,0.1499999999999999,0.1499999999999999,0.022499999999999975,integer_method,NA,1,int=1
simulated_Cambodia_pop_004,naive_coi_paramset5,Cambodia,99,0.2,0.5,0.2,100,100,3.43,3.9,-0.46999999999999975,0.46999999999999975,0.22089999999999976,integer_method,NA,2,int=2
simulated_Cambodia_pop_004,naive_coi_paramset6,Cambodia,99,0.2,0.5,0.2,100,100,2.86,3.9,-1.04,1.04,1.0816000000000001,integer_method,NA,5,int=5
simulated_Cambodia_pop_005,naive_coi_paramset1,Cambodia,9,0.7,0.25,0.5,100,100,1.26,1.36,-0.10000000000000009,0.10000000000000009,0.010000000000000018,quantile_method,0.1,NA,q=0.100
simulated_Cambodia_pop_005,naive_coi_paramset2,Cambodia,9,0.7,0.25,0.5,100,100,1.3,1.36,-0.06000000000000005,0.06000000000000005,0.0036000000000000064,quantile_method,0.05,NA,q=0.050
simulated_Cambodia_pop_005,naive_coi_paramset3,Cambodia,9,0.7,0.25,0.5,100,100,1.38,1.36,0.019999999999999796,0.019999999999999796,3.9999999999999183e-4,quantile_method,0.025,NA,q=0.025
simulated_Cambodia_pop_005,naive_coi_paramset4,Cambodia,9,0.7,0.25,0.5,100,100,1.68,1.36,0.31999999999999984,0.31999999999999984,0.1023999999999999,integer_method,NA,1,int=1
simulated_Cambodia_pop_005,naive_coi_paramset5,Cambodia,9,0.7,0.25,0.5,100,100,1.54,1.36,0.17999999999999994,0.17999999999999994,0.03239999999999998,integer_method,NA,2,int=2
simulated_Cambodia_pop_005,naive_coi_paramset6,Cambodia,9,0.7,0.25,0.5,100,100,1.36,1.36,0,0,0,integer_method,NA,5,int=5
simulated_Cambodia_pop_006,naive_coi_paramset1,Cambodia,9,0.7,0.25,0.2,100,100,1.3,1.44,-0.1399999999999999,0.1399999999999999,0.01959999999999997,quantile_method,0.1,NA,q=0.100
simulated_Cambodia_pop_006,naive_coi_paramset2,Cambodia,9,0.7,0.25,0.2,100,100,1.35,1.44,-0.08999999999999986,0.08999999999999986,0.008099999999999975,quantile_method,0.05,NA,q=0.050
simulated_Cambodia_pop_006,naive_coi_paramset3,Cambodia,9,0.7,0.25,0.2,100,100,1.47,1.44,0.030000000000000027,0.030000000000000027,9.000000000000016e-4,quantile_method,0.025,NA,q=0.025
simulated_Cambodia_pop_006,naive_coi_paramset4,Cambodia,9,0.7,0.25,0.2,100,100,1.82,1.44,0.3800000000000001,0.3800000000000001,0.14440000000000008,integer_method,NA,1,int=1
simulated_Cambodia_pop_006,naive_coi_paramset5,Cambodia,9,0.7,0.25,0.2,100,100,1.65,1.44,0.20999999999999996,0.20999999999999996,0.044099999999999986,integer_method,NA,2,int=2
simulated_Cambodia_pop_006,naive_coi_paramset6,Cambodia,9,0.7,0.25,0.2,100,100,1.43,1.44,-0.010000000000000009,0.010000000000000009,1.0000000000000018e-4,integer_method,NA,5,int=5
simulated_Cambodia_pop_007,naive_coi_paramset1,Cambodia,9,0.2,0.5,0.5,100,100,1.77,4.1,-2.3299999999999996,2.3299999999999996,5.428899999999998,quantile_method,0.1,NA,q=0.100
simulated_Cambodia_pop_007,naive_coi_paramset2,Cambodia,9,0.2,0.5,0.5,100,100,2.08,4.1,-2.0199999999999996,2.0199999999999996,4.080399999999998,quantile_method,0.05,NA,q=0.050
simulated_Cambodia_pop_007,naive_coi_paramset3,Cambodia,9,0.2,0.5,0.5,100,100,2.37,4.1,-1.7299999999999995,1.7299999999999995,2.9928999999999983,quantile_method,0.025,NA,q=0.025
simulated_Cambodia_pop_007,naive_coi_paramset4,Cambodia,9,0.2,0.5,0.5,100,100,3.44,4.1,-0.6599999999999997,0.6599999999999997,0.4355999999999996,integer_method,NA,1,int=1
simulated_Cambodia_pop_007,naive_coi_paramset5,Cambodia,9,0.2,0.5,0.5,100,100,2.91,4.1,-1.1899999999999995,1.1899999999999995,1.4160999999999988,integer_method,NA,2,int=2
simulated_Cambodia_pop_007,naive_coi_paramset6,Cambodia,9,0.2,0.5,0.5,100,100,2.42,4.1,-1.6799999999999997,1.6799999999999997,2.822399999999999,integer_method,NA,5,int=5
simulated_Cambodia_pop_008,naive_coi_paramset1,Cambodia,9,0.2,0.5,0.2,100,100,1.73,3.43,-1.7000000000000002,1.7000000000000002,2.8900000000000006,quantile_method,0.1,NA,q=0.100
simulated_Cambodia_pop_008,naive_coi_paramset2,Cambodia,9,0.2,0.5,0.2,100,100,2.16,3.43,-1.27,1.27,1.6129,quantile_method,0.05,NA,q=0.050
simulated_Cambodia_pop_008,naive_coi_paramset3,Cambodia,9,0.2,0.5,0.2,100,100,2.6,3.43,-0.8300000000000001,0.8300000000000001,0.6889000000000001,quantile_method,0.025,NA,q=0.025
simulated_Cambodia_pop_008,naive_coi_paramset4,Cambodia,9,0.2,0.5,0.2,100,100,3.38,3.43,-0.050000000000000266,0.050000000000000266,0.0025000000000000265,integer_method,NA,1,int=1
simulated_Cambodia_pop_008,naive_coi_paramset5,Cambodia,9,0.2,0.5,0.2,100,100,2.92,3.43,-0.5100000000000002,0.5100000000000002,0.2601000000000002,integer_method,NA,2,int=2
simulated_Cambodia_pop_008,naive_coi_paramset6,Cambodia,9,0.2,0.5,0.2,100,100,2.56,3.43,-0.8700000000000001,0.8700000000000001,0.7569000000000002,integer_method,NA,5,int=5
simulated_Cambodia_pop_009,naive_coi_paramset1,Cambodia,2.33,0.7,0.25,0.5,100,100,1.18,1.33,-0.15000000000000013,0.15000000000000013,0.02250000000000004,quantile_method,0.1,NA,q=0.100
simulated_Cambodia_pop_009,naive_coi_paramset2,Cambodia,2.33,0.7,0.25,0.5,100,100,1.24,1.33,-0.09000000000000008,0.09000000000000008,0.008100000000000015,quantile_method,0.05,NA,q=0.050
simulated_Cambodia_pop_009,naive_coi_paramset3,Cambodia,2.33,0.7,0.25,0.5,100,100,1.32,1.33,-0.010000000000000009,0.010000000000000009,1.0000000000000018e-4,quantile_method,0.025,NA,q=0.025
simulated_Cambodia_pop_009,naive_coi_paramset4,Cambodia,2.33,0.7,0.25,0.5,100,100,1.51,1.33,0.17999999999999994,0.17999999999999994,0.03239999999999998,integer_method,NA,1,int=1
simulated_Cambodia_pop_009,naive_coi_paramset5,Cambodia,2.33,0.7,0.25,0.5,100,100,1.39,1.33,0.05999999999999983,0.05999999999999983,0.00359999999999998,integer_method,NA,2,int=2
simulated_Cambodia_pop_009,naive_coi_paramset6,Cambodia,2.33,0.7,0.25,0.5,100,100,1.31,1.33,-0.020000000000000018,0.020000000000000018,4.000000000000007e-4,integer_method,NA,5,int=5
simulated_Cambodia_pop_010,naive_coi_paramset1,Cambodia,2.33,0.7,0.25,0.2,100,100,1.22,1.31,-0.09000000000000008,0.09000000000000008,0.008100000000000015,quantile_method,0.1,NA,q=0.100
simulated_Cambodia_pop_010,naive_coi_paramset2,Cambodia,2.33,0.7,0.25,0.2,100,100,1.22,1.31,-0.09000000000000008,0.09000000000000008,0.008100000000000015,quantile_method,0.05,NA,q=0.050
simulated_Cambodia_pop_010,naive_coi_paramset3,Cambodia,2.33,0.7,0.25,0.2,100,100,1.24,1.31,-0.07000000000000006,0.07000000000000006,0.0049000000000000085,quantile_method,0.025,NA,q=0.025
simulated_Cambodia_pop_010,naive_coi_paramset4,Cambodia,2.33,0.7,0.25,0.2,100,100,1.4,1.31,0.08999999999999986,0.08999999999999986,0.008099999999999975,integer_method,NA,1,int=1
simulated_Cambodia_pop_010,naive_coi_paramset5,Cambodia,2.33,0.7,0.25,0.2,100,100,1.29,1.31,-0.020000000000000018,0.020000000000000018,4.000000000000007e-4,integer_method,NA,2,int=2
simulated_Cambodia_pop_010,naive_coi_paramset6,Cambodia,2.33,0.7,0.25,0.2,100,100,1.23,1.31,-0.08000000000000007,0.08000000000000007,0.006400000000000012,integer_method,NA,5,int=5
simulated_Cambodia_pop_011,naive_coi_paramset1,Cambodia,2.33,0.2,0.5,0.5,100,100,1.65,3.46,-1.81,1.81,3.2761,quantile_method,0.1,NA,q=0.100
simulated_Cambodia_pop_011,naive_coi_paramset2,Cambodia,2.33,0.2,0.5,0.5,100,100,1.94,3.46,-1.52,1.52,2.3104,quantile_method,0.05,NA,q=0.050
simulated_Cambodia_pop_011,naive_coi_paramset3,Cambodia,2.33,0.2,0.5,0.5,100,100,2.13,3.46,-1.33,1.33,1.7689000000000001,quantile_method,0.025,NA,q=0.025
simulated_Cambodia_pop_011,naive_coi_paramset4,Cambodia,2.33,0.2,0.5,0.5,100,100,2.76,3.46,-0.7000000000000002,0.7000000000000002,0.49000000000000027,integer_method,NA,1,int=1
simulated_Cambodia_pop_011,naive_coi_paramset5,Cambodia,2.33,0.2,0.5,0.5,100,100,2.49,3.46,-0.9699999999999998,0.9699999999999998,0.9408999999999995,integer_method,NA,2,int=2
simulated_Cambodia_pop_011,naive_coi_paramset6,Cambodia,2.33,0.2,0.5,0.5,100,100,2.17,3.46,-1.29,1.29,1.6641000000000001,integer_method,NA,5,int=5
simulated_Cambodia_pop_012,naive_coi_paramset1,Cambodia,2.33,0.2,0.5,0.2,100,100,1.63,2.93,-1.3000000000000003,1.3000000000000003,1.6900000000000006,quantile_method,0.1,NA,q=0.100
simulated_Cambodia_pop_012,naive_coi_paramset2,Cambodia,2.33,0.2,0.5,0.2,100,100,1.81,2.93,-1.12,1.12,1.2544000000000002,quantile_method,0.05,NA,q=0.050
simulated_Cambodia_pop_012,naive_coi_paramset3,Cambodia,2.33,0.2,0.5,0.2,100,100,2.07,2.93,-0.8600000000000003,0.8600000000000003,0.7396000000000006,quantile_method,0.025,NA,q=0.025
simulated_Cambodia_pop_012,naive_coi_paramset4,Cambodia,2.33,0.2,0.5,0.2,100,100,2.68,2.93,-0.25,0.25,0.0625,integer_method,NA,1,int=1
simulated_Cambodia_pop_012,naive_coi_paramset5,Cambodia,2.33,0.2,0.5,0.2,100,100,2.33,2.93,-0.6000000000000001,0.6000000000000001,0.3600000000000001,integer_method,NA,2,int=2
simulated_Cambodia_pop_012,naive_coi_paramset6,Cambodia,2.33,0.2,0.5,0.2,100,100,2.03,2.93,-0.9000000000000004,0.9000000000000004,0.8100000000000006,integer_method,NA,5,int=5
simulated_Cambodia_pop_013,naive_coi_paramset1,Cambodia,99,0.7,0.25,0.5,100,100,1.23,1.29,-0.06000000000000005,0.06000000000000005,0.0036000000000000064,quantile_method,0.1,NA,q=0.100
simulated_Cambodia_pop_013,naive_coi_paramset2,Cambodia,99,0.7,0.25,0.5,100,100,1.29,1.29,0,0,0,quantile_method,0.05,NA,q=0.050
simulated_Cambodia_pop_013,naive_coi_paramset3,Cambodia,99,0.7,0.25,0.5,100,100,1.41,1.29,0.11999999999999988,0.11999999999999988,0.014399999999999972,quantile_method,0.025,NA,q=0.025
simulated_Cambodia_pop_013,naive_coi_paramset4,Cambodia,99,0.7,0.25,0.5,100,100,1.71,1.29,0.41999999999999993,0.41999999999999993,0.17639999999999995,integer_method,NA,1,int=1
simulated_Cambodia_pop_013,naive_coi_paramset5,Cambodia,99,0.7,0.25,0.5,100,100,1.59,1.29,0.30000000000000004,0.30000000000000004,0.09000000000000002,integer_method,NA,2,int=2
simulated_Cambodia_pop_013,naive_coi_paramset6,Cambodia,99,0.7,0.25,0.5,100,100,1.36,1.29,0.07000000000000006,0.07000000000000006,0.0049000000000000085,integer_method,NA,5,int=5
simulated_Cambodia_pop_014,naive_coi_paramset1,Cambodia,99,0.7,0.25,0.2,100,100,1.17,1.25,-0.08000000000000007,0.08000000000000007,0.006400000000000012,quantile_method,0.1,NA,q=0.100
simulated_Cambodia_pop_014,naive_coi_paramset2,Cambodia,99,0.7,0.25,0.2,100,100,1.22,1.25,-0.030000000000000027,0.030000000000000027,9.000000000000016e-4,quantile_method,0.05,NA,q=0.050
simulated_Cambodia_pop_014,naive_coi_paramset3,Cambodia,99,0.7,0.25,0.2,100,100,1.31,1.25,0.06000000000000005,0.06000000000000005,0.0036000000000000064,quantile_method,0.025,NA,q=0.025
simulated_Cambodia_pop_014,naive_coi_paramset4,Cambodia,99,0.7,0.25,0.2,100,100,1.55,1.25,0.30000000000000004,0.30000000000000004,0.09000000000000002,integer_method,NA,1,int=1
simulated_Cambodia_pop_014,naive_coi_paramset5,Cambodia,99,0.7,0.25,0.2,100,100,1.47,1.25,0.21999999999999997,0.21999999999999997,0.04839999999999999,integer_method,NA,2,int=2
simulated_Cambodia_pop_014,naive_coi_paramset6,Cambodia,99,0.7,0.25,0.2,100,100,1.3,1.25,0.050000000000000044,0.050000000000000044,0.0025000000000000044,integer_method,NA,5,int=5
simulated_Cambodia_pop_015,naive_coi_paramset1,Cambodia,99,0.2,0.5,0.5,100,100,1.74,3.98,-2.24,2.24,5.017600000000001,quantile_method,0.1,NA,q=0.100
simulated_Cambodia_pop_015,naive_coi_paramset2,Cambodia,99,0.2,0.5,0.5,100,100,2.2,3.98,-1.7799999999999998,1.7799999999999998,3.168399999999999,quantile_method,0.05,NA,q=0.050
simulated_Cambodia_pop_015,naive_coi_paramset3,Cambodia,99,0.2,0.5,0.5,100,100,2.75,3.98,-1.23,1.23,1.5129,quantile_method,0.025,NA,q=0.025
simulated_Cambodia_pop_015,naive_coi_paramset4,Cambodia,99,0.2,0.5,0.5,100,100,3.76,3.98,-0.2200000000000002,0.2200000000000002,0.04840000000000009,integer_method,NA,1,int=1
simulated_Cambodia_pop_015,naive_coi_paramset5,Cambodia,99,0.2,0.5,0.5,100,100,3.19,3.98,-0.79,0.79,0.6241000000000001,integer_method,NA,2,int=2
simulated_Cambodia_pop_015,naive_coi_paramset6,Cambodia,99,0.2,0.5,0.5,100,100,2.77,3.98,-1.21,1.21,1.4641,integer_method,NA,5,int=5
simulated_Cambodia_pop_016,naive_coi_paramset1,Cambodia,99,0.2,0.5,0.2,100,100,1.7,3.34,-1.64,1.64,2.6895999999999995,quantile_method,0.1,NA,q=0.100
simulated_Cambodia_pop_016,naive_coi_paramset2,Cambodia,99,0.2,0.5,0.2,100,100,2.1,3.34,-1.2399999999999998,1.2399999999999998,1.5375999999999994,quantile_method,0.05,NA,q=0.050
simulated_Cambodia_pop_016,naive_coi_paramset3,Cambodia,99,0.2,0.5,0.2,100,100,2.46,3.34,-0.8799999999999999,0.8799999999999999,0.7743999999999999,quantile_method,0.025,NA,q=0.025
simulated_Cambodia_pop_016,naive_coi_paramset4,Cambodia,99,0.2,0.5,0.2,100,100,3.67,3.34,0.33000000000000007,0.33000000000000007,0.10890000000000005,integer_method,NA,1,int=1
simulated_Cambodia_pop_016,naive_coi_paramset5,Cambodia,99,0.2,0.5,0.2,100,100,3.21,3.34,-0.1299999999999999,0.1299999999999999,0.01689999999999997,integer_method,NA,2,int=2
simulated_Cambodia_pop_016,naive_coi_paramset6,Cambodia,99,0.2,0.5,0.2,100,100,2.51,3.34,-0.8300000000000001,0.8300000000000001,0.6889000000000001,integer_method,NA,5,int=5
simulated_Cambodia_pop_017,naive_coi_paramset1,Cambodia,9,0.7,0.25,0.5,100,100,1.14,1.2,-0.06000000000000005,0.06000000000000005,0.0036000000000000064,quantile_method,0.1,NA,q=0.100
simulated_Cambodia_pop_017,naive_coi_paramset2,Cambodia,9,0.7,0.25,0.5,100,100,1.17,1.2,-0.030000000000000027,0.030000000000000027,9.000000000000016e-4,quantile_method,0.05,NA,q=0.050
simulated_Cambodia_pop_017,naive_coi_paramset3,Cambodia,9,0.7,0.25,0.5,100,100,1.25,1.2,0.050000000000000044,0.050000000000000044,0.0025000000000000044,quantile_method,0.025,NA,q=0.025
simulated_Cambodia_pop_017,naive_coi_paramset4,Cambodia,9,0.7,0.25,0.5,100,100,1.44,1.2,0.24,0.24,0.0576,integer_method,NA,1,int=1
simulated_Cambodia_pop_017,naive_coi_paramset5,Cambodia,9,0.7,0.25,0.5,100,100,1.32,1.2,0.1200000000000001,0.1200000000000001,0.014400000000000026,integer_method,NA,2,int=2
simulated_Cambodia_pop_017,naive_coi_paramset6,Cambodia,9,0.7,0.25,0.5,100,100,1.21,1.2,0.010000000000000009,0.010000000000000009,1.0000000000000018e-4,integer_method,NA,5,int=5
simulated_Cambodia_pop_018,naive_coi_paramset1,Cambodia,9,0.7,0.25,0.2,100,100,1.2,1.26,-0.06000000000000005,0.06000000000000005,0.0036000000000000064,quantile_method,0.1,NA,q=0.100
simulated_Cambodia_pop_018,naive_coi_paramset2,Cambodia,9,0.7,0.25,0.2,100,100,1.25,1.26,-0.010000000000000009,0.010000000000000009,1.0000000000000018e-4,quantile_method,0.05,NA,q=0.050
simulated_Cambodia_pop_018,naive_coi_paramset3,Cambodia,9,0.7,0.25,0.2,100,100,1.41,1.26,0.1499999999999999,0.1499999999999999,0.022499999999999975,quantile_method,0.025,NA,q=0.025
simulated_Cambodia_pop_018,naive_coi_paramset4,Cambodia,9,0.7,0.25,0.2,100,100,1.61,1.26,0.3500000000000001,0.3500000000000001,0.12250000000000007,integer_method,NA,1,int=1
simulated_Cambodia_pop_018,naive_coi_paramset5,Cambodia,9,0.7,0.25,0.2,100,100,1.5,1.26,0.24,0.24,0.0576,integer_method,NA,2,int=2
simulated_Cambodia_pop_018,naive_coi_paramset6,Cambodia,9,0.7,0.25,0.2,100,100,1.4,1.26,0.1399999999999999,0.1399999999999999,0.01959999999999997,integer_method,NA,5,int=5
simulated_Cambodia_pop_019,naive_coi_paramset1,Cambodia,9,0.2,0.5,0.5,100,100,1.82,3.67,-1.8499999999999999,1.8499999999999999,3.4224999999999994,quantile_method,0.1,NA,q=0.100
simulated_Cambodia_pop_019,naive_coi_paramset2,Cambodia,9,0.2,0.5,0.5,100,100,2.16,3.67,-1.5099999999999998,1.5099999999999998,2.2800999999999996,quantile_method,0.05,NA,q=0.050
simulated_Cambodia_pop_019,naive_coi_paramset3,Cambodia,9,0.2,0.5,0.5,100,100,2.55,3.67,-1.12,1.12,1.2544000000000002,quantile_method,0.025,NA,q=0.025
simulated_Cambodia_pop_019,naive_coi_paramset4,Cambodia,9,0.2,0.5,0.5,100,100,3.78,3.67,0.10999999999999988,0.10999999999999988,0.012099999999999972,integer_method,NA,1,int=1
simulated_Cambodia_pop_019,naive_coi_paramset5,Cambodia,9,0.2,0.5,0.5,100,100,3.09,3.67,-0.5800000000000001,0.5800000000000001,0.3364000000000001,integer_method,NA,2,int=2
simulated_Cambodia_pop_019,naive_coi_paramset6,Cambodia,9,0.2,0.5,0.5,100,100,2.53,3.67,-1.1400000000000001,1.1400000000000001,1.2996000000000003,integer_method,NA,5,int=5
simulated_Cambodia_pop_020,naive_coi_paramset1,Cambodia,9,0.2,0.5,0.2,100,100,1.64,3.09,-1.45,1.45,2.1025,quantile_method,0.1,NA,q=0.100
simulated_Cambodia_pop_020,naive_coi_paramset2,Cambodia,9,0.2,0.5,0.2,100,100,1.92,3.09,-1.17,1.17,1.3688999999999998,quantile_method,0.05,NA,q=0.050
simulated_Cambodia_pop_020,naive_coi_paramset3,Cambodia,9,0.2,0.5,0.2,100,100,2.36,3.09,-0.73,0.73,0.5328999999999999,quantile_method,0.025,NA,q=0.025
simulated_Cambodia_pop_020,naive_coi_paramset4,Cambodia,9,0.2,0.5,0.2,100,100,3.24,3.09,0.15000000000000036,0.15000000000000036,0.022500000000000107,integer_method,NA,1,int=1
simulated_Cambodia_pop_020,naive_coi_paramset5,Cambodia,9,0.2,0.5,0.2,100,100,2.83,3.09,-0.2599999999999998,0.2599999999999998,0.06759999999999988,integer_method,NA,2,int=2
simulated_Cambodia_pop_020,naive_coi_paramset6,Cambodia,9,0.2,0.5,0.2,100,100,2.31,3.09,-0.7799999999999998,0.7799999999999998,0.6083999999999997,integer_method,NA,5,int=5
simulated_Cambodia_pop_021,naive_coi_paramset1,Cambodia,2.33,0.7,0.25,0.5,100,100,1.19,1.3,-0.1100000000000001,0.1100000000000001,0.012100000000000022,quantile_method,0.1,NA,q=0.100
simulated_Cambodia_pop_021,naive_coi_paramset2,Cambodia,2.33,0.7,0.25,0.5,100,100,1.21,1.3,-0.09000000000000008,0.09000000000000008,0.008100000000000015,quantile_method,0.05,NA,q=0.050
simulated_Cambodia_pop_021,naive_coi_paramset3,Cambodia,2.33,0.7,0.25,0.5,100,100,1.26,1.3,-0.040000000000000036,0.040000000000000036,0.001600000000000003,quantile_method,0.025,NA,q=0.025
simulated_Cambodia_pop_021,naive_coi_paramset4,Cambodia,2.33,0.7,0.25,0.5,100,100,1.54,1.3,0.24,0.24,0.0576,integer_method,NA,1,int=1
simulated_Cambodia_pop_021,naive_coi_paramset5,Cambodia,2.33,0.7,0.25,0.5,100,100,1.37,1.3,0.07000000000000006,0.07000000000000006,0.0049000000000000085,integer_method,NA,2,int=2
simulated_Cambodia_pop_021,naive_coi_paramset6,Cambodia,2.33,0.7,0.25,0.5,100,100,1.24,1.3,-0.06000000000000005,0.06000000000000005,0.0036000000000000064,integer_method,NA,5,int=5
simulated_Cambodia_pop_022,naive_coi_paramset1,Cambodia,2.33,0.7,0.25,0.2,100,100,1.15,1.2,-0.050000000000000044,0.050000000000000044,0.0025000000000000044,quantile_method,0.1,NA,q=0.100
simulated_Cambodia_pop_022,naive_coi_paramset2,Cambodia,2.33,0.7,0.25,0.2,100,100,1.16,1.2,-0.040000000000000036,0.040000000000000036,0.001600000000000003,quantile_method,0.05,NA,q=0.050
simulated_Cambodia_pop_022,naive_coi_paramset3,Cambodia,2.33,0.7,0.25,0.2,100,100,1.22,1.2,0.020000000000000018,0.020000000000000018,4.000000000000007e-4,quantile_method,0.025,NA,q=0.025
simulated_Cambodia_pop_022,naive_coi_paramset4,Cambodia,2.33,0.7,0.25,0.2,100,100,1.39,1.2,0.18999999999999995,0.18999999999999995,0.03609999999999998,integer_method,NA,1,int=1
simulated_Cambodia_pop_022,naive_coi_paramset5,Cambodia,2.33,0.7,0.25,0.2,100,100,1.3,1.2,0.10000000000000009,0.10000000000000009,0.010000000000000018,integer_method,NA,2,int=2
simulated_Cambodia_pop_022,naive_coi_paramset6,Cambodia,2.33,0.7,0.25,0.2,100,100,1.19,1.2,-0.010000000000000009,0.010000000000000009,1.0000000000000018e-4,integer_method,NA,5,int=5
simulated_Cambodia_pop_023,naive_coi_paramset1,Cambodia,2.33,0.2,0.5,0.5,100,100,1.66,3.38,-1.72,1.72,2.9583999999999997,quantile_method,0.1,NA,q=0.100
simulated_Cambodia_pop_023,naive_coi_paramset2,Cambodia,2.33,0.2,0.5,0.5,100,100,1.82,3.38,-1.5599999999999998,1.5599999999999998,2.4335999999999993,quantile_method,0.05,NA,q=0.050
simulated_Cambodia_pop_023,naive_coi_paramset3,Cambodia,2.33,0.2,0.5,0.5,100,100,2.09,3.38,-1.29,1.29,1.6641000000000001,quantile_method,0.025,NA,q=0.025
simulated_Cambodia_pop_023,naive_coi_paramset4,Cambodia,2.33,0.2,0.5,0.5,100,100,2.86,3.38,-0.52,0.52,0.27040000000000003,integer_method,NA,1,int=1
simulated_Cambodia_pop_023,naive_coi_paramset5,Cambodia,2.33,0.2,0.5,0.5,100,100,2.53,3.38,-0.8500000000000001,0.8500000000000001,0.7225000000000001,integer_method,NA,2,int=2
simulated_Cambodia_pop_023,naive_coi_paramset6,Cambodia,2.33,0.2,0.5,0.5,100,100,2.02,3.38,-1.3599999999999999,1.3599999999999999,1.8495999999999997,integer_method,NA,5,int=5
simulated_Cambodia_pop_024,naive_coi_paramset1,Cambodia,2.33,0.2,0.5,0.2,100,100,1.68,3.49,-1.8100000000000003,1.8100000000000003,3.276100000000001,quantile_method,0.1,NA,q=0.100
simulated_Cambodia_pop_024,naive_coi_paramset2,Cambodia,2.33,0.2,0.5,0.2,100,100,2.04,3.49,-1.4500000000000002,1.4500000000000002,2.1025000000000005,quantile_method,0.05,NA,q=0.050
simulated_Cambodia_pop_024,naive_coi_paramset3,Cambodia,2.33,0.2,0.5,0.2,100,100,2.21,3.49,-1.2800000000000002,1.2800000000000002,1.6384000000000007,quantile_method,0.025,NA,q=0.025
simulated_Cambodia_pop_024,naive_coi_paramset4,Cambodia,2.33,0.2,0.5,0.2,100,100,2.88,3.49,-0.6100000000000003,0.6100000000000003,0.3721000000000004,integer_method,NA,1,int=1
simulated_Cambodia_pop_024,naive_coi_paramset5,Cambodia,2.33,0.2,0.5,0.2,100,100,2.64,3.49,-0.8500000000000001,0.8500000000000001,0.7225000000000001,integer_method,NA,2,int=2
simulated_Cambodia_pop_024,naive_coi_paramset6,Cambodia,2.33,0.2,0.5,0.2,100,100,2.22,3.49,-1.27,1.27,1.6129,integer_method,NA,5,int=5
simulated_Cambodia_pop_025,naive_coi_paramset1,Cambodia,99,0.7,0.25,0.5,100,100,1.28,1.33,-0.050000000000000044,0.050000000000000044,0.0025000000000000044,quantile_method,0.1,NA,q=0.100
simulated_Cambodia_pop_025,naive_coi_paramset2,Cambodia,99,0.7,0.25,0.5,100,100,1.33,1.33,0,0,0,quantile_method,0.05,NA,q=0.050
simulated_Cambodia_pop_025,naive_coi_paramset3,Cambodia,99,0.7,0.25,0.5,100,100,1.55,1.33,0.21999999999999997,0.21999999999999997,0.04839999999999999,quantile_method,0.025,NA,q=0.025
simulated_Cambodia_pop_025,naive_coi_paramset4,Cambodia,99,0.7,0.25,0.5,100,100,1.85,1.33,0.52,0.52,0.27040000000000003,integer_method,NA,1,int=1
simulated_Cambodia_pop_025,naive_coi_paramset5,Cambodia,99,0.7,0.25,0.5,100,100,1.79,1.33,0.45999999999999996,0.45999999999999996,0.21159999999999995,integer_method,NA,2,int=2
simulated_Cambodia_pop_025,naive_coi_paramset6,Cambodia,99,0.7,0.25,0.5,100,100,1.51,1.33,0.17999999999999994,0.17999999999999994,0.03239999999999998,integer_method,NA,5,int=5
simulated_Cambodia_pop_026,naive_coi_paramset1,Cambodia,99,0.7,0.25,0.2,100,100,1.19,1.24,-0.050000000000000044,0.050000000000000044,0.0025000000000000044,quantile_method,0.1,NA,q=0.100
simulated_Cambodia_pop_026,naive_coi_paramset2,Cambodia,99,0.7,0.25,0.2,100,100,1.21,1.24,-0.030000000000000027,0.030000000000000027,9.000000000000016e-4,quantile_method,0.05,NA,q=0.050
simulated_Cambodia_pop_026,naive_coi_paramset3,Cambodia,99,0.7,0.25,0.2,100,100,1.32,1.24,0.08000000000000007,0.08000000000000007,0.006400000000000012,quantile_method,0.025,NA,q=0.025
simulated_Cambodia_pop_026,naive_coi_paramset4,Cambodia,99,0.7,0.25,0.2,100,100,1.56,1.24,0.32000000000000006,0.32000000000000006,0.10240000000000005,integer_method,NA,1,int=1
simulated_Cambodia_pop_026,naive_coi_paramset5,Cambodia,99,0.7,0.25,0.2,100,100,1.49,1.24,0.25,0.25,0.0625,integer_method,NA,2,int=2
simulated_Cambodia_pop_026,naive_coi_paramset6,Cambodia,99,0.7,0.25,0.2,100,100,1.28,1.24,0.040000000000000036,0.040000000000000036,0.001600000000000003,integer_method,NA,5,int=5
simulated_Cambodia_pop_027,naive_coi_paramset1,Cambodia,99,0.2,0.5,0.5,100,100,1.75,3.79,-2.04,2.04,4.1616,quantile_method,0.1,NA,q=0.100
simulated_Cambodia_pop_027,naive_coi_paramset2,Cambodia,99,0.2,0.5,0.5,100,100,2.2,3.79,-1.5899999999999999,1.5899999999999999,2.5280999999999993,quantile_method,0.05,NA,q=0.050
simulated_Cambodia_pop_027,naive_coi_paramset3,Cambodia,99,0.2,0.5,0.5,100,100,2.53,3.79,-1.2600000000000002,1.2600000000000002,1.5876000000000006,quantile_method,0.025,NA,q=0.025
simulated_Cambodia_pop_027,naive_coi_paramset4,Cambodia,99,0.2,0.5,0.5,100,100,3.88,3.79,0.08999999999999986,0.08999999999999986,0.008099999999999975,integer_method,NA,1,int=1
simulated_Cambodia_pop_027,naive_coi_paramset5,Cambodia,99,0.2,0.5,0.5,100,100,3.25,3.79,-0.54,0.54,0.2916,integer_method,NA,2,int=2
simulated_Cambodia_pop_027,naive_coi_paramset6,Cambodia,99,0.2,0.5,0.5,100,100,2.58,3.79,-1.21,1.21,1.4641,integer_method,NA,5,int=5
simulated_Cambodia_pop_028,naive_coi_paramset1,Cambodia,99,0.2,0.5,0.2,100,100,1.69,3.44,-1.75,1.75,3.0625,quantile_method,0.1,NA,q=0.100
simulated_Cambodia_pop_028,naive_coi_paramset2,Cambodia,99,0.2,0.5,0.2,100,100,2.12,3.44,-1.3199999999999998,1.3199999999999998,1.7423999999999995,quantile_method,0.05,NA,q=0.050
simulated_Cambodia_pop_028,naive_coi_paramset3,Cambodia,99,0.2,0.5,0.2,100,100,2.53,3.44,-0.9100000000000001,0.9100000000000001,0.8281000000000003,quantile_method,0.025,NA,q=0.025
simulated_Cambodia_pop_028,naive_coi_paramset4,Cambodia,99,0.2,0.5,0.2,100,100,3.66,3.44,0.2200000000000002,0.2200000000000002,0.04840000000000009,integer_method,NA,1,int=1
simulated_Cambodia_pop_028,naive_coi_paramset5,Cambodia,99,0.2,0.5,0.2,100,100,3.07,3.44,-0.3700000000000001,0.3700000000000001,0.13690000000000008,integer_method,NA,2,int=2
simulated_Cambodia_pop_028,naive_coi_paramset6,Cambodia,99,0.2,0.5,0.2,100,100,2.56,3.44,-0.8799999999999999,0.8799999999999999,0.7743999999999999,integer_method,NA,5,int=5
simulated_Cambodia_pop_029,naive_coi_paramset1,Cambodia,9,0.7,0.25,0.5,100,100,1.23,1.34,-0.1100000000000001,0.1100000000000001,0.012100000000000022,quantile_method,0.1,NA,q=0.100
simulated_Cambodia_pop_029,naive_coi_paramset2,Cambodia,9,0.7,0.25,0.5,100,100,1.28,1.34,-0.06000000000000005,0.06000000000000005,0.0036000000000000064,quantile_method,0.05,NA,q=0.050
simulated_Cambodia_pop_029,naive_coi_paramset3,Cambodia,9,0.7,0.25,0.5,100,100,1.37,1.34,0.030000000000000027,0.030000000000000027,9.000000000000016e-4,quantile_method,0.025,NA,q=0.025
simulated_Cambodia_pop_029,naive_coi_paramset4,Cambodia,9,0.7,0.25,0.5,100,100,1.66,1.34,0.31999999999999984,0.31999999999999984,0.1023999999999999,integer_method,NA,1,int=1
simulated_Cambodia_pop_029,naive_coi_paramset5,Cambodia,9,0.7,0.25,0.5,100,100,1.53,1.34,0.18999999999999995,0.18999999999999995,0.03609999999999998,integer_method,NA,2,int=2
simulated_Cambodia_pop_029,naive_coi_paramset6,Cambodia,9,0.7,0.25,0.5,100,100,1.37,1.34,0.030000000000000027,0.030000000000000027,9.000000000000016e-4,integer_method,NA,5,int=5
simulated_Cambodia_pop_030,naive_coi_paramset1,Cambodia,9,0.7,0.25,0.2,100,100,1.25,1.36,-0.1100000000000001,0.1100000000000001,0.012100000000000022,quantile_method,0.1,NA,q=0.100
simulated_Cambodia_pop_030,naive_coi_paramset2,Cambodia,9,0.7,0.25,0.2,100,100,1.28,1.36,-0.08000000000000007,0.08000000000000007,0.006400000000000012,quantile_method,0.05,NA,q=0.050
simulated_Cambodia_pop_030,naive_coi_paramset3,Cambodia,9,0.7,0.25,0.2,100,100,1.35,1.36,-0.010000000000000009,0.010000000000000009,1.0000000000000018e-4,quantile_method,0.025,NA,q=0.025
simulated_Cambodia_pop_030,naive_coi_paramset4,Cambodia,9,0.7,0.25,0.2,100,100,1.73,1.36,0.3699999999999999,0.3699999999999999,0.1368999999999999,integer_method,NA,1,int=1
simulated_Cambodia_pop_030,naive_coi_paramset5,Cambodia,9,0.7,0.25,0.2,100,100,1.57,1.36,0.20999999999999996,0.20999999999999996,0.044099999999999986,integer_method,NA,2,int=2
simulated_Cambodia_pop_030,naive_coi_paramset6,Cambodia,9,0.7,0.25,0.2,100,100,1.32,1.36,-0.040000000000000036,0.040000000000000036,0.001600000000000003,integer_method,NA,5,int=5
simulated_Cambodia_pop_031,naive_coi_paramset1,Cambodia,9,0.2,0.5,0.5,100,100,1.64,3.12,-1.4800000000000002,1.4800000000000002,2.190400000000001,quantile_method,0.1,NA,q=0.100
simulated_Cambodia_pop_031,naive_coi_paramset2,Cambodia,9,0.2,0.5,0.5,100,100,1.97,3.12,-1.1500000000000001,1.1500000000000001,1.3225000000000002,quantile_method,0.05,NA,q=0.050
simulated_Cambodia_pop_031,naive_coi_paramset3,Cambodia,9,0.2,0.5,0.5,100,100,2.31,3.12,-0.81,0.81,0.6561000000000001,quantile_method,0.025,NA,q=0.025
simulated_Cambodia_pop_031,naive_coi_paramset4,Cambodia,9,0.2,0.5,0.5,100,100,3.17,3.12,0.04999999999999982,0.04999999999999982,0.0024999999999999823,integer_method,NA,1,int=1
simulated_Cambodia_pop_031,naive_coi_paramset5,Cambodia,9,0.2,0.5,0.5,100,100,2.79,3.12,-0.33000000000000007,0.33000000000000007,0.10890000000000005,integer_method,NA,2,int=2
simulated_Cambodia_pop_031,naive_coi_paramset6,Cambodia,9,0.2,0.5,0.5,100,100,2.29,3.12,-0.8300000000000001,0.8300000000000001,0.6889000000000001,integer_method,NA,5,int=5
simulated_Cambodia_pop_032,naive_coi_paramset1,Cambodia,9,0.2,0.5,0.2,100,100,1.6,2.7,-1.1,1.1,1.2100000000000002,quantile_method,0.1,NA,q=0.100
simulated_Cambodia_pop_032,naive_coi_paramset2,Cambodia,9,0.2,0.5,0.2,100,100,1.89,2.7,-0.8100000000000003,0.8100000000000003,0.6561000000000005,quantile_method,0.05,NA,q=0.050
simulated_Cambodia_pop_032,naive_coi_paramset3,Cambodia,9,0.2,0.5,0.2,100,100,2.18,2.7,-0.52,0.52,0.27040000000000003,quantile_method,0.025,NA,q=0.025
simulated_Cambodia_pop_032,naive_coi_paramset4,Cambodia,9,0.2,0.5,0.2,100,100,2.99,2.7,0.29000000000000004,0.29000000000000004,0.08410000000000002,integer_method,NA,1,int=1
simulated_Cambodia_pop_032,naive_coi_paramset5,Cambodia,9,0.2,0.5,0.2,100,100,2.59,2.7,-0.11000000000000032,0.11000000000000032,0.01210000000000007,integer_method,NA,2,int=2
simulated_Cambodia_pop_032,naive_coi_paramset6,Cambodia,9,0.2,0.5,0.2,100,100,2.18,2.7,-0.52,0.52,0.27040000000000003,integer_method,NA,5,int=5
simulated_Cambodia_pop_033,naive_coi_paramset1,Cambodia,2.33,0.7,0.25,0.5,100,100,1.21,1.24,-0.030000000000000027,0.030000000000000027,9.000000000000016e-4,quantile_method,0.1,NA,q=0.100
simulated_Cambodia_pop_033,naive_coi_paramset2,Cambodia,2.33,0.7,0.25,0.5,100,100,1.23,1.24,-0.010000000000000009,0.010000000000000009,1.0000000000000018e-4,quantile_method,0.05,NA,q=0.050
simulated_Cambodia_pop_033,naive_coi_paramset3,Cambodia,2.33,0.7,0.25,0.5,100,100,1.26,1.24,0.020000000000000018,0.020000000000000018,4.000000000000007e-4,quantile_method,0.025,NA,q=0.025
simulated_Cambodia_pop_033,naive_coi_paramset4,Cambodia,2.33,0.7,0.25,0.5,100,100,1.54,1.24,0.30000000000000004,0.30000000000000004,0.09000000000000002,integer_method,NA,1,int=1
simulated_Cambodia_pop_033,naive_coi_paramset5,Cambodia,2.33,0.7,0.25,0.5,100,100,1.41,1.24,0.16999999999999993,0.16999999999999993,0.028899999999999974,integer_method,NA,2,int=2
simulated_Cambodia_pop_033,naive_coi_paramset6,Cambodia,2.33,0.7,0.25,0.5,100,100,1.24,1.24,0,0,0,integer_method,NA,5,int=5
simulated_Cambodia_pop_034,naive_coi_paramset1,Cambodia,2.33,0.7,0.25,0.2,100,100,1.17,1.21,-0.040000000000000036,0.040000000000000036,0.001600000000000003,quantile_method,0.1,NA,q=0.100
simulated_Cambodia_pop_034,naive_coi_paramset2,Cambodia,2.33,0.7,0.25,0.2,100,100,1.21,1.21,0,0,0,quantile_method,0.05,NA,q=0.050
simulated_Cambodia_pop_034,naive_coi_paramset3,Cambodia,2.33,0.7,0.25,0.2,100,100,1.32,1.21,0.1100000000000001,0.1100000000000001,0.012100000000000022,quantile_method,0.025,NA,q=0.025
simulated_Cambodia_pop_034,naive_coi_paramset4,Cambodia,2.33,0.7,0.25,0.2,100,100,1.45,1.21,0.24,0.24,0.0576,integer_method,NA,1,int=1
simulated_Cambodia_pop_034,naive_coi_paramset5,Cambodia,2.33,0.7,0.25,0.2,100,100,1.36,1.21,0.15000000000000013,0.15000000000000013,0.02250000000000004,integer_method,NA,2,int=2
simulated_Cambodia_pop_034,naive_coi_paramset6,Cambodia,2.33,0.7,0.25,0.2,100,100,1.31,1.21,0.10000000000000009,0.10000000000000009,0.010000000000000018,integer_method,NA,5,int=5
simulated_Cambodia_pop_035,naive_coi_paramset1,Cambodia,2.33,0.2,0.5,0.5,100,100,1.69,3.48,-1.79,1.79,3.2041,quantile_method,0.1,NA,q=0.100
simulated_Cambodia_pop_035,naive_coi_paramset2,Cambodia,2.33,0.2,0.5,0.5,100,100,1.93,3.48,-1.55,1.55,2.4025000000000003,quantile_method,0.05,NA,q=0.050
simulated_Cambodia_pop_035,naive_coi_paramset3,Cambodia,2.33,0.2,0.5,0.5,100,100,2.23,3.48,-1.25,1.25,1.5625,quantile_method,0.025,NA,q=0.025
simulated_Cambodia_pop_035,naive_coi_paramset4,Cambodia,2.33,0.2,0.5,0.5,100,100,2.87,3.48,-0.6099999999999999,0.6099999999999999,0.3720999999999999,integer_method,NA,1,int=1
simulated_Cambodia_pop_035,naive_coi_paramset5,Cambodia,2.33,0.2,0.5,0.5,100,100,2.51,3.48,-0.9700000000000002,0.9700000000000002,0.9409000000000004,integer_method,NA,2,int=2
simulated_Cambodia_pop_035,naive_coi_paramset6,Cambodia,2.33,0.2,0.5,0.5,100,100,2.21,3.48,-1.27,1.27,1.6129,integer_method,NA,5,int=5
simulated_Cambodia_pop_036,naive_coi_paramset1,Cambodia,2.33,0.2,0.5,0.2,100,100,1.62,3.07,-1.4499999999999997,1.4499999999999997,2.102499999999999,quantile_method,0.1,NA,q=0.100
simulated_Cambodia_pop_036,naive_coi_paramset2,Cambodia,2.33,0.2,0.5,0.2,100,100,1.88,3.07,-1.19,1.19,1.4161,quantile_method,0.05,NA,q=0.050
simulated_Cambodia_pop_036,naive_coi_paramset3,Cambodia,2.33,0.2,0.5,0.2,100,100,2.15,3.07,-0.9199999999999999,0.9199999999999999,0.8463999999999998,quantile_method,0.025,NA,q=0.025
simulated_Cambodia_pop_036,naive_coi_paramset4,Cambodia,2.33,0.2,0.5,0.2,100,100,2.83,3.07,-0.23999999999999977,0.23999999999999977,0.05759999999999989,integer_method,NA,1,int=1
simulated_Cambodia_pop_036,naive_coi_paramset5,Cambodia,2.33,0.2,0.5,0.2,100,100,2.52,3.07,-0.5499999999999998,0.5499999999999998,0.3024999999999998,integer_method,NA,2,int=2
simulated_Cambodia_pop_036,naive_coi_paramset6,Cambodia,2.33,0.2,0.5,0.2,100,100,2.11,3.07,-0.96,0.96,0.9216,integer_method,NA,5,int=5
simulated_Cambodia_pop_037,naive_coi_paramset1,Cambodia,99,0.7,0.25,0.5,100,100,1.15,1.17,-0.020000000000000018,0.020000000000000018,4.000000000000007e-4,quantile_method,0.1,NA,q=0.100
simulated_Cambodia_pop_037,naive_coi_paramset2,Cambodia,99,0.7,0.25,0.5,100,100,1.17,1.17,0,0,0,quantile_method,0.05,NA,q=0.050
simulated_Cambodia_pop_037,naive_coi_paramset3,Cambodia,99,0.7,0.25,0.5,100,100,1.29,1.17,0.1200000000000001,0.1200000000000001,0.014400000000000026,quantile_method,0.025,NA,q=0.025
simulated_Cambodia_pop_037,naive_coi_paramset4,Cambodia,99,0.7,0.25,0.5,100,100,1.44,1.17,0.27,0.27,0.0729,integer_method,NA,1,int=1
simulated_Cambodia_pop_037,naive_coi_paramset5,Cambodia,99,0.7,0.25,0.5,100,100,1.37,1.17,0.20000000000000018,0.20000000000000018,0.04000000000000007,integer_method,NA,2,int=2
simulated_Cambodia_pop_037,naive_coi_paramset6,Cambodia,99,0.7,0.25,0.5,100,100,1.26,1.17,0.09000000000000008,0.09000000000000008,0.008100000000000015,integer_method,NA,5,int=5
simulated_Cambodia_pop_038,naive_coi_paramset1,Cambodia,99,0.7,0.25,0.2,100,100,1.16,1.2,-0.040000000000000036,0.040000000000000036,0.001600000000000003,quantile_method,0.1,NA,q=0.100
simulated_Cambodia_pop_038,naive_coi_paramset2,Cambodia,99,0.7,0.25,0.2,100,100,1.2,1.2,0,0,0,quantile_method,0.05,NA,q=0.050
simulated_Cambodia_pop_038,naive_coi_paramset3,Cambodia,99,0.7,0.25,0.2,100,100,1.29,1.2,0.09000000000000008,0.09000000000000008,0.008100000000000015,quantile_method,0.025,NA,q=0.025
simulated_Cambodia_pop_038,naive_coi_paramset4,Cambodia,99,0.7,0.25,0.2,100,100,1.49,1.2,0.29000000000000004,0.29000000000000004,0.08410000000000002,integer_method,NA,1,int=1
simulated_Cambodia_pop_038,naive_coi_paramset5,Cambodia,99,0.7,0.25,0.2,100,100,1.39,1.2,0.18999999999999995,0.18999999999999995,0.03609999999999998,integer_method,NA,2,int=2
simulated_Cambodia_pop_038,naive_coi_paramset6,Cambodia,99,0.7,0.25,0.2,100,100,1.28,1.2,0.08000000000000007,0.08000000000000007,0.006400000000000012,integer_method,NA,5,int=5
simulated_Cambodia_pop_039,naive_coi_paramset1,Cambodia,99,0.2,0.5,0.5,100,100,1.62,3.09,-1.4699999999999998,1.4699999999999998,2.1608999999999994,quantile_method,0.1,NA,q=0.100
simulated_Cambodia_pop_039,naive_coi_paramset2,Cambodia,99,0.2,0.5,0.5,100,100,2.04,3.09,-1.0499999999999998,1.0499999999999998,1.1024999999999996,quantile_method,0.05,NA,q=0.050
simulated_Cambodia_pop_039,naive_coi_paramset3,Cambodia,99,0.2,0.5,0.5,100,100,2.48,3.09,-0.6099999999999999,0.6099999999999999,0.3720999999999999,quantile_method,0.025,NA,q=0.025
simulated_Cambodia_pop_039,naive_coi_paramset4,Cambodia,99,0.2,0.5,0.5,100,100,3.4,3.09,0.31000000000000005,0.31000000000000005,0.09610000000000003,integer_method,NA,1,int=1
simulated_Cambodia_pop_039,naive_coi_paramset5,Cambodia,99,0.2,0.5,0.5,100,100,2.92,3.09,-0.16999999999999993,0.16999999999999993,0.028899999999999974,integer_method,NA,2,int=2
simulated_Cambodia_pop_039,naive_coi_paramset6,Cambodia,99,0.2,0.5,0.5,100,100,2.5,3.09,-0.5899999999999999,0.5899999999999999,0.34809999999999985,integer_method,NA,5,int=5
simulated_Cambodia_pop_040,naive_coi_paramset1,Cambodia,99,0.2,0.5,0.2,100,100,1.77,3.44,-1.67,1.67,2.7889,quantile_method,0.1,NA,q=0.100
simulated_Cambodia_pop_040,naive_coi_paramset2,Cambodia,99,0.2,0.5,0.2,100,100,2.16,3.44,-1.2799999999999998,1.2799999999999998,1.6383999999999994,quantile_method,0.05,NA,q=0.050
simulated_Cambodia_pop_040,naive_coi_paramset3,Cambodia,99,0.2,0.5,0.2,100,100,2.64,3.44,-0.7999999999999998,0.7999999999999998,0.6399999999999997,quantile_method,0.025,NA,q=0.025
simulated_Cambodia_pop_040,naive_coi_paramset4,Cambodia,99,0.2,0.5,0.2,100,100,3.7,3.44,0.26000000000000023,0.26000000000000023,0.06760000000000012,integer_method,NA,1,int=1
simulated_Cambodia_pop_040,naive_coi_paramset5,Cambodia,99,0.2,0.5,0.2,100,100,3.25,3.44,-0.18999999999999995,0.18999999999999995,0.03609999999999998,integer_method,NA,2,int=2
simulated_Cambodia_pop_040,naive_coi_paramset6,Cambodia,99,0.2,0.5,0.2,100,100,2.7,3.44,-0.7399999999999998,0.7399999999999998,0.5475999999999996,integer_method,NA,5,int=5
simulated_Cambodia_pop_041,naive_coi_paramset1,Cambodia,9,0.7,0.25,0.5,100,100,1.15,1.2,-0.050000000000000044,0.050000000000000044,0.0025000000000000044,quantile_method,0.1,NA,q=0.100
simulated_Cambodia_pop_041,naive_coi_paramset2,Cambodia,9,0.7,0.25,0.5,100,100,1.16,1.2,-0.040000000000000036,0.040000000000000036,0.001600000000000003,quantile_method,0.05,NA,q=0.050
simulated_Cambodia_pop_041,naive_coi_paramset3,Cambodia,9,0.7,0.25,0.5,100,100,1.19,1.2,-0.010000000000000009,0.010000000000000009,1.0000000000000018e-4,quantile_method,0.025,NA,q=0.025
simulated_Cambodia_pop_041,naive_coi_paramset4,Cambodia,9,0.7,0.25,0.5,100,100,1.31,1.2,0.1100000000000001,0.1100000000000001,0.012100000000000022,integer_method,NA,1,int=1
simulated_Cambodia_pop_041,naive_coi_paramset5,Cambodia,9,0.7,0.25,0.5,100,100,1.25,1.2,0.050000000000000044,0.050000000000000044,0.0025000000000000044,integer_method,NA,2,int=2
simulated_Cambodia_pop_041,naive_coi_paramset6,Cambodia,9,0.7,0.25,0.5,100,100,1.18,1.2,-0.020000000000000018,0.020000000000000018,4.000000000000007e-4,integer_method,NA,5,int=5
simulated_Cambodia_pop_042,naive_coi_paramset1,Cambodia,9,0.7,0.25,0.2,100,100,1.18,1.3,-0.1200000000000001,0.1200000000000001,0.014400000000000026,quantile_method,0.1,NA,q=0.100
simulated_Cambodia_pop_042,naive_coi_paramset2,Cambodia,9,0.7,0.25,0.2,100,100,1.21,1.3,-0.09000000000000008,0.09000000000000008,0.008100000000000015,quantile_method,0.05,NA,q=0.050
simulated_Cambodia_pop_042,naive_coi_paramset3,Cambodia,9,0.7,0.25,0.2,100,100,1.28,1.3,-0.020000000000000018,0.020000000000000018,4.000000000000007e-4,quantile_method,0.025,NA,q=0.025
simulated_Cambodia_pop_042,naive_coi_paramset4,Cambodia,9,0.7,0.25,0.2,100,100,1.49,1.3,0.18999999999999995,0.18999999999999995,0.03609999999999998,integer_method,NA,1,int=1
simulated_Cambodia_pop_042,naive_coi_paramset5,Cambodia,9,0.7,0.25,0.2,100,100,1.4,1.3,0.09999999999999987,0.09999999999999987,0.009999999999999974,integer_method,NA,2,int=2
simulated_Cambodia_pop_042,naive_coi_paramset6,Cambodia,9,0.7,0.25,0.2,100,100,1.25,1.3,-0.050000000000000044,0.050000000000000044,0.0025000000000000044,integer_method,NA,5,int=5
simulated_Cambodia_pop_043,naive_coi_paramset1,Cambodia,9,0.2,0.5,0.5,100,100,1.93,4.5,-2.5700000000000003,2.5700000000000003,6.6049000000000015,quantile_method,0.1,NA,q=0.100
simulated_Cambodia_pop_043,naive_coi_paramset2,Cambodia,9,0.2,0.5,0.5,100,100,2.31,4.5,-2.19,2.19,4.7961,quantile_method,0.05,NA,q=0.050
simulated_Cambodia_pop_043,naive_coi_paramset3,Cambodia,9,0.2,0.5,0.5,100,100,2.75,4.5,-1.75,1.75,3.0625,quantile_method,0.025,NA,q=0.025
simulated_Cambodia_pop_043,naive_coi_paramset4,Cambodia,9,0.2,0.5,0.5,100,100,3.58,4.5,-0.9199999999999999,0.9199999999999999,0.8463999999999998,integer_method,NA,1,int=1
simulated_Cambodia_pop_043,naive_coi_paramset5,Cambodia,9,0.2,0.5,0.5,100,100,3.31,4.5,-1.19,1.19,1.4161,integer_method,NA,2,int=2
simulated_Cambodia_pop_043,naive_coi_paramset6,Cambodia,9,0.2,0.5,0.5,100,100,2.76,4.5,-1.7400000000000002,1.7400000000000002,3.027600000000001,integer_method,NA,5,int=5
simulated_Cambodia_pop_044,naive_coi_paramset1,Cambodia,9,0.2,0.5,0.2,100,100,1.68,3.43,-1.7500000000000002,1.7500000000000002,3.062500000000001,quantile_method,0.1,NA,q=0.100
simulated_Cambodia_pop_044,naive_coi_paramset2,Cambodia,9,0.2,0.5,0.2,100,100,2.01,3.43,-1.4200000000000004,1.4200000000000004,2.016400000000001,quantile_method,0.05,NA,q=0.050
simulated_Cambodia_pop_044,naive_coi_paramset3,Cambodia,9,0.2,0.5,0.2,100,100,2.42,3.43,-1.0100000000000002,1.0100000000000002,1.0201000000000005,quantile_method,0.025,NA,q=0.025
simulated_Cambodia_pop_044,naive_coi_paramset4,Cambodia,9,0.2,0.5,0.2,100,100,3.24,3.43,-0.18999999999999995,0.18999999999999995,0.03609999999999998,integer_method,NA,1,int=1
simulated_Cambodia_pop_044,naive_coi_paramset5,Cambodia,9,0.2,0.5,0.2,100,100,2.85,3.43,-0.5800000000000001,0.5800000000000001,0.3364000000000001,integer_method,NA,2,int=2
simulated_Cambodia_pop_044,naive_coi_paramset6,Cambodia,9,0.2,0.5,0.2,100,100,2.41,3.43,-1.02,1.02,1.0404,integer_method,NA,5,int=5
simulated_Cambodia_pop_045,naive_coi_paramset1,Cambodia,2.33,0.7,0.25,0.5,100,100,1.22,1.27,-0.050000000000000044,0.050000000000000044,0.0025000000000000044,quantile_method,0.1,NA,q=0.100
simulated_Cambodia_pop_045,naive_coi_paramset2,Cambodia,2.33,0.7,0.25,0.5,100,100,1.22,1.27,-0.050000000000000044,0.050000000000000044,0.0025000000000000044,quantile_method,0.05,NA,q=0.050
simulated_Cambodia_pop_045,naive_coi_paramset3,Cambodia,2.33,0.7,0.25,0.5,100,100,1.24,1.27,-0.030000000000000027,0.030000000000000027,9.000000000000016e-4,quantile_method,0.025,NA,q=0.025
simulated_Cambodia_pop_045,naive_coi_paramset4,Cambodia,2.33,0.7,0.25,0.5,100,100,1.43,1.27,0.15999999999999992,0.15999999999999992,0.025599999999999973,integer_method,NA,1,int=1
simulated_Cambodia_pop_045,naive_coi_paramset5,Cambodia,2.33,0.7,0.25,0.5,100,100,1.37,1.27,0.10000000000000009,0.10000000000000009,0.010000000000000018,integer_method,NA,2,int=2
simulated_Cambodia_pop_045,naive_coi_paramset6,Cambodia,2.33,0.7,0.25,0.5,100,100,1.23,1.27,-0.040000000000000036,0.040000000000000036,0.001600000000000003,integer_method,NA,5,int=5
simulated_Cambodia_pop_046,naive_coi_paramset1,Cambodia,2.33,0.7,0.25,0.2,100,100,1.21,1.26,-0.050000000000000044,0.050000000000000044,0.0025000000000000044,quantile_method,0.1,NA,q=0.100
simulated_Cambodia_pop_046,naive_coi_paramset2,Cambodia,2.33,0.7,0.25,0.2,100,100,1.23,1.26,-0.030000000000000027,0.030000000000000027,9.000000000000016e-4,quantile_method,0.05,NA,q=0.050
simulated_Cambodia_pop_046,naive_coi_paramset3,Cambodia,2.33,0.7,0.25,0.2,100,100,1.31,1.26,0.050000000000000044,0.050000000000000044,0.0025000000000000044,quantile_method,0.025,NA,q=0.025
simulated_Cambodia_pop_046,naive_coi_paramset4,Cambodia,2.33,0.7,0.25,0.2,100,100,1.52,1.26,0.26,0.26,0.06760000000000001,integer_method,NA,1,int=1
simulated_Cambodia_pop_046,naive_coi_paramset5,Cambodia,2.33,0.7,0.25,0.2,100,100,1.38,1.26,0.11999999999999988,0.11999999999999988,0.014399999999999972,integer_method,NA,2,int=2
simulated_Cambodia_pop_046,naive_coi_paramset6,Cambodia,2.33,0.7,0.25,0.2,100,100,1.29,1.26,0.030000000000000027,0.030000000000000027,9.000000000000016e-4,integer_method,NA,5,int=5
simulated_Cambodia_pop_047,naive_coi_paramset1,Cambodia,2.33,0.2,0.5,0.5,100,100,1.82,4,-2.1799999999999997,2.1799999999999997,4.752399999999999,quantile_method,0.1,NA,q=0.100
simulated_Cambodia_pop_047,naive_coi_paramset2,Cambodia,2.33,0.2,0.5,0.5,100,100,1.95,4,-2.05,2.05,4.2025,quantile_method,0.05,NA,q=0.050
simulated_Cambodia_pop_047,naive_coi_paramset3,Cambodia,2.33,0.2,0.5,0.5,100,100,2.2,4,-1.7999999999999998,1.7999999999999998,3.2399999999999993,quantile_method,0.025,NA,q=0.025
simulated_Cambodia_pop_047,naive_coi_paramset4,Cambodia,2.33,0.2,0.5,0.5,100,100,2.94,4,-1.06,1.06,1.1236000000000002,integer_method,NA,1,int=1
simulated_Cambodia_pop_047,naive_coi_paramset5,Cambodia,2.33,0.2,0.5,0.5,100,100,2.53,4,-1.4700000000000002,1.4700000000000002,2.1609000000000007,integer_method,NA,2,int=2
simulated_Cambodia_pop_047,naive_coi_paramset6,Cambodia,2.33,0.2,0.5,0.5,100,100,2.19,4,-1.81,1.81,3.2761,integer_method,NA,5,int=5
simulated_Cambodia_pop_048,naive_coi_paramset1,Cambodia,2.33,0.2,0.5,0.2,100,100,1.59,3.32,-1.7299999999999998,1.7299999999999998,2.9928999999999992,quantile_method,0.1,NA,q=0.100
simulated_Cambodia_pop_048,naive_coi_paramset2,Cambodia,2.33,0.2,0.5,0.2,100,100,1.74,3.32,-1.5799999999999998,1.5799999999999998,2.4963999999999995,quantile_method,0.05,NA,q=0.050
simulated_Cambodia_pop_048,naive_coi_paramset3,Cambodia,2.33,0.2,0.5,0.2,100,100,1.8,3.32,-1.5199999999999998,1.5199999999999998,2.3103999999999996,quantile_method,0.025,NA,q=0.025
simulated_Cambodia_pop_048,naive_coi_paramset4,Cambodia,2.33,0.2,0.5,0.2,100,100,2.34,3.32,-0.98,0.98,0.9603999999999999,integer_method,NA,1,int=1
simulated_Cambodia_pop_048,naive_coi_paramset5,Cambodia,2.33,0.2,0.5,0.2,100,100,1.98,3.32,-1.3399999999999999,1.3399999999999999,1.7955999999999996,integer_method,NA,2,int=2
simulated_Cambodia_pop_048,naive_coi_paramset6,Cambodia,2.33,0.2,0.5,0.2,100,100,1.78,3.32,-1.5399999999999998,1.5399999999999998,2.3715999999999995,integer_method,NA,5,int=5
simulated_Cambodia_pop_049,naive_coi_paramset1,Cambodia,99,0.7,0.25,0.5,100,100,1.26,1.31,-0.050000000000000044,0.050000000000000044,0.0025000000000000044,quantile_method,0.1,NA,q=0.100
simulated_Cambodia_pop_049,naive_coi_paramset2,Cambodia,99,0.7,0.25,0.5,100,100,1.32,1.31,0.010000000000000009,0.010000000000000009,1.0000000000000018e-4,quantile_method,0.05,NA,q=0.050
simulated_Cambodia_pop_049,naive_coi_paramset3,Cambodia,99,0.7,0.25,0.5,100,100,1.55,1.31,0.24,0.24,0.0576,quantile_method,0.025,NA,q=0.025
simulated_Cambodia_pop_049,naive_coi_paramset4,Cambodia,99,0.7,0.25,0.5,100,100,1.85,1.31,0.54,0.54,0.2916,integer_method,NA,1,int=1
simulated_Cambodia_pop_049,naive_coi_paramset5,Cambodia,99,0.7,0.25,0.5,100,100,1.71,1.31,0.3999999999999999,0.3999999999999999,0.15999999999999992,integer_method,NA,2,int=2
simulated_Cambodia_pop_049,naive_coi_paramset6,Cambodia,99,0.7,0.25,0.5,100,100,1.53,1.31,0.21999999999999997,0.21999999999999997,0.04839999999999999,integer_method,NA,5,int=5
simulated_Cambodia_pop_050,naive_coi_paramset1,Cambodia,99,0.7,0.25,0.2,100,100,1.15,1.2,-0.050000000000000044,0.050000000000000044,0.0025000000000000044,quantile_method,0.1,NA,q=0.100
simulated_Cambodia_pop_050,naive_coi_paramset2,Cambodia,99,0.7,0.25,0.2,100,100,1.17,1.2,-0.030000000000000027,0.030000000000000027,9.000000000000016e-4,quantile_method,0.05,NA,q=0.050
simulated_Cambodia_pop_050,naive_coi_paramset3,Cambodia,99,0.7,0.25,0.2,100,100,1.26,1.2,0.06000000000000005,0.06000000000000005,0.0036000000000000064,quantile_method,0.025,NA,q=0.025
simulated_Cambodia_pop_050,naive_coi_paramset4,Cambodia,99,0.7,0.25,0.2,100,100,1.48,1.2,0.28,0.28,0.07840000000000001,integer_method,NA,1,int=1
simulated_Cambodia_pop_050,naive_coi_paramset5,Cambodia,99,0.7,0.25,0.2,100,100,1.39,1.2,0.18999999999999995,0.18999999999999995,0.03609999999999998,integer_method,NA,2,int=2
simulated_Cambodia_pop_050,naive_coi_paramset6,Cambodia,99,0.7,0.25,0.2,100,100,1.23,1.2,0.030000000000000027,0.030000000000000027,9.000000000000016e-4,integer_method,NA,5,int=5
simulated_Cambodia_pop_051,naive_coi_paramset1,Cambodia,99,0.2,0.5,0.5,100,100,1.74,3.54,-1.8,1.8,3.24,quantile_method,0.1,NA,q=0.100
simulated_Cambodia_pop_051,naive_coi_paramset2,Cambodia,99,0.2,0.5,0.5,100,100,2.23,3.54,-1.31,1.31,1.7161000000000002,quantile_method,0.05,NA,q=0.050
simulated_Cambodia_pop_051,naive_coi_paramset3,Cambodia,99,0.2,0.5,0.5,100,100,2.66,3.54,-0.8799999999999999,0.8799999999999999,0.7743999999999999,quantile_method,0.025,NA,q=0.025
simulated_Cambodia_pop_051,naive_coi_paramset4,Cambodia,99,0.2,0.5,0.5,100,100,3.81,3.54,0.27,0.27,0.0729,integer_method,NA,1,int=1
simulated_Cambodia_pop_051,naive_coi_paramset5,Cambodia,99,0.2,0.5,0.5,100,100,3.29,3.54,-0.25,0.25,0.0625,integer_method,NA,2,int=2
simulated_Cambodia_pop_051,naive_coi_paramset6,Cambodia,99,0.2,0.5,0.5,100,100,2.7,3.54,-0.8399999999999999,0.8399999999999999,0.7055999999999998,integer_method,NA,5,int=5
simulated_Cambodia_pop_052,naive_coi_paramset1,Cambodia,99,0.2,0.5,0.2,100,100,1.77,3.29,-1.52,1.52,2.3104,quantile_method,0.1,NA,q=0.100
simulated_Cambodia_pop_052,naive_coi_paramset2,Cambodia,99,0.2,0.5,0.2,100,100,2.22,3.29,-1.0699999999999998,1.0699999999999998,1.1448999999999996,quantile_method,0.05,NA,q=0.050
simulated_Cambodia_pop_052,naive_coi_paramset3,Cambodia,99,0.2,0.5,0.2,100,100,2.65,3.29,-0.6400000000000001,0.6400000000000001,0.4096000000000002,quantile_method,0.025,NA,q=0.025
simulated_Cambodia_pop_052,naive_coi_paramset4,Cambodia,99,0.2,0.5,0.2,100,100,3.79,3.29,0.5,0.5,0.25,integer_method,NA,1,int=1
simulated_Cambodia_pop_052,naive_coi_paramset5,Cambodia,99,0.2,0.5,0.2,100,100,3.2,3.29,-0.08999999999999986,0.08999999999999986,0.008099999999999975,integer_method,NA,2,int=2
simulated_Cambodia_pop_052,naive_coi_paramset6,Cambodia,99,0.2,0.5,0.2,100,100,2.64,3.29,-0.6499999999999999,0.6499999999999999,0.4224999999999999,integer_method,NA,5,int=5
simulated_Cambodia_pop_053,naive_coi_paramset1,Cambodia,9,0.7,0.25,0.5,100,100,1.18,1.24,-0.06000000000000005,0.06000000000000005,0.0036000000000000064,quantile_method,0.1,NA,q=0.100
simulated_Cambodia_pop_053,naive_coi_paramset2,Cambodia,9,0.7,0.25,0.5,100,100,1.2,1.24,-0.040000000000000036,0.040000000000000036,0.001600000000000003,quantile_method,0.05,NA,q=0.050
simulated_Cambodia_pop_053,naive_coi_paramset3,Cambodia,9,0.7,0.25,0.5,100,100,1.35,1.24,0.1100000000000001,0.1100000000000001,0.012100000000000022,quantile_method,0.025,NA,q=0.025
simulated_Cambodia_pop_053,naive_coi_paramset4,Cambodia,9,0.7,0.25,0.5,100,100,1.59,1.24,0.3500000000000001,0.3500000000000001,0.12250000000000007,integer_method,NA,1,int=1
simulated_Cambodia_pop_053,naive_coi_paramset5,Cambodia,9,0.7,0.25,0.5,100,100,1.48,1.24,0.24,0.24,0.0576,integer_method,NA,2,int=2
simulated_Cambodia_pop_053,naive_coi_paramset6,Cambodia,9,0.7,0.25,0.5,100,100,1.28,1.24,0.040000000000000036,0.040000000000000036,0.001600000000000003,integer_method,NA,5,int=5
simulated_Cambodia_pop_054,naive_coi_paramset1,Cambodia,9,0.7,0.25,0.2,100,100,1.21,1.27,-0.06000000000000005,0.06000000000000005,0.0036000000000000064,quantile_method,0.1,NA,q=0.100
simulated_Cambodia_pop_054,naive_coi_paramset2,Cambodia,9,0.7,0.25,0.2,100,100,1.23,1.27,-0.040000000000000036,0.040000000000000036,0.001600000000000003,quantile_method,0.05,NA,q=0.050
simulated_Cambodia_pop_054,naive_coi_paramset3,Cambodia,9,0.7,0.25,0.2,100,100,1.26,1.27,-0.010000000000000009,0.010000000000000009,1.0000000000000018e-4,quantile_method,0.025,NA,q=0.025
simulated_Cambodia_pop_054,naive_coi_paramset4,Cambodia,9,0.7,0.25,0.2,100,100,1.59,1.27,0.32000000000000006,0.32000000000000006,0.10240000000000005,integer_method,NA,1,int=1
simulated_Cambodia_pop_054,naive_coi_paramset5,Cambodia,9,0.7,0.25,0.2,100,100,1.46,1.27,0.18999999999999995,0.18999999999999995,0.03609999999999998,integer_method,NA,2,int=2
simulated_Cambodia_pop_054,naive_coi_paramset6,Cambodia,9,0.7,0.25,0.2,100,100,1.25,1.27,-0.020000000000000018,0.020000000000000018,4.000000000000007e-4,integer_method,NA,5,int=5
simulated_Cambodia_pop_055,naive_coi_paramset1,Cambodia,9,0.2,0.5,0.5,100,100,1.84,4,-2.16,2.16,4.6656,quantile_method,0.1,NA,q=0.100
simulated_Cambodia_pop_055,naive_coi_paramset2,Cambodia,9,0.2,0.5,0.5,100,100,2.24,4,-1.7599999999999998,1.7599999999999998,3.0975999999999995,quantile_method,0.05,NA,q=0.050
simulated_Cambodia_pop_055,naive_coi_paramset3,Cambodia,9,0.2,0.5,0.5,100,100,2.61,4,-1.3900000000000001,1.3900000000000001,1.9321000000000004,quantile_method,0.025,NA,q=0.025
simulated_Cambodia_pop_055,naive_coi_paramset4,Cambodia,9,0.2,0.5,0.5,100,100,3.67,4,-0.33000000000000007,0.33000000000000007,0.10890000000000005,integer_method,NA,1,int=1
simulated_Cambodia_pop_055,naive_coi_paramset5,Cambodia,9,0.2,0.5,0.5,100,100,3.14,4,-0.8599999999999999,0.8599999999999999,0.7395999999999998,integer_method,NA,2,int=2
simulated_Cambodia_pop_055,naive_coi_paramset6,Cambodia,9,0.2,0.5,0.5,100,100,2.65,4,-1.35,1.35,1.8225000000000002,integer_method,NA,5,int=5
simulated_Cambodia_pop_056,naive_coi_paramset1,Cambodia,9,0.2,0.5,0.2,100,100,1.67,3.21,-1.54,1.54,2.3716,quantile_method,0.1,NA,q=0.100
simulated_Cambodia_pop_056,naive_coi_paramset2,Cambodia,9,0.2,0.5,0.2,100,100,2.03,3.21,-1.1800000000000002,1.1800000000000002,1.3924000000000003,quantile_method,0.05,NA,q=0.050
simulated_Cambodia_pop_056,naive_coi_paramset3,Cambodia,9,0.2,0.5,0.2,100,100,2.32,3.21,-0.8900000000000001,0.8900000000000001,0.7921000000000002,quantile_method,0.025,NA,q=0.025
simulated_Cambodia_pop_056,naive_coi_paramset4,Cambodia,9,0.2,0.5,0.2,100,100,3.27,3.21,0.06000000000000005,0.06000000000000005,0.0036000000000000064,integer_method,NA,1,int=1
simulated_Cambodia_pop_056,naive_coi_paramset5,Cambodia,9,0.2,0.5,0.2,100,100,2.79,3.21,-0.41999999999999993,0.41999999999999993,0.17639999999999995,integer_method,NA,2,int=2
simulated_Cambodia_pop_056,naive_coi_paramset6,Cambodia,9,0.2,0.5,0.2,100,100,2.35,3.21,-0.8599999999999999,0.8599999999999999,0.7395999999999998,integer_method,NA,5,int=5
simulated_Cambodia_pop_057,naive_coi_paramset1,Cambodia,2.33,0.7,0.25,0.5,100,100,1.08,1.1,-0.020000000000000018,0.020000000000000018,4.000000000000007e-4,quantile_method,0.1,NA,q=0.100
simulated_Cambodia_pop_057,naive_coi_paramset2,Cambodia,2.33,0.7,0.25,0.5,100,100,1.09,1.1,-0.010000000000000009,0.010000000000000009,1.0000000000000018e-4,quantile_method,0.05,NA,q=0.050
simulated_Cambodia_pop_057,naive_coi_paramset3,Cambodia,2.33,0.7,0.25,0.5,100,100,1.14,1.1,0.039999999999999813,0.039999999999999813,0.0015999999999999851,quantile_method,0.025,NA,q=0.025
simulated_Cambodia_pop_057,naive_coi_paramset4,Cambodia,2.33,0.7,0.25,0.5,100,100,1.2,1.1,0.09999999999999987,0.09999999999999987,0.009999999999999974,integer_method,NA,1,int=1
simulated_Cambodia_pop_057,naive_coi_paramset5,Cambodia,2.33,0.7,0.25,0.5,100,100,1.16,1.1,0.05999999999999983,0.05999999999999983,0.00359999999999998,integer_method,NA,2,int=2
simulated_Cambodia_pop_057,naive_coi_paramset6,Cambodia,2.33,0.7,0.25,0.5,100,100,1.14,1.1,0.039999999999999813,0.039999999999999813,0.0015999999999999851,integer_method,NA,5,int=5
simulated_Cambodia_pop_058,naive_coi_paramset1,Cambodia,2.33,0.7,0.25,0.2,100,100,1.14,1.23,-0.09000000000000008,0.09000000000000008,0.008100000000000015,quantile_method,0.1,NA,q=0.100
simulated_Cambodia_pop_058,naive_coi_paramset2,Cambodia,2.33,0.7,0.25,0.2,100,100,1.17,1.23,-0.06000000000000005,0.06000000000000005,0.0036000000000000064,quantile_method,0.05,NA,q=0.050
simulated_Cambodia_pop_058,naive_coi_paramset3,Cambodia,2.33,0.7,0.25,0.2,100,100,1.2,1.23,-0.030000000000000027,0.030000000000000027,9.000000000000016e-4,quantile_method,0.025,NA,q=0.025
simulated_Cambodia_pop_058,naive_coi_paramset4,Cambodia,2.33,0.7,0.25,0.2,100,100,1.36,1.23,0.13000000000000012,0.13000000000000012,0.01690000000000003,integer_method,NA,1,int=1
simulated_Cambodia_pop_058,naive_coi_paramset5,Cambodia,2.33,0.7,0.25,0.2,100,100,1.28,1.23,0.050000000000000044,0.050000000000000044,0.0025000000000000044,integer_method,NA,2,int=2
simulated_Cambodia_pop_058,naive_coi_paramset6,Cambodia,2.33,0.7,0.25,0.2,100,100,1.2,1.23,-0.030000000000000027,0.030000000000000027,9.000000000000016e-4,integer_method,NA,5,int=5
simulated_Cambodia_pop_059,naive_coi_paramset1,Cambodia,2.33,0.2,0.5,0.5,100,100,1.77,3.78,-2.01,2.01,4.040099999999999,quantile_method,0.1,NA,q=0.100
simulated_Cambodia_pop_059,naive_coi_paramset2,Cambodia,2.33,0.2,0.5,0.5,100,100,2.05,3.78,-1.73,1.73,2.9929,quantile_method,0.05,NA,q=0.050
simulated_Cambodia_pop_059,naive_coi_paramset3,Cambodia,2.33,0.2,0.5,0.5,100,100,2.38,3.78,-1.4,1.4,1.9599999999999997,quantile_method,0.025,NA,q=0.025
simulated_Cambodia_pop_059,naive_coi_paramset4,Cambodia,2.33,0.2,0.5,0.5,100,100,3.15,3.78,-0.6299999999999999,0.6299999999999999,0.39689999999999986,integer_method,NA,1,int=1
simulated_Cambodia_pop_059,naive_coi_paramset5,Cambodia,2.33,0.2,0.5,0.5,100,100,2.74,3.78,-1.0399999999999996,1.0399999999999996,1.0815999999999992,integer_method,NA,2,int=2
simulated_Cambodia_pop_059,naive_coi_paramset6,Cambodia,2.33,0.2,0.5,0.5,100,100,2.39,3.78,-1.3899999999999997,1.3899999999999997,1.932099999999999,integer_method,NA,5,int=5
simulated_Cambodia_pop_060,naive_coi_paramset1,Cambodia,2.33,0.2,0.5,0.2,100,100,1.63,3.13,-1.5,1.5,2.25,quantile_method,0.1,NA,q=0.100
simulated_Cambodia_pop_060,naive_coi_paramset2,Cambodia,2.33,0.2,0.5,0.2,100,100,1.84,3.13,-1.2899999999999998,1.2899999999999998,1.6640999999999995,quantile_method,0.05,NA,q=0.050
simulated_Cambodia_pop_060,naive_coi_paramset3,Cambodia,2.33,0.2,0.5,0.2,100,100,2.06,3.13,-1.0699999999999998,1.0699999999999998,1.1448999999999996,quantile_method,0.025,NA,q=0.025
simulated_Cambodia_pop_060,naive_coi_paramset4,Cambodia,2.33,0.2,0.5,0.2,100,100,2.71,3.13,-0.41999999999999993,0.41999999999999993,0.17639999999999995,integer_method,NA,1,int=1
simulated_Cambodia_pop_060,naive_coi_paramset5,Cambodia,2.33,0.2,0.5,0.2,100,100,2.47,3.13,-0.6599999999999997,0.6599999999999997,0.4355999999999996,integer_method,NA,2,int=2
simulated_Cambodia_pop_060,naive_coi_paramset6,Cambodia,2.33,0.2,0.5,0.2,100,100,2.02,3.13,-1.1099999999999999,1.1099999999999999,1.2320999999999998,integer_method,NA,5,int=5
simulated_Cambodia_pop_061,naive_coi_paramset1,Cambodia,99,0.7,0.25,0.5,100,100,1.14,1.21,-0.07000000000000006,0.07000000000000006,0.0049000000000000085,quantile_method,0.1,NA,q=0.100
simulated_Cambodia_pop_061,naive_coi_paramset2,Cambodia,99,0.7,0.25,0.5,100,100,1.21,1.21,0,0,0,quantile_method,0.05,NA,q=0.050
simulated_Cambodia_pop_061,naive_coi_paramset3,Cambodia,99,0.7,0.25,0.5,100,100,1.28,1.21,0.07000000000000006,0.07000000000000006,0.0049000000000000085,quantile_method,0.025,NA,q=0.025
simulated_Cambodia_pop_061,naive_coi_paramset4,Cambodia,99,0.7,0.25,0.5,100,100,1.42,1.21,0.20999999999999996,0.20999999999999996,0.044099999999999986,integer_method,NA,1,int=1
simulated_Cambodia_pop_061,naive_coi_paramset5,Cambodia,99,0.7,0.25,0.5,100,100,1.35,1.21,0.14000000000000012,0.14000000000000012,0.019600000000000034,integer_method,NA,2,int=2
simulated_Cambodia_pop_061,naive_coi_paramset6,Cambodia,99,0.7,0.25,0.5,100,100,1.25,1.21,0.040000000000000036,0.040000000000000036,0.001600000000000003,integer_method,NA,5,int=5
simulated_Cambodia_pop_062,naive_coi_paramset1,Cambodia,99,0.7,0.25,0.2,100,100,1.2,1.22,-0.020000000000000018,0.020000000000000018,4.000000000000007e-4,quantile_method,0.1,NA,q=0.100
simulated_Cambodia_pop_062,naive_coi_paramset2,Cambodia,99,0.7,0.25,0.2,100,100,1.23,1.22,0.010000000000000009,0.010000000000000009,1.0000000000000018e-4,quantile_method,0.05,NA,q=0.050
simulated_Cambodia_pop_062,naive_coi_paramset3,Cambodia,99,0.7,0.25,0.2,100,100,1.38,1.22,0.15999999999999992,0.15999999999999992,0.025599999999999973,quantile_method,0.025,NA,q=0.025
simulated_Cambodia_pop_062,naive_coi_paramset4,Cambodia,99,0.7,0.25,0.2,100,100,1.58,1.22,0.3600000000000001,0.3600000000000001,0.12960000000000008,integer_method,NA,1,int=1
simulated_Cambodia_pop_062,naive_coi_paramset5,Cambodia,99,0.7,0.25,0.2,100,100,1.45,1.22,0.22999999999999998,0.22999999999999998,0.05289999999999999,integer_method,NA,2,int=2
simulated_Cambodia_pop_062,naive_coi_paramset6,Cambodia,99,0.7,0.25,0.2,100,100,1.35,1.22,0.13000000000000012,0.13000000000000012,0.01690000000000003,integer_method,NA,5,int=5
simulated_Cambodia_pop_063,naive_coi_paramset1,Cambodia,99,0.2,0.5,0.5,100,100,1.79,3.95,-2.16,2.16,4.6656,quantile_method,0.1,NA,q=0.100
simulated_Cambodia_pop_063,naive_coi_paramset2,Cambodia,99,0.2,0.5,0.5,100,100,2.4,3.95,-1.5500000000000003,1.5500000000000003,2.4025000000000007,quantile_method,0.05,NA,q=0.050
simulated_Cambodia_pop_063,naive_coi_paramset3,Cambodia,99,0.2,0.5,0.5,100,100,2.84,3.95,-1.1100000000000003,1.1100000000000003,1.2321000000000006,quantile_method,0.025,NA,q=0.025
simulated_Cambodia_pop_063,naive_coi_paramset4,Cambodia,99,0.2,0.5,0.5,100,100,4.19,3.95,0.2400000000000002,0.2400000000000002,0.0576000000000001,integer_method,NA,1,int=1
simulated_Cambodia_pop_063,naive_coi_paramset5,Cambodia,99,0.2,0.5,0.5,100,100,3.47,3.95,-0.48,0.48,0.2304,integer_method,NA,2,int=2
simulated_Cambodia_pop_063,naive_coi_paramset6,Cambodia,99,0.2,0.5,0.5,100,100,2.84,3.95,-1.1100000000000003,1.1100000000000003,1.2321000000000006,integer_method,NA,5,int=5
simulated_Cambodia_pop_064,naive_coi_paramset1,Cambodia,99,0.2,0.5,0.2,100,100,1.67,2.9,-1.23,1.23,1.5129,quantile_method,0.1,NA,q=0.100
simulated_Cambodia_pop_064,naive_coi_paramset2,Cambodia,99,0.2,0.5,0.2,100,100,1.99,2.9,-0.9099999999999999,0.9099999999999999,0.8280999999999998,quantile_method,0.05,NA,q=0.050
simulated_Cambodia_pop_064,naive_coi_paramset3,Cambodia,99,0.2,0.5,0.2,100,100,2.4,2.9,-0.5,0.5,0.25,quantile_method,0.025,NA,q=0.025
simulated_Cambodia_pop_064,naive_coi_paramset4,Cambodia,99,0.2,0.5,0.2,100,100,3.3,2.9,0.3999999999999999,0.3999999999999999,0.15999999999999992,integer_method,NA,1,int=1
simulated_Cambodia_pop_064,naive_coi_paramset5,Cambodia,99,0.2,0.5,0.2,100,100,2.87,2.9,-0.029999999999999805,0.029999999999999805,8.999999999999883e-4,integer_method,NA,2,int=2
simulated_Cambodia_pop_064,naive_coi_paramset6,Cambodia,99,0.2,0.5,0.2,100,100,2.42,2.9,-0.48,0.48,0.2304,integer_method,NA,5,int=5
simulated_Cambodia_pop_065,naive_coi_paramset1,Cambodia,9,0.7,0.25,0.5,100,100,1.12,1.17,-0.04999999999999982,0.04999999999999982,0.0024999999999999823,quantile_method,0.1,NA,q=0.100
simulated_Cambodia_pop_065,naive_coi_paramset2,Cambodia,9,0.7,0.25,0.5,100,100,1.14,1.17,-0.030000000000000027,0.030000000000000027,9.000000000000016e-4,quantile_method,0.05,NA,q=0.050
simulated_Cambodia_pop_065,naive_coi_paramset3,Cambodia,9,0.7,0.25,0.5,100,100,1.2,1.17,0.030000000000000027,0.030000000000000027,9.000000000000016e-4,quantile_method,0.025,NA,q=0.025
simulated_Cambodia_pop_065,naive_coi_paramset4,Cambodia,9,0.7,0.25,0.5,100,100,1.37,1.17,0.20000000000000018,0.20000000000000018,0.04000000000000007,integer_method,NA,1,int=1
simulated_Cambodia_pop_065,naive_coi_paramset5,Cambodia,9,0.7,0.25,0.5,100,100,1.25,1.17,0.08000000000000007,0.08000000000000007,0.006400000000000012,integer_method,NA,2,int=2
simulated_Cambodia_pop_065,naive_coi_paramset6,Cambodia,9,0.7,0.25,0.5,100,100,1.19,1.17,0.020000000000000018,0.020000000000000018,4.000000000000007e-4,integer_method,NA,5,int=5
simulated_Cambodia_pop_066,naive_coi_paramset1,Cambodia,9,0.7,0.25,0.2,100,100,1.2,1.27,-0.07000000000000006,0.07000000000000006,0.0049000000000000085,quantile_method,0.1,NA,q=0.100
simulated_Cambodia_pop_066,naive_coi_paramset2,Cambodia,9,0.7,0.25,0.2,100,100,1.24,1.27,-0.030000000000000027,0.030000000000000027,9.000000000000016e-4,quantile_method,0.05,NA,q=0.050
simulated_Cambodia_pop_066,naive_coi_paramset3,Cambodia,9,0.7,0.25,0.2,100,100,1.39,1.27,0.11999999999999988,0.11999999999999988,0.014399999999999972,quantile_method,0.025,NA,q=0.025
simulated_Cambodia_pop_066,naive_coi_paramset4,Cambodia,9,0.7,0.25,0.2,100,100,1.62,1.27,0.3500000000000001,0.3500000000000001,0.12250000000000007,integer_method,NA,1,int=1
simulated_Cambodia_pop_066,naive_coi_paramset5,Cambodia,9,0.7,0.25,0.2,100,100,1.54,1.27,0.27,0.27,0.0729,integer_method,NA,2,int=2
simulated_Cambodia_pop_066,naive_coi_paramset6,Cambodia,9,0.7,0.25,0.2,100,100,1.34,1.27,0.07000000000000006,0.07000000000000006,0.0049000000000000085,integer_method,NA,5,int=5
simulated_Cambodia_pop_067,naive_coi_paramset1,Cambodia,9,0.2,0.5,0.5,100,100,1.7,3.33,-1.6300000000000001,1.6300000000000001,2.6569000000000003,quantile_method,0.1,NA,q=0.100
simulated_Cambodia_pop_067,naive_coi_paramset2,Cambodia,9,0.2,0.5,0.5,100,100,1.97,3.33,-1.36,1.36,1.8496000000000004,quantile_method,0.05,NA,q=0.050
simulated_Cambodia_pop_067,naive_coi_paramset3,Cambodia,9,0.2,0.5,0.5,100,100,2.41,3.33,-0.9199999999999999,0.9199999999999999,0.8463999999999998,quantile_method,0.025,NA,q=0.025
simulated_Cambodia_pop_067,naive_coi_paramset4,Cambodia,9,0.2,0.5,0.5,100,100,3.46,3.33,0.1299999999999999,0.1299999999999999,0.01689999999999997,integer_method,NA,1,int=1
simulated_Cambodia_pop_067,naive_coi_paramset5,Cambodia,9,0.2,0.5,0.5,100,100,3.07,3.33,-0.26000000000000023,0.26000000000000023,0.06760000000000012,integer_method,NA,2,int=2
simulated_Cambodia_pop_067,naive_coi_paramset6,Cambodia,9,0.2,0.5,0.5,100,100,2.39,3.33,-0.94,0.94,0.8835999999999999,integer_method,NA,5,int=5
simulated_Cambodia_pop_068,naive_coi_paramset1,Cambodia,9,0.2,0.5,0.2,100,100,1.73,3.07,-1.3399999999999999,1.3399999999999999,1.7955999999999996,quantile_method,0.1,NA,q=0.100
simulated_Cambodia_pop_068,naive_coi_paramset2,Cambodia,9,0.2,0.5,0.2,100,100,2.09,3.07,-0.98,0.98,0.9603999999999999,quantile_method,0.05,NA,q=0.050
simulated_Cambodia_pop_068,naive_coi_paramset3,Cambodia,9,0.2,0.5,0.2,100,100,2.58,3.07,-0.48999999999999977,0.48999999999999977,0.24009999999999979,quantile_method,0.025,NA,q=0.025
simulated_Cambodia_pop_068,naive_coi_paramset4,Cambodia,9,0.2,0.5,0.2,100,100,3.35,3.07,0.28000000000000025,0.28000000000000025,0.07840000000000014,integer_method,NA,1,int=1
simulated_Cambodia_pop_068,naive_coi_paramset5,Cambodia,9,0.2,0.5,0.2,100,100,3.05,3.07,-0.020000000000000018,0.020000000000000018,4.000000000000007e-4,integer_method,NA,2,int=2
simulated_Cambodia_pop_068,naive_coi_paramset6,Cambodia,9,0.2,0.5,0.2,100,100,2.54,3.07,-0.5299999999999998,0.5299999999999998,0.2808999999999998,integer_method,NA,5,int=5
simulated_Cambodia_pop_069,naive_coi_paramset1,Cambodia,2.33,0.7,0.25,0.5,100,100,1.3,1.43,-0.1299999999999999,0.1299999999999999,0.01689999999999997,quantile_method,0.1,NA,q=0.100
simulated_Cambodia_pop_069,naive_coi_paramset2,Cambodia,2.33,0.7,0.25,0.5,100,100,1.35,1.43,-0.07999999999999985,0.07999999999999985,0.006399999999999976,quantile_method,0.05,NA,q=0.050
simulated_Cambodia_pop_069,naive_coi_paramset3,Cambodia,2.33,0.7,0.25,0.5,100,100,1.42,1.43,-0.010000000000000009,0.010000000000000009,1.0000000000000018e-4,quantile_method,0.025,NA,q=0.025
simulated_Cambodia_pop_069,naive_coi_paramset4,Cambodia,2.33,0.7,0.25,0.5,100,100,1.82,1.43,0.3900000000000001,0.3900000000000001,0.1521000000000001,integer_method,NA,1,int=1
simulated_Cambodia_pop_069,naive_coi_paramset5,Cambodia,2.33,0.7,0.25,0.5,100,100,1.69,1.43,0.26,0.26,0.06760000000000001,integer_method,NA,2,int=2
simulated_Cambodia_pop_069,naive_coi_paramset6,Cambodia,2.33,0.7,0.25,0.5,100,100,1.41,1.43,-0.020000000000000018,0.020000000000000018,4.000000000000007e-4,integer_method,NA,5,int=5
simulated_Cambodia_pop_070,naive_coi_paramset1,Cambodia,2.33,0.7,0.25,0.2,100,100,1.2,1.23,-0.030000000000000027,0.030000000000000027,9.000000000000016e-4,quantile_method,0.1,NA,q=0.100
simulated_Cambodia_pop_070,naive_coi_paramset2,Cambodia,2.33,0.7,0.25,0.2,100,100,1.2,1.23,-0.030000000000000027,0.030000000000000027,9.000000000000016e-4,quantile_method,0.05,NA,q=0.050
simulated_Cambodia_pop_070,naive_coi_paramset3,Cambodia,2.33,0.7,0.25,0.2,100,100,1.27,1.23,0.040000000000000036,0.040000000000000036,0.001600000000000003,quantile_method,0.025,NA,q=0.025
simulated_Cambodia_pop_070,naive_coi_paramset4,Cambodia,2.33,0.7,0.25,0.2,100,100,1.46,1.23,0.22999999999999998,0.22999999999999998,0.05289999999999999,integer_method,NA,1,int=1
simulated_Cambodia_pop_070,naive_coi_paramset5,Cambodia,2.33,0.7,0.25,0.2,100,100,1.32,1.23,0.09000000000000008,0.09000000000000008,0.008100000000000015,integer_method,NA,2,int=2
simulated_Cambodia_pop_070,naive_coi_paramset6,Cambodia,2.33,0.7,0.25,0.2,100,100,1.26,1.23,0.030000000000000027,0.030000000000000027,9.000000000000016e-4,integer_method,NA,5,int=5
simulated_Cambodia_pop_071,naive_coi_paramset1,Cambodia,2.33,0.2,0.5,0.5,100,100,1.68,4.03,-2.3500000000000005,2.3500000000000005,5.522500000000003,quantile_method,0.1,NA,q=0.100
simulated_Cambodia_pop_071,naive_coi_paramset2,Cambodia,2.33,0.2,0.5,0.5,100,100,1.92,4.03,-2.1100000000000003,2.1100000000000003,4.4521000000000015,quantile_method,0.05,NA,q=0.050
simulated_Cambodia_pop_071,naive_coi_paramset3,Cambodia,2.33,0.2,0.5,0.5,100,100,2.28,4.03,-1.7500000000000004,1.7500000000000004,3.0625000000000018,quantile_method,0.025,NA,q=0.025
simulated_Cambodia_pop_071,naive_coi_paramset4,Cambodia,2.33,0.2,0.5,0.5,100,100,2.89,4.03,-1.1400000000000001,1.1400000000000001,1.2996000000000003,integer_method,NA,1,int=1
simulated_Cambodia_pop_071,naive_coi_paramset5,Cambodia,2.33,0.2,0.5,0.5,100,100,2.65,4.03,-1.3800000000000003,1.3800000000000003,1.904400000000001,integer_method,NA,2,int=2
simulated_Cambodia_pop_071,naive_coi_paramset6,Cambodia,2.33,0.2,0.5,0.5,100,100,2.25,4.03,-1.7800000000000002,1.7800000000000002,3.168400000000001,integer_method,NA,5,int=5
simulated_Cambodia_pop_072,naive_coi_paramset1,Cambodia,2.33,0.2,0.5,0.2,100,100,1.61,2.89,-1.28,1.28,1.6384,quantile_method,0.1,NA,q=0.100
simulated_Cambodia_pop_072,naive_coi_paramset2,Cambodia,2.33,0.2,0.5,0.2,100,100,1.74,2.89,-1.1500000000000001,1.1500000000000001,1.3225000000000002,quantile_method,0.05,NA,q=0.050
simulated_Cambodia_pop_072,naive_coi_paramset3,Cambodia,2.33,0.2,0.5,0.2,100,100,2.02,2.89,-0.8700000000000001,0.8700000000000001,0.7569000000000002,quantile_method,0.025,NA,q=0.025
simulated_Cambodia_pop_072,naive_coi_paramset4,Cambodia,2.33,0.2,0.5,0.2,100,100,2.69,2.89,-0.20000000000000018,0.20000000000000018,0.04000000000000007,integer_method,NA,1,int=1
simulated_Cambodia_pop_072,naive_coi_paramset5,Cambodia,2.33,0.2,0.5,0.2,100,100,2.39,2.89,-0.5,0.5,0.25,integer_method,NA,2,int=2
simulated_Cambodia_pop_072,naive_coi_paramset6,Cambodia,2.33,0.2,0.5,0.2,100,100,2.02,2.89,-0.8700000000000001,0.8700000000000001,0.7569000000000002,integer_method,NA,5,int=5
simulated_Cambodia_pop_073,naive_coi_paramset1,Cambodia,99,0.7,0.25,0.5,100,100,1.17,1.2,-0.030000000000000027,0.030000000000000027,9.000000000000016e-4,quantile_method,0.1,NA,q=0.100
simulated_Cambodia_pop_073,naive_coi_paramset2,Cambodia,99,0.7,0.25,0.5,100,100,1.18,1.2,-0.020000000000000018,0.020000000000000018,4.000000000000007e-4,quantile_method,0.05,NA,q=0.050
simulated_Cambodia_pop_073,naive_coi_paramset3,Cambodia,99,0.7,0.25,0.5,100,100,1.26,1.2,0.06000000000000005,0.06000000000000005,0.0036000000000000064,quantile_method,0.025,NA,q=0.025
simulated_Cambodia_pop_073,naive_coi_paramset4,Cambodia,99,0.7,0.25,0.5,100,100,1.49,1.2,0.29000000000000004,0.29000000000000004,0.08410000000000002,integer_method,NA,1,int=1
simulated_Cambodia_pop_073,naive_coi_paramset5,Cambodia,99,0.7,0.25,0.5,100,100,1.42,1.2,0.21999999999999997,0.21999999999999997,0.04839999999999999,integer_method,NA,2,int=2
simulated_Cambodia_pop_073,naive_coi_paramset6,Cambodia,99,0.7,0.25,0.5,100,100,1.25,1.2,0.050000000000000044,0.050000000000000044,0.0025000000000000044,integer_method,NA,5,int=5
simulated_Cambodia_pop_074,naive_coi_paramset1,Cambodia,99,0.7,0.25,0.2,100,100,1.19,1.23,-0.040000000000000036,0.040000000000000036,0.001600000000000003,quantile_method,0.1,NA,q=0.100
simulated_Cambodia_pop_074,naive_coi_paramset2,Cambodia,99,0.7,0.25,0.2,100,100,1.21,1.23,-0.020000000000000018,0.020000000000000018,4.000000000000007e-4,quantile_method,0.05,NA,q=0.050
simulated_Cambodia_pop_074,naive_coi_paramset3,Cambodia,99,0.7,0.25,0.2,100,100,1.3,1.23,0.07000000000000006,0.07000000000000006,0.0049000000000000085,quantile_method,0.025,NA,q=0.025
simulated_Cambodia_pop_074,naive_coi_paramset4,Cambodia,99,0.7,0.25,0.2,100,100,1.5,1.23,0.27,0.27,0.0729,integer_method,NA,1,int=1
simulated_Cambodia_pop_074,naive_coi_paramset5,Cambodia,99,0.7,0.25,0.2,100,100,1.44,1.23,0.20999999999999996,0.20999999999999996,0.044099999999999986,integer_method,NA,2,int=2
simulated_Cambodia_pop_074,naive_coi_paramset6,Cambodia,99,0.7,0.25,0.2,100,100,1.28,1.23,0.050000000000000044,0.050000000000000044,0.0025000000000000044,integer_method,NA,5,int=5
simulated_Cambodia_pop_075,naive_coi_paramset1,Cambodia,99,0.2,0.5,0.5,100,100,1.69,3.21,-1.52,1.52,2.3104,quantile_method,0.1,NA,q=0.100
simulated_Cambodia_pop_075,naive_coi_paramset2,Cambodia,99,0.2,0.5,0.5,100,100,2.08,3.21,-1.13,1.13,1.2768999999999997,quantile_method,0.05,NA,q=0.050
simulated_Cambodia_pop_075,naive_coi_paramset3,Cambodia,99,0.2,0.5,0.5,100,100,2.62,3.21,-0.5899999999999999,0.5899999999999999,0.34809999999999985,quantile_method,0.025,NA,q=0.025
simulated_Cambodia_pop_075,naive_coi_paramset4,Cambodia,99,0.2,0.5,0.5,100,100,3.66,3.21,0.4500000000000002,0.4500000000000002,0.20250000000000015,integer_method,NA,1,int=1
simulated_Cambodia_pop_075,naive_coi_paramset5,Cambodia,99,0.2,0.5,0.5,100,100,3.14,3.21,-0.06999999999999984,0.06999999999999984,0.004899999999999977,integer_method,NA,2,int=2
simulated_Cambodia_pop_075,naive_coi_paramset6,Cambodia,99,0.2,0.5,0.5,100,100,2.62,3.21,-0.5899999999999999,0.5899999999999999,0.34809999999999985,integer_method,NA,5,int=5
simulated_Cambodia_pop_076,naive_coi_paramset1,Cambodia,99,0.2,0.5,0.2,100,100,1.7,3.57,-1.8699999999999999,1.8699999999999999,3.4968999999999997,quantile_method,0.1,NA,q=0.100
simulated_Cambodia_pop_076,naive_coi_paramset2,Cambodia,99,0.2,0.5,0.2,100,100,2.17,3.57,-1.4,1.4,1.9599999999999997,quantile_method,0.05,NA,q=0.050
simulated_Cambodia_pop_076,naive_coi_paramset3,Cambodia,99,0.2,0.5,0.2,100,100,2.44,3.57,-1.13,1.13,1.2768999999999997,quantile_method,0.025,NA,q=0.025
simulated_Cambodia_pop_076,naive_coi_paramset4,Cambodia,99,0.2,0.5,0.2,100,100,3.54,3.57,-0.029999999999999805,0.029999999999999805,8.999999999999883e-4,integer_method,NA,1,int=1
simulated_Cambodia_pop_076,naive_coi_paramset5,Cambodia,99,0.2,0.5,0.2,100,100,3.15,3.57,-0.41999999999999993,0.41999999999999993,0.17639999999999995,integer_method,NA,2,int=2
simulated_Cambodia_pop_076,naive_coi_paramset6,Cambodia,99,0.2,0.5,0.2,100,100,2.5,3.57,-1.0699999999999998,1.0699999999999998,1.1448999999999996,integer_method,NA,5,int=5
simulated_Cambodia_pop_077,naive_coi_paramset1,Cambodia,9,0.7,0.25,0.5,100,100,1.19,1.3,-0.1100000000000001,0.1100000000000001,0.012100000000000022,quantile_method,0.1,NA,q=0.100
simulated_Cambodia_pop_077,naive_coi_paramset2,Cambodia,9,0.7,0.25,0.5,100,100,1.25,1.3,-0.050000000000000044,0.050000000000000044,0.0025000000000000044,quantile_method,0.05,NA,q=0.050
simulated_Cambodia_pop_077,naive_coi_paramset3,Cambodia,9,0.7,0.25,0.5,100,100,1.31,1.3,0.010000000000000009,0.010000000000000009,1.0000000000000018e-4,quantile_method,0.025,NA,q=0.025
simulated_Cambodia_pop_077,naive_coi_paramset4,Cambodia,9,0.7,0.25,0.5,100,100,1.58,1.3,0.28,0.28,0.07840000000000001,integer_method,NA,1,int=1
simulated_Cambodia_pop_077,naive_coi_paramset5,Cambodia,9,0.7,0.25,0.5,100,100,1.48,1.3,0.17999999999999994,0.17999999999999994,0.03239999999999998,integer_method,NA,2,int=2
simulated_Cambodia_pop_077,naive_coi_paramset6,Cambodia,9,0.7,0.25,0.5,100,100,1.31,1.3,0.010000000000000009,0.010000000000000009,1.0000000000000018e-4,integer_method,NA,5,int=5
simulated_Cambodia_pop_078,naive_coi_paramset1,Cambodia,9,0.7,0.25,0.2,100,100,1.11,1.15,-0.039999999999999813,0.039999999999999813,0.0015999999999999851,quantile_method,0.1,NA,q=0.100
simulated_Cambodia_pop_078,naive_coi_paramset2,Cambodia,9,0.7,0.25,0.2,100,100,1.12,1.15,-0.029999999999999805,0.029999999999999805,8.999999999999883e-4,quantile_method,0.05,NA,q=0.050
simulated_Cambodia_pop_078,naive_coi_paramset3,Cambodia,9,0.7,0.25,0.2,100,100,1.2,1.15,0.050000000000000044,0.050000000000000044,0.0025000000000000044,quantile_method,0.025,NA,q=0.025
simulated_Cambodia_pop_078,naive_coi_paramset4,Cambodia,9,0.7,0.25,0.2,100,100,1.32,1.15,0.17000000000000015,0.17000000000000015,0.02890000000000005,integer_method,NA,1,int=1
simulated_Cambodia_pop_078,naive_coi_paramset5,Cambodia,9,0.7,0.25,0.2,100,100,1.25,1.15,0.10000000000000009,0.10000000000000009,0.010000000000000018,integer_method,NA,2,int=2
simulated_Cambodia_pop_078,naive_coi_paramset6,Cambodia,9,0.7,0.25,0.2,100,100,1.18,1.15,0.030000000000000027,0.030000000000000027,9.000000000000016e-4,integer_method,NA,5,int=5
simulated_Cambodia_pop_079,naive_coi_paramset1,Cambodia,9,0.2,0.5,0.5,100,100,1.7,3.86,-2.16,2.16,4.6656,quantile_method,0.1,NA,q=0.100
simulated_Cambodia_pop_079,naive_coi_paramset2,Cambodia,9,0.2,0.5,0.5,100,100,2,3.86,-1.8599999999999999,1.8599999999999999,3.4595999999999996,quantile_method,0.05,NA,q=0.050
simulated_Cambodia_pop_079,naive_coi_paramset3,Cambodia,9,0.2,0.5,0.5,100,100,2.33,3.86,-1.5299999999999998,1.5299999999999998,2.3408999999999995,quantile_method,0.025,NA,q=0.025
simulated_Cambodia_pop_079,naive_coi_paramset4,Cambodia,9,0.2,0.5,0.5,100,100,3.03,3.86,-0.8300000000000001,0.8300000000000001,0.6889000000000001,integer_method,NA,1,int=1
simulated_Cambodia_pop_079,naive_coi_paramset5,Cambodia,9,0.2,0.5,0.5,100,100,2.7,3.86,-1.1599999999999997,1.1599999999999997,1.3455999999999992,integer_method,NA,2,int=2
simulated_Cambodia_pop_079,naive_coi_paramset6,Cambodia,9,0.2,0.5,0.5,100,100,2.31,3.86,-1.5499999999999998,1.5499999999999998,2.4024999999999994,integer_method,NA,5,int=5
simulated_Cambodia_pop_080,naive_coi_paramset1,Cambodia,9,0.2,0.5,0.2,100,100,1.58,2.89,-1.31,1.31,1.7161000000000002,quantile_method,0.1,NA,q=0.100
simulated_Cambodia_pop_080,naive_coi_paramset2,Cambodia,9,0.2,0.5,0.2,100,100,1.84,2.89,-1.05,1.05,1.1025,quantile_method,0.05,NA,q=0.050
simulated_Cambodia_pop_080,naive_coi_paramset3,Cambodia,9,0.2,0.5,0.2,100,100,2.24,2.89,-0.6499999999999999,0.6499999999999999,0.4224999999999999,quantile_method,0.025,NA,q=0.025
simulated_Cambodia_pop_080,naive_coi_paramset4,Cambodia,9,0.2,0.5,0.2,100,100,2.82,2.89,-0.07000000000000028,0.07000000000000028,0.00490000000000004,integer_method,NA,1,int=1
simulated_Cambodia_pop_080,naive_coi_paramset5,Cambodia,9,0.2,0.5,0.2,100,100,2.54,2.89,-0.3500000000000001,0.3500000000000001,0.12250000000000007,integer_method,NA,2,int=2
simulated_Cambodia_pop_080,naive_coi_paramset6,Cambodia,9,0.2,0.5,0.2,100,100,2.21,2.89,-0.6800000000000002,0.6800000000000002,0.4624000000000002,integer_method,NA,5,int=5
simulated_Cambodia_pop_081,naive_coi_paramset1,Cambodia,2.33,0.7,0.25,0.5,100,100,1.16,1.2,-0.040000000000000036,0.040000000000000036,0.001600000000000003,quantile_method,0.1,NA,q=0.100
simulated_Cambodia_pop_081,naive_coi_paramset2,Cambodia,2.33,0.7,0.25,0.5,100,100,1.17,1.2,-0.030000000000000027,0.030000000000000027,9.000000000000016e-4,quantile_method,0.05,NA,q=0.050
simulated_Cambodia_pop_081,naive_coi_paramset3,Cambodia,2.33,0.7,0.25,0.5,100,100,1.23,1.2,0.030000000000000027,0.030000000000000027,9.000000000000016e-4,quantile_method,0.025,NA,q=0.025
simulated_Cambodia_pop_081,naive_coi_paramset4,Cambodia,2.33,0.7,0.25,0.5,100,100,1.37,1.2,0.17000000000000015,0.17000000000000015,0.02890000000000005,integer_method,NA,1,int=1
simulated_Cambodia_pop_081,naive_coi_paramset5,Cambodia,2.33,0.7,0.25,0.5,100,100,1.29,1.2,0.09000000000000008,0.09000000000000008,0.008100000000000015,integer_method,NA,2,int=2
simulated_Cambodia_pop_081,naive_coi_paramset6,Cambodia,2.33,0.7,0.25,0.5,100,100,1.2,1.2,0,0,0,integer_method,NA,5,int=5
simulated_Cambodia_pop_082,naive_coi_paramset1,Cambodia,2.33,0.7,0.25,0.2,100,100,1.25,1.38,-0.1299999999999999,0.1299999999999999,0.01689999999999997,quantile_method,0.1,NA,q=0.100
simulated_Cambodia_pop_082,naive_coi_paramset2,Cambodia,2.33,0.7,0.25,0.2,100,100,1.28,1.38,-0.09999999999999987,0.09999999999999987,0.009999999999999974,quantile_method,0.05,NA,q=0.050
simulated_Cambodia_pop_082,naive_coi_paramset3,Cambodia,2.33,0.7,0.25,0.2,100,100,1.45,1.38,0.07000000000000006,0.07000000000000006,0.0049000000000000085,quantile_method,0.025,NA,q=0.025
simulated_Cambodia_pop_082,naive_coi_paramset4,Cambodia,2.33,0.7,0.25,0.2,100,100,1.74,1.38,0.3600000000000001,0.3600000000000001,0.12960000000000008,integer_method,NA,1,int=1
simulated_Cambodia_pop_082,naive_coi_paramset5,Cambodia,2.33,0.7,0.25,0.2,100,100,1.7,1.38,0.32000000000000006,0.32000000000000006,0.10240000000000005,integer_method,NA,2,int=2
simulated_Cambodia_pop_082,naive_coi_paramset6,Cambodia,2.33,0.7,0.25,0.2,100,100,1.4,1.38,0.020000000000000018,0.020000000000000018,4.000000000000007e-4,integer_method,NA,5,int=5
simulated_Cambodia_pop_083,naive_coi_paramset1,Cambodia,2.33,0.2,0.5,0.5,100,100,1.71,3.68,-1.9700000000000002,1.9700000000000002,3.880900000000001,quantile_method,0.1,NA,q=0.100
simulated_Cambodia_pop_083,naive_coi_paramset2,Cambodia,2.33,0.2,0.5,0.5,100,100,1.82,3.68,-1.86,1.86,3.4596000000000005,quantile_method,0.05,NA,q=0.050
simulated_Cambodia_pop_083,naive_coi_paramset3,Cambodia,2.33,0.2,0.5,0.5,100,100,2.08,3.68,-1.6,1.6,2.5600000000000005,quantile_method,0.025,NA,q=0.025
simulated_Cambodia_pop_083,naive_coi_paramset4,Cambodia,2.33,0.2,0.5,0.5,100,100,2.74,3.68,-0.94,0.94,0.8835999999999999,integer_method,NA,1,int=1
simulated_Cambodia_pop_083,naive_coi_paramset5,Cambodia,2.33,0.2,0.5,0.5,100,100,2.4,3.68,-1.2800000000000002,1.2800000000000002,1.6384000000000007,integer_method,NA,2,int=2
simulated_Cambodia_pop_083,naive_coi_paramset6,Cambodia,2.33,0.2,0.5,0.5,100,100,2.09,3.68,-1.5900000000000003,1.5900000000000003,2.528100000000001,integer_method,NA,5,int=5
simulated_Cambodia_pop_084,naive_coi_paramset1,Cambodia,2.33,0.2,0.5,0.2,100,100,1.69,3.05,-1.3599999999999999,1.3599999999999999,1.8495999999999997,quantile_method,0.1,NA,q=0.100
simulated_Cambodia_pop_084,naive_coi_paramset2,Cambodia,2.33,0.2,0.5,0.2,100,100,1.88,3.05,-1.17,1.17,1.3688999999999998,quantile_method,0.05,NA,q=0.050
simulated_Cambodia_pop_084,naive_coi_paramset3,Cambodia,2.33,0.2,0.5,0.2,100,100,2.13,3.05,-0.9199999999999999,0.9199999999999999,0.8463999999999998,quantile_method,0.025,NA,q=0.025
simulated_Cambodia_pop_084,naive_coi_paramset4,Cambodia,2.33,0.2,0.5,0.2,100,100,2.86,3.05,-0.18999999999999995,0.18999999999999995,0.03609999999999998,integer_method,NA,1,int=1
simulated_Cambodia_pop_084,naive_coi_paramset5,Cambodia,2.33,0.2,0.5,0.2,100,100,2.57,3.05,-0.48,0.48,0.2304,integer_method,NA,2,int=2
simulated_Cambodia_pop_084,naive_coi_paramset6,Cambodia,2.33,0.2,0.5,0.2,100,100,2.1,3.05,-0.9499999999999997,0.9499999999999997,0.9024999999999995,integer_method,NA,5,int=5
simulated_Cambodia_pop_085,naive_coi_paramset1,Cambodia,99,0.7,0.25,0.5,100,100,1.16,1.19,-0.030000000000000027,0.030000000000000027,9.000000000000016e-4,quantile_method,0.1,NA,q=0.100
simulated_Cambodia_pop_085,naive_coi_paramset2,Cambodia,99,0.7,0.25,0.5,100,100,1.17,1.19,-0.020000000000000018,0.020000000000000018,4.000000000000007e-4,quantile_method,0.05,NA,q=0.050
simulated_Cambodia_pop_085,naive_coi_paramset3,Cambodia,99,0.7,0.25,0.5,100,100,1.26,1.19,0.07000000000000006,0.07000000000000006,0.0049000000000000085,quantile_method,0.025,NA,q=0.025
simulated_Cambodia_pop_085,naive_coi_paramset4,Cambodia,99,0.7,0.25,0.5,100,100,1.54,1.19,0.3500000000000001,0.3500000000000001,0.12250000000000007,integer_method,NA,1,int=1
simulated_Cambodia_pop_085,naive_coi_paramset5,Cambodia,99,0.7,0.25,0.5,100,100,1.4,1.19,0.20999999999999996,0.20999999999999996,0.044099999999999986,integer_method,NA,2,int=2
simulated_Cambodia_pop_085,naive_coi_paramset6,Cambodia,99,0.7,0.25,0.5,100,100,1.24,1.19,0.050000000000000044,0.050000000000000044,0.0025000000000000044,integer_method,NA,5,int=5
simulated_Cambodia_pop_086,naive_coi_paramset1,Cambodia,99,0.7,0.25,0.2,100,100,1.27,1.4,-0.1299999999999999,0.1299999999999999,0.01689999999999997,quantile_method,0.1,NA,q=0.100
simulated_Cambodia_pop_086,naive_coi_paramset2,Cambodia,99,0.7,0.25,0.2,100,100,1.36,1.4,-0.039999999999999813,0.039999999999999813,0.0015999999999999851,quantile_method,0.05,NA,q=0.050
simulated_Cambodia_pop_086,naive_coi_paramset3,Cambodia,99,0.7,0.25,0.2,100,100,1.56,1.4,0.16000000000000014,0.16000000000000014,0.025600000000000046,quantile_method,0.025,NA,q=0.025
simulated_Cambodia_pop_086,naive_coi_paramset4,Cambodia,99,0.7,0.25,0.2,100,100,1.85,1.4,0.4500000000000002,0.4500000000000002,0.20250000000000015,integer_method,NA,1,int=1
simulated_Cambodia_pop_086,naive_coi_paramset5,Cambodia,99,0.7,0.25,0.2,100,100,1.76,1.4,0.3600000000000001,0.3600000000000001,0.12960000000000008,integer_method,NA,2,int=2
simulated_Cambodia_pop_086,naive_coi_paramset6,Cambodia,99,0.7,0.25,0.2,100,100,1.51,1.4,0.1100000000000001,0.1100000000000001,0.012100000000000022,integer_method,NA,5,int=5
simulated_Cambodia_pop_087,naive_coi_paramset1,Cambodia,99,0.2,0.5,0.5,100,100,1.73,3.53,-1.7999999999999998,1.7999999999999998,3.2399999999999993,quantile_method,0.1,NA,q=0.100
simulated_Cambodia_pop_087,naive_coi_paramset2,Cambodia,99,0.2,0.5,0.5,100,100,2.12,3.53,-1.4099999999999997,1.4099999999999997,1.988099999999999,quantile_method,0.05,NA,q=0.050
simulated_Cambodia_pop_087,naive_coi_paramset3,Cambodia,99,0.2,0.5,0.5,100,100,2.48,3.53,-1.0499999999999998,1.0499999999999998,1.1024999999999996,quantile_method,0.025,NA,q=0.025
simulated_Cambodia_pop_087,naive_coi_paramset4,Cambodia,99,0.2,0.5,0.5,100,100,3.51,3.53,-0.020000000000000018,0.020000000000000018,4.000000000000007e-4,integer_method,NA,1,int=1
simulated_Cambodia_pop_087,naive_coi_paramset5,Cambodia,99,0.2,0.5,0.5,100,100,3.02,3.53,-0.5099999999999998,0.5099999999999998,0.2600999999999998,integer_method,NA,2,int=2
simulated_Cambodia_pop_087,naive_coi_paramset6,Cambodia,99,0.2,0.5,0.5,100,100,2.49,3.53,-1.0399999999999996,1.0399999999999996,1.0815999999999992,integer_method,NA,5,int=5
simulated_Cambodia_pop_088,naive_coi_paramset1,Cambodia,99,0.2,0.5,0.2,100,100,1.73,3,-1.27,1.27,1.6129,quantile_method,0.1,NA,q=0.100
simulated_Cambodia_pop_088,naive_coi_paramset2,Cambodia,99,0.2,0.5,0.2,100,100,2.08,3,-0.9199999999999999,0.9199999999999999,0.8463999999999998,quantile_method,0.05,NA,q=0.050
simulated_Cambodia_pop_088,naive_coi_paramset3,Cambodia,99,0.2,0.5,0.2,100,100,2.42,3,-0.5800000000000001,0.5800000000000001,0.3364000000000001,quantile_method,0.025,NA,q=0.025
simulated_Cambodia_pop_088,naive_coi_paramset4,Cambodia,99,0.2,0.5,0.2,100,100,3.45,3,0.4500000000000002,0.4500000000000002,0.20250000000000015,integer_method,NA,1,int=1
simulated_Cambodia_pop_088,naive_coi_paramset5,Cambodia,99,0.2,0.5,0.2,100,100,2.87,3,-0.1299999999999999,0.1299999999999999,0.01689999999999997,integer_method,NA,2,int=2
simulated_Cambodia_pop_088,naive_coi_paramset6,Cambodia,99,0.2,0.5,0.2,100,100,2.47,3,-0.5299999999999998,0.5299999999999998,0.2808999999999998,integer_method,NA,5,int=5
simulated_Cambodia_pop_089,naive_coi_paramset1,Cambodia,9,0.7,0.25,0.5,100,100,1.12,1.17,-0.04999999999999982,0.04999999999999982,0.0024999999999999823,quantile_method,0.1,NA,q=0.100
simulated_Cambodia_pop_089,naive_coi_paramset2,Cambodia,9,0.7,0.25,0.5,100,100,1.14,1.17,-0.030000000000000027,0.030000000000000027,9.000000000000016e-4,quantile_method,0.05,NA,q=0.050
simulated_Cambodia_pop_089,naive_coi_paramset3,Cambodia,9,0.7,0.25,0.5,100,100,1.23,1.17,0.06000000000000005,0.06000000000000005,0.0036000000000000064,quantile_method,0.025,NA,q=0.025
simulated_Cambodia_pop_089,naive_coi_paramset4,Cambodia,9,0.7,0.25,0.5,100,100,1.42,1.17,0.25,0.25,0.0625,integer_method,NA,1,int=1
simulated_Cambodia_pop_089,naive_coi_paramset5,Cambodia,9,0.7,0.25,0.5,100,100,1.34,1.17,0.17000000000000015,0.17000000000000015,0.02890000000000005,integer_method,NA,2,int=2
simulated_Cambodia_pop_089,naive_coi_paramset6,Cambodia,9,0.7,0.25,0.5,100,100,1.21,1.17,0.040000000000000036,0.040000000000000036,0.001600000000000003,integer_method,NA,5,int=5
simulated_Cambodia_pop_090,naive_coi_paramset1,Cambodia,9,0.7,0.25,0.2,100,100,1.24,1.34,-0.10000000000000009,0.10000000000000009,0.010000000000000018,quantile_method,0.1,NA,q=0.100
simulated_Cambodia_pop_090,naive_coi_paramset2,Cambodia,9,0.7,0.25,0.2,100,100,1.27,1.34,-0.07000000000000006,0.07000000000000006,0.0049000000000000085,quantile_method,0.05,NA,q=0.050
simulated_Cambodia_pop_090,naive_coi_paramset3,Cambodia,9,0.7,0.25,0.2,100,100,1.39,1.34,0.04999999999999982,0.04999999999999982,0.0024999999999999823,quantile_method,0.025,NA,q=0.025
simulated_Cambodia_pop_090,naive_coi_paramset4,Cambodia,9,0.7,0.25,0.2,100,100,1.65,1.34,0.30999999999999983,0.30999999999999983,0.0960999999999999,integer_method,NA,1,int=1
simulated_Cambodia_pop_090,naive_coi_paramset5,Cambodia,9,0.7,0.25,0.2,100,100,1.51,1.34,0.16999999999999993,0.16999999999999993,0.028899999999999974,integer_method,NA,2,int=2
simulated_Cambodia_pop_090,naive_coi_paramset6,Cambodia,9,0.7,0.25,0.2,100,100,1.36,1.34,0.020000000000000018,0.020000000000000018,4.000000000000007e-4,integer_method,NA,5,int=5
simulated_Cambodia_pop_091,naive_coi_paramset1,Cambodia,9,0.2,0.5,0.5,100,100,1.82,3.35,-1.53,1.53,2.3409,quantile_method,0.1,NA,q=0.100
simulated_Cambodia_pop_091,naive_coi_paramset2,Cambodia,9,0.2,0.5,0.5,100,100,2.23,3.35,-1.12,1.12,1.2544000000000002,quantile_method,0.05,NA,q=0.050
simulated_Cambodia_pop_091,naive_coi_paramset3,Cambodia,9,0.2,0.5,0.5,100,100,2.53,3.35,-0.8200000000000003,0.8200000000000003,0.6724000000000004,quantile_method,0.025,NA,q=0.025
simulated_Cambodia_pop_091,naive_coi_paramset4,Cambodia,9,0.2,0.5,0.5,100,100,3.45,3.35,0.10000000000000009,0.10000000000000009,0.010000000000000018,integer_method,NA,1,int=1
simulated_Cambodia_pop_091,naive_coi_paramset5,Cambodia,9,0.2,0.5,0.5,100,100,2.99,3.35,-0.3599999999999999,0.3599999999999999,0.1295999999999999,integer_method,NA,2,int=2
simulated_Cambodia_pop_091,naive_coi_paramset6,Cambodia,9,0.2,0.5,0.5,100,100,2.53,3.35,-0.8200000000000003,0.8200000000000003,0.6724000000000004,integer_method,NA,5,int=5
simulated_Cambodia_pop_092,naive_coi_paramset1,Cambodia,9,0.2,0.5,0.2,100,100,1.7,2.78,-1.0799999999999998,1.0799999999999998,1.1663999999999997,quantile_method,0.1,NA,q=0.100
simulated_Cambodia_pop_092,naive_coi_paramset2,Cambodia,9,0.2,0.5,0.2,100,100,1.97,2.78,-0.8099999999999998,0.8099999999999998,0.6560999999999997,quantile_method,0.05,NA,q=0.050
simulated_Cambodia_pop_092,naive_coi_paramset3,Cambodia,9,0.2,0.5,0.2,100,100,2.34,2.78,-0.43999999999999995,0.43999999999999995,0.19359999999999997,quantile_method,0.025,NA,q=0.025
simulated_Cambodia_pop_092,naive_coi_paramset4,Cambodia,9,0.2,0.5,0.2,100,100,3.38,2.78,0.6000000000000001,0.6000000000000001,0.3600000000000001,integer_method,NA,1,int=1
simulated_Cambodia_pop_092,naive_coi_paramset5,Cambodia,9,0.2,0.5,0.2,100,100,2.83,2.78,0.050000000000000266,0.050000000000000266,0.0025000000000000265,integer_method,NA,2,int=2
simulated_Cambodia_pop_092,naive_coi_paramset6,Cambodia,9,0.2,0.5,0.2,100,100,2.32,2.78,-0.45999999999999996,0.45999999999999996,0.21159999999999995,integer_method,NA,5,int=5
simulated_Cambodia_pop_093,naive_coi_paramset1,Cambodia,2.33,0.7,0.25,0.5,100,100,1.19,1.27,-0.08000000000000007,0.08000000000000007,0.006400000000000012,quantile_method,0.1,NA,q=0.100
simulated_Cambodia_pop_093,naive_coi_paramset2,Cambodia,2.33,0.7,0.25,0.5,100,100,1.2,1.27,-0.07000000000000006,0.07000000000000006,0.0049000000000000085,quantile_method,0.05,NA,q=0.050
simulated_Cambodia_pop_093,naive_coi_paramset3,Cambodia,2.33,0.7,0.25,0.5,100,100,1.31,1.27,0.040000000000000036,0.040000000000000036,0.001600000000000003,quantile_method,0.025,NA,q=0.025
simulated_Cambodia_pop_093,naive_coi_paramset4,Cambodia,2.33,0.7,0.25,0.5,100,100,1.5,1.27,0.22999999999999998,0.22999999999999998,0.05289999999999999,integer_method,NA,1,int=1
simulated_Cambodia_pop_093,naive_coi_paramset5,Cambodia,2.33,0.7,0.25,0.5,100,100,1.42,1.27,0.1499999999999999,0.1499999999999999,0.022499999999999975,integer_method,NA,2,int=2
simulated_Cambodia_pop_093,naive_coi_paramset6,Cambodia,2.33,0.7,0.25,0.5,100,100,1.26,1.27,-0.010000000000000009,0.010000000000000009,1.0000000000000018e-4,integer_method,NA,5,int=5
simulated_Cambodia_pop_094,naive_coi_paramset1,Cambodia,2.33,0.7,0.25,0.2,100,100,1.17,1.18,-0.010000000000000009,0.010000000000000009,1.0000000000000018e-4,quantile_method,0.1,NA,q=0.100
simulated_Cambodia_pop_094,naive_coi_paramset2,Cambodia,2.33,0.7,0.25,0.2,100,100,1.19,1.18,0.010000000000000009,0.010000000000000009,1.0000000000000018e-4,quantile_method,0.05,NA,q=0.050
simulated_Cambodia_pop_094,naive_coi_paramset3,Cambodia,2.33,0.7,0.25,0.2,100,100,1.22,1.18,0.040000000000000036,0.040000000000000036,0.001600000000000003,quantile_method,0.025,NA,q=0.025
simulated_Cambodia_pop_094,naive_coi_paramset4,Cambodia,2.33,0.7,0.25,0.2,100,100,1.47,1.18,0.29000000000000004,0.29000000000000004,0.08410000000000002,integer_method,NA,1,int=1
simulated_Cambodia_pop_094,naive_coi_paramset5,Cambodia,2.33,0.7,0.25,0.2,100,100,1.32,1.18,0.14000000000000012,0.14000000000000012,0.019600000000000034,integer_method,NA,2,int=2
simulated_Cambodia_pop_094,naive_coi_paramset6,Cambodia,2.33,0.7,0.25,0.2,100,100,1.2,1.18,0.020000000000000018,0.020000000000000018,4.000000000000007e-4,integer_method,NA,5,int=5
simulated_Cambodia_pop_095,naive_coi_paramset1,Cambodia,2.33,0.2,0.5,0.5,100,100,1.68,3.77,-2.09,2.09,4.368099999999999,quantile_method,0.1,NA,q=0.100
simulated_Cambodia_pop_095,naive_coi_paramset2,Cambodia,2.33,0.2,0.5,0.5,100,100,2,3.77,-1.77,1.77,3.1329000000000002,quantile_method,0.05,NA,q=0.050
simulated_Cambodia_pop_095,naive_coi_paramset3,Cambodia,2.33,0.2,0.5,0.5,100,100,2.2,3.77,-1.5699999999999998,1.5699999999999998,2.4648999999999996,quantile_method,0.025,NA,q=0.025
simulated_Cambodia_pop_095,naive_coi_paramset4,Cambodia,2.33,0.2,0.5,0.5,100,100,2.86,3.77,-0.9100000000000001,0.9100000000000001,0.8281000000000003,integer_method,NA,1,int=1
simulated_Cambodia_pop_095,naive_coi_paramset5,Cambodia,2.33,0.2,0.5,0.5,100,100,2.54,3.77,-1.23,1.23,1.5129,integer_method,NA,2,int=2
simulated_Cambodia_pop_095,naive_coi_paramset6,Cambodia,2.33,0.2,0.5,0.5,100,100,2.18,3.77,-1.5899999999999999,1.5899999999999999,2.5280999999999993,integer_method,NA,5,int=5
simulated_Cambodia_pop_096,naive_coi_paramset1,Cambodia,2.33,0.2,0.5,0.2,100,100,1.43,3.52,-2.09,2.09,4.368099999999999,quantile_method,0.1,NA,q=0.100
simulated_Cambodia_pop_096,naive_coi_paramset2,Cambodia,2.33,0.2,0.5,0.2,100,100,1.56,3.52,-1.96,1.96,3.8415999999999997,quantile_method,0.05,NA,q=0.050
simulated_Cambodia_pop_096,naive_coi_paramset3,Cambodia,2.33,0.2,0.5,0.2,100,100,1.72,3.52,-1.8,1.8,3.24,quantile_method,0.025,NA,q=0.025
simulated_Cambodia_pop_096,naive_coi_paramset4,Cambodia,2.33,0.2,0.5,0.2,100,100,2.09,3.52,-1.4300000000000002,1.4300000000000002,2.0449000000000006,integer_method,NA,1,int=1
simulated_Cambodia_pop_096,naive_coi_paramset5,Cambodia,2.33,0.2,0.5,0.2,100,100,1.86,3.52,-1.66,1.66,2.7556,integer_method,NA,2,int=2
simulated_Cambodia_pop_096,naive_coi_paramset6,Cambodia,2.33,0.2,0.5,0.2,100,100,1.67,3.52,-1.85,1.85,3.4225000000000003,integer_method,NA,5,int=5
simulated_Cambodia_pop_097,naive_coi_paramset1,Cambodia,99,0.7,0.25,0.5,100,100,1.19,1.27,-0.08000000000000007,0.08000000000000007,0.006400000000000012,quantile_method,0.1,NA,q=0.100
simulated_Cambodia_pop_097,naive_coi_paramset2,Cambodia,99,0.7,0.25,0.5,100,100,1.21,1.27,-0.06000000000000005,0.06000000000000005,0.0036000000000000064,quantile_method,0.05,NA,q=0.050
simulated_Cambodia_pop_097,naive_coi_paramset3,Cambodia,99,0.7,0.25,0.5,100,100,1.35,1.27,0.08000000000000007,0.08000000000000007,0.006400000000000012,quantile_method,0.025,NA,q=0.025
simulated_Cambodia_pop_097,naive_coi_paramset4,Cambodia,99,0.7,0.25,0.5,100,100,1.61,1.27,0.3400000000000001,0.3400000000000001,0.11560000000000005,integer_method,NA,1,int=1
simulated_Cambodia_pop_097,naive_coi_paramset5,Cambodia,99,0.7,0.25,0.5,100,100,1.51,1.27,0.24,0.24,0.0576,integer_method,NA,2,int=2
simulated_Cambodia_pop_097,naive_coi_paramset6,Cambodia,99,0.7,0.25,0.5,100,100,1.33,1.27,0.06000000000000005,0.06000000000000005,0.0036000000000000064,integer_method,NA,5,int=5
simulated_Cambodia_pop_098,naive_coi_paramset1,Cambodia,99,0.7,0.25,0.2,100,100,1.27,1.34,-0.07000000000000006,0.07000000000000006,0.0049000000000000085,quantile_method,0.1,NA,q=0.100
simulated_Cambodia_pop_098,naive_coi_paramset2,Cambodia,99,0.7,0.25,0.2,100,100,1.32,1.34,-0.020000000000000018,0.020000000000000018,4.000000000000007e-4,quantile_method,0.05,NA,q=0.050
simulated_Cambodia_pop_098,naive_coi_paramset3,Cambodia,99,0.7,0.25,0.2,100,100,1.46,1.34,0.11999999999999988,0.11999999999999988,0.014399999999999972,quantile_method,0.025,NA,q=0.025
simulated_Cambodia_pop_098,naive_coi_paramset4,Cambodia,99,0.7,0.25,0.2,100,100,1.85,1.34,0.51,0.51,0.2601,integer_method,NA,1,int=1
simulated_Cambodia_pop_098,naive_coi_paramset5,Cambodia,99,0.7,0.25,0.2,100,100,1.68,1.34,0.33999999999999986,0.33999999999999986,0.1155999999999999,integer_method,NA,2,int=2
simulated_Cambodia_pop_098,naive_coi_paramset6,Cambodia,99,0.7,0.25,0.2,100,100,1.42,1.34,0.07999999999999985,0.07999999999999985,0.006399999999999976,integer_method,NA,5,int=5
simulated_Cambodia_pop_099,naive_coi_paramset1,Cambodia,99,0.2,0.5,0.5,100,100,1.63,3.07,-1.44,1.44,2.0736,quantile_method,0.1,NA,q=0.100
simulated_Cambodia_pop_099,naive_coi_paramset2,Cambodia,99,0.2,0.5,0.5,100,100,1.95,3.07,-1.1199999999999999,1.1199999999999999,1.2543999999999997,quantile_method,0.05,NA,q=0.050
simulated_Cambodia_pop_099,naive_coi_paramset3,Cambodia,99,0.2,0.5,0.5,100,100,2.38,3.07,-0.69,0.69,0.4760999999999999,quantile_method,0.025,NA,q=0.025
simulated_Cambodia_pop_099,naive_coi_paramset4,Cambodia,99,0.2,0.5,0.5,100,100,3.22,3.07,0.15000000000000036,0.15000000000000036,0.022500000000000107,integer_method,NA,1,int=1
simulated_Cambodia_pop_099,naive_coi_paramset5,Cambodia,99,0.2,0.5,0.5,100,100,2.83,3.07,-0.23999999999999977,0.23999999999999977,0.05759999999999989,integer_method,NA,2,int=2
simulated_Cambodia_pop_099,naive_coi_paramset6,Cambodia,99,0.2,0.5,0.5,100,100,2.36,3.07,-0.71,0.71,0.5041,integer_method,NA,5,int=5
simulated_Cambodia_pop_100,naive_coi_paramset1,Cambodia,99,0.2,0.5,0.2,100,100,1.73,3.51,-1.7799999999999998,1.7799999999999998,3.168399999999999,quantile_method,0.1,NA,q=0.100
simulated_Cambodia_pop_100,naive_coi_paramset2,Cambodia,99,0.2,0.5,0.2,100,100,2.17,3.51,-1.3399999999999999,1.3399999999999999,1.7955999999999996,quantile_method,0.05,NA,q=0.050
simulated_Cambodia_pop_100,naive_coi_paramset3,Cambodia,99,0.2,0.5,0.2,100,100,2.64,3.51,-0.8699999999999997,0.8699999999999997,0.7568999999999995,quantile_method,0.025,NA,q=0.025
simulated_Cambodia_pop_100,naive_coi_paramset4,Cambodia,99,0.2,0.5,0.2,100,100,3.69,3.51,0.18000000000000016,0.18000000000000016,0.03240000000000006,integer_method,NA,1,int=1
simulated_Cambodia_pop_100,naive_coi_paramset5,Cambodia,99,0.2,0.5,0.2,100,100,3.13,3.51,-0.3799999999999999,0.3799999999999999,0.14439999999999992,integer_method,NA,2,int=2
simulated_Cambodia_pop_100,naive_coi_paramset6,Cambodia,99,0.2,0.5,0.2,100,100,2.65,3.51,-0.8599999999999999,0.8599999999999999,0.7395999999999998,integer_method,NA,5,int=5
simulated_Cambodia_pop_101,naive_coi_paramset1,Cambodia,9,0.7,0.25,0.5,100,100,1.19,1.23,-0.040000000000000036,0.040000000000000036,0.001600000000000003,quantile_method,0.1,NA,q=0.100
simulated_Cambodia_pop_101,naive_coi_paramset2,Cambodia,9,0.7,0.25,0.5,100,100,1.23,1.23,0,0,0,quantile_method,0.05,NA,q=0.050
simulated_Cambodia_pop_101,naive_coi_paramset3,Cambodia,9,0.7,0.25,0.5,100,100,1.29,1.23,0.06000000000000005,0.06000000000000005,0.0036000000000000064,quantile_method,0.025,NA,q=0.025
simulated_Cambodia_pop_101,naive_coi_paramset4,Cambodia,9,0.7,0.25,0.5,100,100,1.56,1.23,0.33000000000000007,0.33000000000000007,0.10890000000000005,integer_method,NA,1,int=1
simulated_Cambodia_pop_101,naive_coi_paramset5,Cambodia,9,0.7,0.25,0.5,100,100,1.41,1.23,0.17999999999999994,0.17999999999999994,0.03239999999999998,integer_method,NA,2,int=2
simulated_Cambodia_pop_101,naive_coi_paramset6,Cambodia,9,0.7,0.25,0.5,100,100,1.29,1.23,0.06000000000000005,0.06000000000000005,0.0036000000000000064,integer_method,NA,5,int=5
simulated_Cambodia_pop_102,naive_coi_paramset1,Cambodia,9,0.7,0.25,0.2,100,100,1.22,1.32,-0.10000000000000009,0.10000000000000009,0.010000000000000018,quantile_method,0.1,NA,q=0.100
simulated_Cambodia_pop_102,naive_coi_paramset2,Cambodia,9,0.7,0.25,0.2,100,100,1.25,1.32,-0.07000000000000006,0.07000000000000006,0.0049000000000000085,quantile_method,0.05,NA,q=0.050
simulated_Cambodia_pop_102,naive_coi_paramset3,Cambodia,9,0.7,0.25,0.2,100,100,1.37,1.32,0.050000000000000044,0.050000000000000044,0.0025000000000000044,quantile_method,0.025,NA,q=0.025
simulated_Cambodia_pop_102,naive_coi_paramset4,Cambodia,9,0.7,0.25,0.2,100,100,1.61,1.32,0.29000000000000004,0.29000000000000004,0.08410000000000002,integer_method,NA,1,int=1
simulated_Cambodia_pop_102,naive_coi_paramset5,Cambodia,9,0.7,0.25,0.2,100,100,1.49,1.32,0.16999999999999993,0.16999999999999993,0.028899999999999974,integer_method,NA,2,int=2
simulated_Cambodia_pop_102,naive_coi_paramset6,Cambodia,9,0.7,0.25,0.2,100,100,1.32,1.32,0,0,0,integer_method,NA,5,int=5
simulated_Cambodia_pop_103,naive_coi_paramset1,Cambodia,9,0.2,0.5,0.5,100,100,1.78,3.3,-1.5199999999999998,1.5199999999999998,2.3103999999999996,quantile_method,0.1,NA,q=0.100
simulated_Cambodia_pop_103,naive_coi_paramset2,Cambodia,9,0.2,0.5,0.5,100,100,2.01,3.3,-1.29,1.29,1.6641000000000001,quantile_method,0.05,NA,q=0.050
simulated_Cambodia_pop_103,naive_coi_paramset3,Cambodia,9,0.2,0.5,0.5,100,100,2.29,3.3,-1.0099999999999998,1.0099999999999998,1.0200999999999996,quantile_method,0.025,NA,q=0.025
simulated_Cambodia_pop_103,naive_coi_paramset4,Cambodia,9,0.2,0.5,0.5,100,100,3.22,3.3,-0.07999999999999963,0.07999999999999963,0.0063999999999999405,integer_method,NA,1,int=1
simulated_Cambodia_pop_103,naive_coi_paramset5,Cambodia,9,0.2,0.5,0.5,100,100,2.75,3.3,-0.5499999999999998,0.5499999999999998,0.3024999999999998,integer_method,NA,2,int=2
simulated_Cambodia_pop_103,naive_coi_paramset6,Cambodia,9,0.2,0.5,0.5,100,100,2.29,3.3,-1.0099999999999998,1.0099999999999998,1.0200999999999996,integer_method,NA,5,int=5
simulated_Cambodia_pop_104,naive_coi_paramset1,Cambodia,9,0.2,0.5,0.2,100,100,1.69,3.41,-1.7200000000000002,1.7200000000000002,2.9584000000000006,quantile_method,0.1,NA,q=0.100
simulated_Cambodia_pop_104,naive_coi_paramset2,Cambodia,9,0.2,0.5,0.2,100,100,2.01,3.41,-1.4000000000000004,1.4000000000000004,1.960000000000001,quantile_method,0.05,NA,q=0.050
simulated_Cambodia_pop_104,naive_coi_paramset3,Cambodia,9,0.2,0.5,0.2,100,100,2.38,3.41,-1.0300000000000002,1.0300000000000002,1.0609000000000006,quantile_method,0.025,NA,q=0.025
simulated_Cambodia_pop_104,naive_coi_paramset4,Cambodia,9,0.2,0.5,0.2,100,100,3.19,3.41,-0.2200000000000002,0.2200000000000002,0.04840000000000009,integer_method,NA,1,int=1
simulated_Cambodia_pop_104,naive_coi_paramset5,Cambodia,9,0.2,0.5,0.2,100,100,2.86,3.41,-0.5500000000000003,0.5500000000000003,0.30250000000000027,integer_method,NA,2,int=2
simulated_Cambodia_pop_104,naive_coi_paramset6,Cambodia,9,0.2,0.5,0.2,100,100,2.35,3.41,-1.06,1.06,1.1236000000000002,integer_method,NA,5,int=5
simulated_Cambodia_pop_105,naive_coi_paramset1,Cambodia,2.33,0.7,0.25,0.5,100,100,1.18,1.27,-0.09000000000000008,0.09000000000000008,0.008100000000000015,quantile_method,0.1,NA,q=0.100
simulated_Cambodia_pop_105,naive_coi_paramset2,Cambodia,2.33,0.7,0.25,0.5,100,100,1.18,1.27,-0.09000000000000008,0.09000000000000008,0.008100000000000015,quantile_method,0.05,NA,q=0.050
simulated_Cambodia_pop_105,naive_coi_paramset3,Cambodia,2.33,0.7,0.25,0.5,100,100,1.2,1.27,-0.07000000000000006,0.07000000000000006,0.0049000000000000085,quantile_method,0.025,NA,q=0.025
simulated_Cambodia_pop_105,naive_coi_paramset4,Cambodia,2.33,0.7,0.25,0.5,100,100,1.35,1.27,0.08000000000000007,0.08000000000000007,0.006400000000000012,integer_method,NA,1,int=1
simulated_Cambodia_pop_105,naive_coi_paramset5,Cambodia,2.33,0.7,0.25,0.5,100,100,1.27,1.27,0,0,0,integer_method,NA,2,int=2
simulated_Cambodia_pop_105,naive_coi_paramset6,Cambodia,2.33,0.7,0.25,0.5,100,100,1.19,1.27,-0.08000000000000007,0.08000000000000007,0.006400000000000012,integer_method,NA,5,int=5
simulated_Cambodia_pop_106,naive_coi_paramset1,Cambodia,2.33,0.7,0.25,0.2,100,100,1.12,1.14,-0.019999999999999796,0.019999999999999796,3.9999999999999183e-4,quantile_method,0.1,NA,q=0.100
simulated_Cambodia_pop_106,naive_coi_paramset2,Cambodia,2.33,0.7,0.25,0.2,100,100,1.13,1.14,-0.010000000000000009,0.010000000000000009,1.0000000000000018e-4,quantile_method,0.05,NA,q=0.050
simulated_Cambodia_pop_106,naive_coi_paramset3,Cambodia,2.33,0.7,0.25,0.2,100,100,1.14,1.14,0,0,0,quantile_method,0.025,NA,q=0.025
simulated_Cambodia_pop_106,naive_coi_paramset4,Cambodia,2.33,0.7,0.25,0.2,100,100,1.3,1.14,0.16000000000000014,0.16000000000000014,0.025600000000000046,integer_method,NA,1,int=1
simulated_Cambodia_pop_106,naive_coi_paramset5,Cambodia,2.33,0.7,0.25,0.2,100,100,1.23,1.14,0.09000000000000008,0.09000000000000008,0.008100000000000015,integer_method,NA,2,int=2
simulated_Cambodia_pop_106,naive_coi_paramset6,Cambodia,2.33,0.7,0.25,0.2,100,100,1.13,1.14,-0.010000000000000009,0.010000000000000009,1.0000000000000018e-4,integer_method,NA,5,int=5
simulated_Cambodia_pop_107,naive_coi_paramset1,Cambodia,2.33,0.2,0.5,0.5,100,100,1.69,3.44,-1.75,1.75,3.0625,quantile_method,0.1,NA,q=0.100
simulated_Cambodia_pop_107,naive_coi_paramset2,Cambodia,2.33,0.2,0.5,0.5,100,100,1.94,3.44,-1.5,1.5,2.25,quantile_method,0.05,NA,q=0.050
simulated_Cambodia_pop_107,naive_coi_paramset3,Cambodia,2.33,0.2,0.5,0.5,100,100,2.2,3.44,-1.2399999999999998,1.2399999999999998,1.5375999999999994,quantile_method,0.025,NA,q=0.025
simulated_Cambodia_pop_107,naive_coi_paramset4,Cambodia,2.33,0.2,0.5,0.5,100,100,2.8,3.44,-0.6400000000000001,0.6400000000000001,0.4096000000000002,integer_method,NA,1,int=1
simulated_Cambodia_pop_107,naive_coi_paramset5,Cambodia,2.33,0.2,0.5,0.5,100,100,2.5,3.44,-0.94,0.94,0.8835999999999999,integer_method,NA,2,int=2
simulated_Cambodia_pop_107,naive_coi_paramset6,Cambodia,2.33,0.2,0.5,0.5,100,100,2.16,3.44,-1.2799999999999998,1.2799999999999998,1.6383999999999994,integer_method,NA,5,int=5
simulated_Cambodia_pop_108,naive_coi_paramset1,Cambodia,2.33,0.2,0.5,0.2,100,100,1.66,3.15,-1.49,1.49,2.2201,quantile_method,0.1,NA,q=0.100
simulated_Cambodia_pop_108,naive_coi_paramset2,Cambodia,2.33,0.2,0.5,0.2,100,100,1.78,3.15,-1.3699999999999999,1.3699999999999999,1.8768999999999998,quantile_method,0.05,NA,q=0.050
simulated_Cambodia_pop_108,naive_coi_paramset3,Cambodia,2.33,0.2,0.5,0.2,100,100,2,3.15,-1.15,1.15,1.3224999999999998,quantile_method,0.025,NA,q=0.025
simulated_Cambodia_pop_108,naive_coi_paramset4,Cambodia,2.33,0.2,0.5,0.2,100,100,2.52,3.15,-0.6299999999999999,0.6299999999999999,0.39689999999999986,integer_method,NA,1,int=1
simulated_Cambodia_pop_108,naive_coi_paramset5,Cambodia,2.33,0.2,0.5,0.2,100,100,2.28,3.15,-0.8700000000000001,0.8700000000000001,0.7569000000000002,integer_method,NA,2,int=2
simulated_Cambodia_pop_108,naive_coi_paramset6,Cambodia,2.33,0.2,0.5,0.2,100,100,1.94,3.15,-1.21,1.21,1.4641,integer_method,NA,5,int=5
simulated_Cambodia_pop_109,naive_coi_paramset1,Cambodia,99,0.7,0.25,0.5,100,100,1.24,1.38,-0.1399999999999999,0.1399999999999999,0.01959999999999997,quantile_method,0.1,NA,q=0.100
simulated_Cambodia_pop_109,naive_coi_paramset2,Cambodia,99,0.7,0.25,0.5,100,100,1.3,1.38,-0.07999999999999985,0.07999999999999985,0.006399999999999976,quantile_method,0.05,NA,q=0.050
simulated_Cambodia_pop_109,naive_coi_paramset3,Cambodia,99,0.7,0.25,0.5,100,100,1.49,1.38,0.1100000000000001,0.1100000000000001,0.012100000000000022,quantile_method,0.025,NA,q=0.025
simulated_Cambodia_pop_109,naive_coi_paramset4,Cambodia,99,0.7,0.25,0.5,100,100,1.75,1.38,0.3700000000000001,0.3700000000000001,0.13690000000000008,integer_method,NA,1,int=1
simulated_Cambodia_pop_109,naive_coi_paramset5,Cambodia,99,0.7,0.25,0.5,100,100,1.68,1.38,0.30000000000000004,0.30000000000000004,0.09000000000000002,integer_method,NA,2,int=2
simulated_Cambodia_pop_109,naive_coi_paramset6,Cambodia,99,0.7,0.25,0.5,100,100,1.45,1.38,0.07000000000000006,0.07000000000000006,0.0049000000000000085,integer_method,NA,5,int=5
simulated_Cambodia_pop_110,naive_coi_paramset1,Cambodia,99,0.7,0.25,0.2,100,100,1.18,1.25,-0.07000000000000006,0.07000000000000006,0.0049000000000000085,quantile_method,0.1,NA,q=0.100
simulated_Cambodia_pop_110,naive_coi_paramset2,Cambodia,99,0.7,0.25,0.2,100,100,1.27,1.25,0.020000000000000018,0.020000000000000018,4.000000000000007e-4,quantile_method,0.05,NA,q=0.050
simulated_Cambodia_pop_110,naive_coi_paramset3,Cambodia,99,0.7,0.25,0.2,100,100,1.38,1.25,0.1299999999999999,0.1299999999999999,0.01689999999999997,quantile_method,0.025,NA,q=0.025
simulated_Cambodia_pop_110,naive_coi_paramset4,Cambodia,99,0.7,0.25,0.2,100,100,1.58,1.25,0.33000000000000007,0.33000000000000007,0.10890000000000005,integer_method,NA,1,int=1
simulated_Cambodia_pop_110,naive_coi_paramset5,Cambodia,99,0.7,0.25,0.2,100,100,1.5,1.25,0.25,0.25,0.0625,integer_method,NA,2,int=2
simulated_Cambodia_pop_110,naive_coi_paramset6,Cambodia,99,0.7,0.25,0.2,100,100,1.36,1.25,0.1100000000000001,0.1100000000000001,0.012100000000000022,integer_method,NA,5,int=5
simulated_Cambodia_pop_111,naive_coi_paramset1,Cambodia,99,0.2,0.5,0.5,100,100,1.69,3.05,-1.3599999999999999,1.3599999999999999,1.8495999999999997,quantile_method,0.1,NA,q=0.100
simulated_Cambodia_pop_111,naive_coi_paramset2,Cambodia,99,0.2,0.5,0.5,100,100,2,3.05,-1.0499999999999998,1.0499999999999998,1.1024999999999996,quantile_method,0.05,NA,q=0.050
simulated_Cambodia_pop_111,naive_coi_paramset3,Cambodia,99,0.2,0.5,0.5,100,100,2.45,3.05,-0.5999999999999996,0.5999999999999996,0.3599999999999996,quantile_method,0.025,NA,q=0.025
simulated_Cambodia_pop_111,naive_coi_paramset4,Cambodia,99,0.2,0.5,0.5,100,100,3.25,3.05,0.20000000000000018,0.20000000000000018,0.04000000000000007,integer_method,NA,1,int=1
simulated_Cambodia_pop_111,naive_coi_paramset5,Cambodia,99,0.2,0.5,0.5,100,100,2.84,3.05,-0.20999999999999996,0.20999999999999996,0.044099999999999986,integer_method,NA,2,int=2
simulated_Cambodia_pop_111,naive_coi_paramset6,Cambodia,99,0.2,0.5,0.5,100,100,2.42,3.05,-0.6299999999999999,0.6299999999999999,0.39689999999999986,integer_method,NA,5,int=5
simulated_Cambodia_pop_112,naive_coi_paramset1,Cambodia,99,0.2,0.5,0.2,100,100,1.61,3.03,-1.4199999999999997,1.4199999999999997,2.016399999999999,quantile_method,0.1,NA,q=0.100
simulated_Cambodia_pop_112,naive_coi_paramset2,Cambodia,99,0.2,0.5,0.2,100,100,1.96,3.03,-1.0699999999999998,1.0699999999999998,1.1448999999999996,quantile_method,0.05,NA,q=0.050
simulated_Cambodia_pop_112,naive_coi_paramset3,Cambodia,99,0.2,0.5,0.2,100,100,2.41,3.03,-0.6199999999999997,0.6199999999999997,0.3843999999999996,quantile_method,0.025,NA,q=0.025
simulated_Cambodia_pop_112,naive_coi_paramset4,Cambodia,99,0.2,0.5,0.2,100,100,3.29,3.03,0.26000000000000023,0.26000000000000023,0.06760000000000012,integer_method,NA,1,int=1
simulated_Cambodia_pop_112,naive_coi_paramset5,Cambodia,99,0.2,0.5,0.2,100,100,2.84,3.03,-0.18999999999999995,0.18999999999999995,0.03609999999999998,integer_method,NA,2,int=2
simulated_Cambodia_pop_112,naive_coi_paramset6,Cambodia,99,0.2,0.5,0.2,100,100,2.4,3.03,-0.6299999999999999,0.6299999999999999,0.39689999999999986,integer_method,NA,5,int=5
simulated_Cambodia_pop_113,naive_coi_paramset1,Cambodia,9,0.7,0.25,0.5,100,100,1.23,1.26,-0.030000000000000027,0.030000000000000027,9.000000000000016e-4,quantile_method,0.1,NA,q=0.100
simulated_Cambodia_pop_113,naive_coi_paramset2,Cambodia,9,0.7,0.25,0.5,100,100,1.26,1.26,0,0,0,quantile_method,0.05,NA,q=0.050
simulated_Cambodia_pop_113,naive_coi_paramset3,Cambodia,9,0.7,0.25,0.5,100,100,1.4,1.26,0.1399999999999999,0.1399999999999999,0.01959999999999997,quantile_method,0.025,NA,q=0.025
simulated_Cambodia_pop_113,naive_coi_paramset4,Cambodia,9,0.7,0.25,0.5,100,100,1.7,1.26,0.43999999999999995,0.43999999999999995,0.19359999999999997,integer_method,NA,1,int=1
simulated_Cambodia_pop_113,naive_coi_paramset5,Cambodia,9,0.7,0.25,0.5,100,100,1.56,1.26,0.30000000000000004,0.30000000000000004,0.09000000000000002,integer_method,NA,2,int=2
simulated_Cambodia_pop_113,naive_coi_paramset6,Cambodia,9,0.7,0.25,0.5,100,100,1.38,1.26,0.11999999999999988,0.11999999999999988,0.014399999999999972,integer_method,NA,5,int=5
simulated_Cambodia_pop_114,naive_coi_paramset1,Cambodia,9,0.7,0.25,0.2,100,100,1.13,1.18,-0.050000000000000044,0.050000000000000044,0.0025000000000000044,quantile_method,0.1,NA,q=0.100
simulated_Cambodia_pop_114,naive_coi_paramset2,Cambodia,9,0.7,0.25,0.2,100,100,1.16,1.18,-0.020000000000000018,0.020000000000000018,4.000000000000007e-4,quantile_method,0.05,NA,q=0.050
simulated_Cambodia_pop_114,naive_coi_paramset3,Cambodia,9,0.7,0.25,0.2,100,100,1.22,1.18,0.040000000000000036,0.040000000000000036,0.001600000000000003,quantile_method,0.025,NA,q=0.025
simulated_Cambodia_pop_114,naive_coi_paramset4,Cambodia,9,0.7,0.25,0.2,100,100,1.39,1.18,0.20999999999999996,0.20999999999999996,0.044099999999999986,integer_method,NA,1,int=1
simulated_Cambodia_pop_114,naive_coi_paramset5,Cambodia,9,0.7,0.25,0.2,100,100,1.3,1.18,0.1200000000000001,0.1200000000000001,0.014400000000000026,integer_method,NA,2,int=2
simulated_Cambodia_pop_114,naive_coi_paramset6,Cambodia,9,0.7,0.25,0.2,100,100,1.19,1.18,0.010000000000000009,0.010000000000000009,1.0000000000000018e-4,integer_method,NA,5,int=5
simulated_Cambodia_pop_115,naive_coi_paramset1,Cambodia,9,0.2,0.5,0.5,100,100,1.72,3.46,-1.74,1.74,3.0276,quantile_method,0.1,NA,q=0.100
simulated_Cambodia_pop_115,naive_coi_paramset2,Cambodia,9,0.2,0.5,0.5,100,100,2.06,3.46,-1.4,1.4,1.9599999999999997,quantile_method,0.05,NA,q=0.050
simulated_Cambodia_pop_115,naive_coi_paramset3,Cambodia,9,0.2,0.5,0.5,100,100,2.35,3.46,-1.1099999999999999,1.1099999999999999,1.2320999999999998,quantile_method,0.025,NA,q=0.025
simulated_Cambodia_pop_115,naive_coi_paramset4,Cambodia,9,0.2,0.5,0.5,100,100,3.26,3.46,-0.20000000000000018,0.20000000000000018,0.04000000000000007,integer_method,NA,1,int=1
simulated_Cambodia_pop_115,naive_coi_paramset5,Cambodia,9,0.2,0.5,0.5,100,100,2.83,3.46,-0.6299999999999999,0.6299999999999999,0.39689999999999986,integer_method,NA,2,int=2
simulated_Cambodia_pop_115,naive_coi_paramset6,Cambodia,9,0.2,0.5,0.5,100,100,2.36,3.46,-1.1,1.1,1.2100000000000002,integer_method,NA,5,int=5
simulated_Cambodia_pop_116,naive_coi_paramset1,Cambodia,9,0.2,0.5,0.2,100,100,1.69,3.05,-1.3599999999999999,1.3599999999999999,1.8495999999999997,quantile_method,0.1,NA,q=0.100
simulated_Cambodia_pop_116,naive_coi_paramset2,Cambodia,9,0.2,0.5,0.2,100,100,1.99,3.05,-1.0599999999999998,1.0599999999999998,1.1235999999999997,quantile_method,0.05,NA,q=0.050
simulated_Cambodia_pop_116,naive_coi_paramset3,Cambodia,9,0.2,0.5,0.2,100,100,2.35,3.05,-0.6999999999999997,0.6999999999999997,0.4899999999999996,quantile_method,0.025,NA,q=0.025
simulated_Cambodia_pop_116,naive_coi_paramset4,Cambodia,9,0.2,0.5,0.2,100,100,3.05,3.05,0,0,0,integer_method,NA,1,int=1
simulated_Cambodia_pop_116,naive_coi_paramset5,Cambodia,9,0.2,0.5,0.2,100,100,2.71,3.05,-0.33999999999999986,0.33999999999999986,0.1155999999999999,integer_method,NA,2,int=2
simulated_Cambodia_pop_116,naive_coi_paramset6,Cambodia,9,0.2,0.5,0.2,100,100,2.31,3.05,-0.7399999999999998,0.7399999999999998,0.5475999999999996,integer_method,NA,5,int=5
simulated_Cambodia_pop_117,naive_coi_paramset1,Cambodia,2.33,0.7,0.25,0.5,100,100,1.2,1.28,-0.08000000000000007,0.08000000000000007,0.006400000000000012,quantile_method,0.1,NA,q=0.100
simulated_Cambodia_pop_117,naive_coi_paramset2,Cambodia,2.33,0.7,0.25,0.5,100,100,1.21,1.28,-0.07000000000000006,0.07000000000000006,0.0049000000000000085,quantile_method,0.05,NA,q=0.050
simulated_Cambodia_pop_117,naive_coi_paramset3,Cambodia,2.33,0.7,0.25,0.5,100,100,1.23,1.28,-0.050000000000000044,0.050000000000000044,0.0025000000000000044,quantile_method,0.025,NA,q=0.025
simulated_Cambodia_pop_117,naive_coi_paramset4,Cambodia,2.33,0.7,0.25,0.5,100,100,1.48,1.28,0.19999999999999996,0.19999999999999996,0.03999999999999998,integer_method,NA,1,int=1
simulated_Cambodia_pop_117,naive_coi_paramset5,Cambodia,2.33,0.7,0.25,0.5,100,100,1.33,1.28,0.050000000000000044,0.050000000000000044,0.0025000000000000044,integer_method,NA,2,int=2
simulated_Cambodia_pop_117,naive_coi_paramset6,Cambodia,2.33,0.7,0.25,0.5,100,100,1.22,1.28,-0.06000000000000005,0.06000000000000005,0.0036000000000000064,integer_method,NA,5,int=5
simulated_Cambodia_pop_118,naive_coi_paramset1,Cambodia,2.33,0.7,0.25,0.2,100,100,1.17,1.24,-0.07000000000000006,0.07000000000000006,0.0049000000000000085,quantile_method,0.1,NA,q=0.100
simulated_Cambodia_pop_118,naive_coi_paramset2,Cambodia,2.33,0.7,0.25,0.2,100,100,1.2,1.24,-0.040000000000000036,0.040000000000000036,0.001600000000000003,quantile_method,0.05,NA,q=0.050
simulated_Cambodia_pop_118,naive_coi_paramset3,Cambodia,2.33,0.7,0.25,0.2,100,100,1.26,1.24,0.020000000000000018,0.020000000000000018,4.000000000000007e-4,quantile_method,0.025,NA,q=0.025
simulated_Cambodia_pop_118,naive_coi_paramset4,Cambodia,2.33,0.7,0.25,0.2,100,100,1.43,1.24,0.18999999999999995,0.18999999999999995,0.03609999999999998,integer_method,NA,1,int=1
simulated_Cambodia_pop_118,naive_coi_paramset5,Cambodia,2.33,0.7,0.25,0.2,100,100,1.35,1.24,0.1100000000000001,0.1100000000000001,0.012100000000000022,integer_method,NA,2,int=2
simulated_Cambodia_pop_118,naive_coi_paramset6,Cambodia,2.33,0.7,0.25,0.2,100,100,1.21,1.24,-0.030000000000000027,0.030000000000000027,9.000000000000016e-4,integer_method,NA,5,int=5
simulated_Cambodia_pop_119,naive_coi_paramset1,Cambodia,2.33,0.2,0.5,0.5,100,100,1.62,3.38,-1.7599999999999998,1.7599999999999998,3.0975999999999995,quantile_method,0.1,NA,q=0.100
simulated_Cambodia_pop_119,naive_coi_paramset2,Cambodia,2.33,0.2,0.5,0.5,100,100,1.89,3.38,-1.49,1.49,2.2201,quantile_method,0.05,NA,q=0.050
simulated_Cambodia_pop_119,naive_coi_paramset3,Cambodia,2.33,0.2,0.5,0.5,100,100,2.04,3.38,-1.3399999999999999,1.3399999999999999,1.7955999999999996,quantile_method,0.025,NA,q=0.025
simulated_Cambodia_pop_119,naive_coi_paramset4,Cambodia,2.33,0.2,0.5,0.5,100,100,2.73,3.38,-0.6499999999999999,0.6499999999999999,0.4224999999999999,integer_method,NA,1,int=1
simulated_Cambodia_pop_119,naive_coi_paramset5,Cambodia,2.33,0.2,0.5,0.5,100,100,2.46,3.38,-0.9199999999999999,0.9199999999999999,0.8463999999999998,integer_method,NA,2,int=2
simulated_Cambodia_pop_119,naive_coi_paramset6,Cambodia,2.33,0.2,0.5,0.5,100,100,2.06,3.38,-1.3199999999999998,1.3199999999999998,1.7423999999999995,integer_method,NA,5,int=5
simulated_Cambodia_pop_120,naive_coi_paramset1,Cambodia,2.33,0.2,0.5,0.2,100,100,1.61,2.95,-1.34,1.34,1.7956000000000003,quantile_method,0.1,NA,q=0.100
simulated_Cambodia_pop_120,naive_coi_paramset2,Cambodia,2.33,0.2,0.5,0.2,100,100,1.74,2.95,-1.2100000000000002,1.2100000000000002,1.4641000000000004,quantile_method,0.05,NA,q=0.050
simulated_Cambodia_pop_120,naive_coi_paramset3,Cambodia,2.33,0.2,0.5,0.2,100,100,2.06,2.95,-0.8900000000000001,0.8900000000000001,0.7921000000000002,quantile_method,0.025,NA,q=0.025
simulated_Cambodia_pop_120,naive_coi_paramset4,Cambodia,2.33,0.2,0.5,0.2,100,100,2.71,2.95,-0.2400000000000002,0.2400000000000002,0.0576000000000001,integer_method,NA,1,int=1
simulated_Cambodia_pop_120,naive_coi_paramset5,Cambodia,2.33,0.2,0.5,0.2,100,100,2.42,2.95,-0.5300000000000002,0.5300000000000002,0.28090000000000026,integer_method,NA,2,int=2
simulated_Cambodia_pop_120,naive_coi_paramset6,Cambodia,2.33,0.2,0.5,0.2,100,100,2,2.95,-0.9500000000000002,0.9500000000000002,0.9025000000000003,integer_method,NA,5,int=5
simulated_Ghana_pop_001,naive_coi_paramset1,Ghana,99,0.7,0.25,0.5,100,100,1.2,1.22,-0.020000000000000018,0.020000000000000018,4.000000000000007e-4,quantile_method,0.1,NA,q=0.100
simulated_Ghana_pop_001,naive_coi_paramset2,Ghana,99,0.7,0.25,0.5,100,100,1.3,1.22,0.08000000000000007,0.08000000000000007,0.006400000000000012,quantile_method,0.05,NA,q=0.050
simulated_Ghana_pop_001,naive_coi_paramset3,Ghana,99,0.7,0.25,0.5,100,100,1.45,1.22,0.22999999999999998,0.22999999999999998,0.05289999999999999,quantile_method,0.025,NA,q=0.025
simulated_Ghana_pop_001,naive_coi_paramset4,Ghana,99,0.7,0.25,0.5,100,100,1.66,1.22,0.43999999999999995,0.43999999999999995,0.19359999999999997,integer_method,NA,1,int=1
simulated_Ghana_pop_001,naive_coi_paramset5,Ghana,99,0.7,0.25,0.5,100,100,1.55,1.22,0.33000000000000007,0.33000000000000007,0.10890000000000005,integer_method,NA,2,int=2
simulated_Ghana_pop_001,naive_coi_paramset6,Ghana,99,0.7,0.25,0.5,100,100,1.41,1.22,0.18999999999999995,0.18999999999999995,0.03609999999999998,integer_method,NA,5,int=5
simulated_Ghana_pop_002,naive_coi_paramset1,Ghana,99,0.7,0.25,0.2,100,100,1.18,1.21,-0.030000000000000027,0.030000000000000027,9.000000000000016e-4,quantile_method,0.1,NA,q=0.100
simulated_Ghana_pop_002,naive_coi_paramset2,Ghana,99,0.7,0.25,0.2,100,100,1.28,1.21,0.07000000000000006,0.07000000000000006,0.0049000000000000085,quantile_method,0.05,NA,q=0.050
simulated_Ghana_pop_002,naive_coi_paramset3,Ghana,99,0.7,0.25,0.2,100,100,1.49,1.21,0.28,0.28,0.07840000000000001,quantile_method,0.025,NA,q=0.025
simulated_Ghana_pop_002,naive_coi_paramset4,Ghana,99,0.7,0.25,0.2,100,100,1.67,1.21,0.45999999999999996,0.45999999999999996,0.21159999999999995,integer_method,NA,1,int=1
simulated_Ghana_pop_002,naive_coi_paramset5,Ghana,99,0.7,0.25,0.2,100,100,1.55,1.21,0.3400000000000001,0.3400000000000001,0.11560000000000005,integer_method,NA,2,int=2
simulated_Ghana_pop_002,naive_coi_paramset6,Ghana,99,0.7,0.25,0.2,100,100,1.47,1.21,0.26,0.26,0.06760000000000001,integer_method,NA,5,int=5
simulated_Ghana_pop_003,naive_coi_paramset1,Ghana,99,0.2,0.5,0.5,100,100,1.9,3.47,-1.5700000000000003,1.5700000000000003,2.464900000000001,quantile_method,0.1,NA,q=0.100
simulated_Ghana_pop_003,naive_coi_paramset2,Ghana,99,0.2,0.5,0.5,100,100,2.61,3.47,-0.8600000000000003,0.8600000000000003,0.7396000000000006,quantile_method,0.05,NA,q=0.050
simulated_Ghana_pop_003,naive_coi_paramset3,Ghana,99,0.2,0.5,0.5,100,100,3,3.47,-0.4700000000000002,0.4700000000000002,0.22090000000000018,quantile_method,0.025,NA,q=0.025
simulated_Ghana_pop_003,naive_coi_paramset4,Ghana,99,0.2,0.5,0.5,100,100,4.97,3.47,1.4999999999999996,1.4999999999999996,2.2499999999999987,integer_method,NA,1,int=1
simulated_Ghana_pop_003,naive_coi_paramset5,Ghana,99,0.2,0.5,0.5,100,100,3.89,3.47,0.41999999999999993,0.41999999999999993,0.17639999999999995,integer_method,NA,2,int=2
simulated_Ghana_pop_003,naive_coi_paramset6,Ghana,99,0.2,0.5,0.5,100,100,3.06,3.47,-0.41000000000000014,0.41000000000000014,0.1681000000000001,integer_method,NA,5,int=5
simulated_Ghana_pop_004,naive_coi_paramset1,Ghana,99,0.2,0.5,0.2,100,100,1.85,3.02,-1.17,1.17,1.3688999999999998,quantile_method,0.1,NA,q=0.100
simulated_Ghana_pop_004,naive_coi_paramset2,Ghana,99,0.2,0.5,0.2,100,100,2.32,3.02,-0.7000000000000002,0.7000000000000002,0.49000000000000027,quantile_method,0.05,NA,q=0.050
simulated_Ghana_pop_004,naive_coi_paramset3,Ghana,99,0.2,0.5,0.2,100,100,2.61,3.02,-0.41000000000000014,0.41000000000000014,0.1681000000000001,quantile_method,0.025,NA,q=0.025
simulated_Ghana_pop_004,naive_coi_paramset4,Ghana,99,0.2,0.5,0.2,100,100,3.85,3.02,0.8300000000000001,0.8300000000000001,0.6889000000000001,integer_method,NA,1,int=1
simulated_Ghana_pop_004,naive_coi_paramset5,Ghana,99,0.2,0.5,0.2,100,100,3.26,3.02,0.23999999999999977,0.23999999999999977,0.05759999999999989,integer_method,NA,2,int=2
simulated_Ghana_pop_004,naive_coi_paramset6,Ghana,99,0.2,0.5,0.2,100,100,2.69,3.02,-0.33000000000000007,0.33000000000000007,0.10890000000000005,integer_method,NA,5,int=5
simulated_Ghana_pop_005,naive_coi_paramset1,Ghana,9,0.7,0.25,0.5,100,100,1.25,1.36,-0.1100000000000001,0.1100000000000001,0.012100000000000022,quantile_method,0.1,NA,q=0.100
simulated_Ghana_pop_005,naive_coi_paramset2,Ghana,9,0.7,0.25,0.5,100,100,1.38,1.36,0.019999999999999796,0.019999999999999796,3.9999999999999183e-4,quantile_method,0.05,NA,q=0.050
simulated_Ghana_pop_005,naive_coi_paramset3,Ghana,9,0.7,0.25,0.5,100,100,1.56,1.36,0.19999999999999996,0.19999999999999996,0.03999999999999998,quantile_method,0.025,NA,q=0.025
simulated_Ghana_pop_005,naive_coi_paramset4,Ghana,9,0.7,0.25,0.5,100,100,1.82,1.36,0.45999999999999996,0.45999999999999996,0.21159999999999995,integer_method,NA,1,int=1
simulated_Ghana_pop_005,naive_coi_paramset5,Ghana,9,0.7,0.25,0.5,100,100,1.67,1.36,0.30999999999999983,0.30999999999999983,0.0960999999999999,integer_method,NA,2,int=2
simulated_Ghana_pop_005,naive_coi_paramset6,Ghana,9,0.7,0.25,0.5,100,100,1.52,1.36,0.15999999999999992,0.15999999999999992,0.025599999999999973,integer_method,NA,5,int=5
simulated_Ghana_pop_006,naive_coi_paramset1,Ghana,9,0.7,0.25,0.2,100,100,1.22,1.29,-0.07000000000000006,0.07000000000000006,0.0049000000000000085,quantile_method,0.1,NA,q=0.100
simulated_Ghana_pop_006,naive_coi_paramset2,Ghana,9,0.7,0.25,0.2,100,100,1.32,1.29,0.030000000000000027,0.030000000000000027,9.000000000000016e-4,quantile_method,0.05,NA,q=0.050
simulated_Ghana_pop_006,naive_coi_paramset3,Ghana,9,0.7,0.25,0.2,100,100,1.47,1.29,0.17999999999999994,0.17999999999999994,0.03239999999999998,quantile_method,0.025,NA,q=0.025
simulated_Ghana_pop_006,naive_coi_paramset4,Ghana,9,0.7,0.25,0.2,100,100,1.65,1.29,0.3599999999999999,0.3599999999999999,0.1295999999999999,integer_method,NA,1,int=1
simulated_Ghana_pop_006,naive_coi_paramset5,Ghana,9,0.7,0.25,0.2,100,100,1.55,1.29,0.26,0.26,0.06760000000000001,integer_method,NA,2,int=2
simulated_Ghana_pop_006,naive_coi_paramset6,Ghana,9,0.7,0.25,0.2,100,100,1.41,1.29,0.11999999999999988,0.11999999999999988,0.014399999999999972,integer_method,NA,5,int=5
simulated_Ghana_pop_007,naive_coi_paramset1,Ghana,9,0.2,0.5,0.5,100,100,1.83,3.38,-1.5499999999999998,1.5499999999999998,2.4024999999999994,quantile_method,0.1,NA,q=0.100
simulated_Ghana_pop_007,naive_coi_paramset2,Ghana,9,0.2,0.5,0.5,100,100,2.47,3.38,-0.9099999999999997,0.9099999999999997,0.8280999999999995,quantile_method,0.05,NA,q=0.050
simulated_Ghana_pop_007,naive_coi_paramset3,Ghana,9,0.2,0.5,0.5,100,100,2.98,3.38,-0.3999999999999999,0.3999999999999999,0.15999999999999992,quantile_method,0.025,NA,q=0.025
simulated_Ghana_pop_007,naive_coi_paramset4,Ghana,9,0.2,0.5,0.5,100,100,4.2,3.38,0.8200000000000003,0.8200000000000003,0.6724000000000004,integer_method,NA,1,int=1
simulated_Ghana_pop_007,naive_coi_paramset5,Ghana,9,0.2,0.5,0.5,100,100,3.77,3.38,0.3900000000000001,0.3900000000000001,0.1521000000000001,integer_method,NA,2,int=2
simulated_Ghana_pop_007,naive_coi_paramset6,Ghana,9,0.2,0.5,0.5,100,100,3.06,3.38,-0.31999999999999984,0.31999999999999984,0.1023999999999999,integer_method,NA,5,int=5
simulated_Ghana_pop_008,naive_coi_paramset1,Ghana,9,0.2,0.5,0.2,100,100,1.87,3.42,-1.5499999999999998,1.5499999999999998,2.4024999999999994,quantile_method,0.1,NA,q=0.100
simulated_Ghana_pop_008,naive_coi_paramset2,Ghana,9,0.2,0.5,0.2,100,100,2.33,3.42,-1.0899999999999999,1.0899999999999999,1.1880999999999997,quantile_method,0.05,NA,q=0.050
simulated_Ghana_pop_008,naive_coi_paramset3,Ghana,9,0.2,0.5,0.2,100,100,2.79,3.42,-0.6299999999999999,0.6299999999999999,0.39689999999999986,quantile_method,0.025,NA,q=0.025
simulated_Ghana_pop_008,naive_coi_paramset4,Ghana,9,0.2,0.5,0.2,100,100,3.72,3.42,0.30000000000000027,0.30000000000000027,0.09000000000000016,integer_method,NA,1,int=1
simulated_Ghana_pop_008,naive_coi_paramset5,Ghana,9,0.2,0.5,0.2,100,100,3.33,3.42,-0.08999999999999986,0.08999999999999986,0.008099999999999975,integer_method,NA,2,int=2
simulated_Ghana_pop_008,naive_coi_paramset6,Ghana,9,0.2,0.5,0.2,100,100,2.79,3.42,-0.6299999999999999,0.6299999999999999,0.39689999999999986,integer_method,NA,5,int=5
simulated_Ghana_pop_009,naive_coi_paramset1,Ghana,2.33,0.7,0.25,0.5,100,100,1.22,1.28,-0.06000000000000005,0.06000000000000005,0.0036000000000000064,quantile_method,0.1,NA,q=0.100
simulated_Ghana_pop_009,naive_coi_paramset2,Ghana,2.33,0.7,0.25,0.5,100,100,1.25,1.28,-0.030000000000000027,0.030000000000000027,9.000000000000016e-4,quantile_method,0.05,NA,q=0.050
simulated_Ghana_pop_009,naive_coi_paramset3,Ghana,2.33,0.7,0.25,0.5,100,100,1.4,1.28,0.11999999999999988,0.11999999999999988,0.014399999999999972,quantile_method,0.025,NA,q=0.025
simulated_Ghana_pop_009,naive_coi_paramset4,Ghana,2.33,0.7,0.25,0.5,100,100,1.6,1.28,0.32000000000000006,0.32000000000000006,0.10240000000000005,integer_method,NA,1,int=1
simulated_Ghana_pop_009,naive_coi_paramset5,Ghana,2.33,0.7,0.25,0.5,100,100,1.51,1.28,0.22999999999999998,0.22999999999999998,0.05289999999999999,integer_method,NA,2,int=2
simulated_Ghana_pop_009,naive_coi_paramset6,Ghana,2.33,0.7,0.25,0.5,100,100,1.35,1.28,0.07000000000000006,0.07000000000000006,0.0049000000000000085,integer_method,NA,5,int=5
simulated_Ghana_pop_010,naive_coi_paramset1,Ghana,2.33,0.7,0.25,0.2,100,100,1.21,1.22,-0.010000000000000009,0.010000000000000009,1.0000000000000018e-4,quantile_method,0.1,NA,q=0.100
simulated_Ghana_pop_010,naive_coi_paramset2,Ghana,2.33,0.7,0.25,0.2,100,100,1.22,1.22,0,0,0,quantile_method,0.05,NA,q=0.050
simulated_Ghana_pop_010,naive_coi_paramset3,Ghana,2.33,0.7,0.25,0.2,100,100,1.35,1.22,0.13000000000000012,0.13000000000000012,0.01690000000000003,quantile_method,0.025,NA,q=0.025
simulated_Ghana_pop_010,naive_coi_paramset4,Ghana,2.33,0.7,0.25,0.2,100,100,1.56,1.22,0.3400000000000001,0.3400000000000001,0.11560000000000005,integer_method,NA,1,int=1
simulated_Ghana_pop_010,naive_coi_paramset5,Ghana,2.33,0.7,0.25,0.2,100,100,1.49,1.22,0.27,0.27,0.0729,integer_method,NA,2,int=2
simulated_Ghana_pop_010,naive_coi_paramset6,Ghana,2.33,0.7,0.25,0.2,100,100,1.3,1.22,0.08000000000000007,0.08000000000000007,0.006400000000000012,integer_method,NA,5,int=5
simulated_Ghana_pop_011,naive_coi_paramset1,Ghana,2.33,0.2,0.5,0.5,100,100,1.6,3.09,-1.4899999999999998,1.4899999999999998,2.2200999999999995,quantile_method,0.1,NA,q=0.100
simulated_Ghana_pop_011,naive_coi_paramset2,Ghana,2.33,0.2,0.5,0.5,100,100,1.89,3.09,-1.2,1.2,1.44,quantile_method,0.05,NA,q=0.050
simulated_Ghana_pop_011,naive_coi_paramset3,Ghana,2.33,0.2,0.5,0.5,100,100,2.25,3.09,-0.8399999999999999,0.8399999999999999,0.7055999999999998,quantile_method,0.025,NA,q=0.025
simulated_Ghana_pop_011,naive_coi_paramset4,Ghana,2.33,0.2,0.5,0.5,100,100,3.32,3.09,0.22999999999999998,0.22999999999999998,0.05289999999999999,integer_method,NA,1,int=1
simulated_Ghana_pop_011,naive_coi_paramset5,Ghana,2.33,0.2,0.5,0.5,100,100,2.71,3.09,-0.3799999999999999,0.3799999999999999,0.14439999999999992,integer_method,NA,2,int=2
simulated_Ghana_pop_011,naive_coi_paramset6,Ghana,2.33,0.2,0.5,0.5,100,100,2.16,3.09,-0.9299999999999997,0.9299999999999997,0.8648999999999994,integer_method,NA,5,int=5
simulated_Ghana_pop_012,naive_coi_paramset1,Ghana,2.33,0.2,0.5,0.2,100,100,1.97,3.39,-1.4200000000000002,1.4200000000000002,2.0164000000000004,quantile_method,0.1,NA,q=0.100
simulated_Ghana_pop_012,naive_coi_paramset2,Ghana,2.33,0.2,0.5,0.2,100,100,2.48,3.39,-0.9100000000000001,0.9100000000000001,0.8281000000000003,quantile_method,0.05,NA,q=0.050
simulated_Ghana_pop_012,naive_coi_paramset3,Ghana,2.33,0.2,0.5,0.2,100,100,2.9,3.39,-0.4900000000000002,0.4900000000000002,0.2401000000000002,quantile_method,0.025,NA,q=0.025
simulated_Ghana_pop_012,naive_coi_paramset4,Ghana,2.33,0.2,0.5,0.2,100,100,3.95,3.39,0.56,0.56,0.31360000000000005,integer_method,NA,1,int=1
simulated_Ghana_pop_012,naive_coi_paramset5,Ghana,2.33,0.2,0.5,0.2,100,100,3.5,3.39,0.10999999999999988,0.10999999999999988,0.012099999999999972,integer_method,NA,2,int=2
simulated_Ghana_pop_012,naive_coi_paramset6,Ghana,2.33,0.2,0.5,0.2,100,100,2.9,3.39,-0.4900000000000002,0.4900000000000002,0.2401000000000002,integer_method,NA,5,int=5
simulated_Ghana_pop_013,naive_coi_paramset1,Ghana,99,0.7,0.25,0.5,100,100,1.27,1.31,-0.040000000000000036,0.040000000000000036,0.001600000000000003,quantile_method,0.1,NA,q=0.100
simulated_Ghana_pop_013,naive_coi_paramset2,Ghana,99,0.7,0.25,0.5,100,100,1.45,1.31,0.1399999999999999,0.1399999999999999,0.01959999999999997,quantile_method,0.05,NA,q=0.050
simulated_Ghana_pop_013,naive_coi_paramset3,Ghana,99,0.7,0.25,0.5,100,100,1.62,1.31,0.31000000000000005,0.31000000000000005,0.09610000000000003,quantile_method,0.025,NA,q=0.025
simulated_Ghana_pop_013,naive_coi_paramset4,Ghana,99,0.7,0.25,0.5,100,100,1.89,1.31,0.5799999999999998,0.5799999999999998,0.3363999999999998,integer_method,NA,1,int=1
simulated_Ghana_pop_013,naive_coi_paramset5,Ghana,99,0.7,0.25,0.5,100,100,1.71,1.31,0.3999999999999999,0.3999999999999999,0.15999999999999992,integer_method,NA,2,int=2
simulated_Ghana_pop_013,naive_coi_paramset6,Ghana,99,0.7,0.25,0.5,100,100,1.61,1.31,0.30000000000000004,0.30000000000000004,0.09000000000000002,integer_method,NA,5,int=5
simulated_Ghana_pop_014,naive_coi_paramset1,Ghana,99,0.7,0.25,0.2,100,100,1.17,1.24,-0.07000000000000006,0.07000000000000006,0.0049000000000000085,quantile_method,0.1,NA,q=0.100
simulated_Ghana_pop_014,naive_coi_paramset2,Ghana,99,0.7,0.25,0.2,100,100,1.3,1.24,0.06000000000000005,0.06000000000000005,0.0036000000000000064,quantile_method,0.05,NA,q=0.050
simulated_Ghana_pop_014,naive_coi_paramset3,Ghana,99,0.7,0.25,0.2,100,100,1.4,1.24,0.15999999999999992,0.15999999999999992,0.025599999999999973,quantile_method,0.025,NA,q=0.025
simulated_Ghana_pop_014,naive_coi_paramset4,Ghana,99,0.7,0.25,0.2,100,100,1.54,1.24,0.30000000000000004,0.30000000000000004,0.09000000000000002,integer_method,NA,1,int=1
simulated_Ghana_pop_014,naive_coi_paramset5,Ghana,99,0.7,0.25,0.2,100,100,1.48,1.24,0.24,0.24,0.0576,integer_method,NA,2,int=2
simulated_Ghana_pop_014,naive_coi_paramset6,Ghana,99,0.7,0.25,0.2,100,100,1.4,1.24,0.15999999999999992,0.15999999999999992,0.025599999999999973,integer_method,NA,5,int=5
simulated_Ghana_pop_015,naive_coi_paramset1,Ghana,99,0.2,0.5,0.5,100,100,2.01,3.64,-1.6300000000000003,1.6300000000000003,2.656900000000001,quantile_method,0.1,NA,q=0.100
simulated_Ghana_pop_015,naive_coi_paramset2,Ghana,99,0.2,0.5,0.5,100,100,2.59,3.64,-1.0500000000000003,1.0500000000000003,1.1025000000000005,quantile_method,0.05,NA,q=0.050
simulated_Ghana_pop_015,naive_coi_paramset3,Ghana,99,0.2,0.5,0.5,100,100,2.95,3.64,-0.69,0.69,0.4760999999999999,quantile_method,0.025,NA,q=0.025
simulated_Ghana_pop_015,naive_coi_paramset4,Ghana,99,0.2,0.5,0.5,100,100,4.51,3.64,0.8699999999999997,0.8699999999999997,0.7568999999999995,integer_method,NA,1,int=1
simulated_Ghana_pop_015,naive_coi_paramset5,Ghana,99,0.2,0.5,0.5,100,100,3.77,3.64,0.1299999999999999,0.1299999999999999,0.01689999999999997,integer_method,NA,2,int=2
simulated_Ghana_pop_015,naive_coi_paramset6,Ghana,99,0.2,0.5,0.5,100,100,3.04,3.64,-0.6000000000000001,0.6000000000000001,0.3600000000000001,integer_method,NA,5,int=5
simulated_Ghana_pop_016,naive_coi_paramset1,Ghana,99,0.2,0.5,0.2,100,100,1.85,3.46,-1.6099999999999999,1.6099999999999999,2.5920999999999994,quantile_method,0.1,NA,q=0.100
simulated_Ghana_pop_016,naive_coi_paramset2,Ghana,99,0.2,0.5,0.2,100,100,2.36,3.46,-1.1,1.1,1.2100000000000002,quantile_method,0.05,NA,q=0.050
simulated_Ghana_pop_016,naive_coi_paramset3,Ghana,99,0.2,0.5,0.2,100,100,2.84,3.46,-0.6200000000000001,0.6200000000000001,0.38440000000000013,quantile_method,0.025,NA,q=0.025
simulated_Ghana_pop_016,naive_coi_paramset4,Ghana,99,0.2,0.5,0.2,100,100,3.94,3.46,0.48,0.48,0.2304,integer_method,NA,1,int=1
simulated_Ghana_pop_016,naive_coi_paramset5,Ghana,99,0.2,0.5,0.2,100,100,3.53,3.46,0.06999999999999984,0.06999999999999984,0.004899999999999977,integer_method,NA,2,int=2
simulated_Ghana_pop_016,naive_coi_paramset6,Ghana,99,0.2,0.5,0.2,100,100,2.83,3.46,-0.6299999999999999,0.6299999999999999,0.39689999999999986,integer_method,NA,5,int=5
simulated_Ghana_pop_017,naive_coi_paramset1,Ghana,9,0.7,0.25,0.5,100,100,1.21,1.26,-0.050000000000000044,0.050000000000000044,0.0025000000000000044,quantile_method,0.1,NA,q=0.100
simulated_Ghana_pop_017,naive_coi_paramset2,Ghana,9,0.7,0.25,0.5,100,100,1.27,1.26,0.010000000000000009,0.010000000000000009,1.0000000000000018e-4,quantile_method,0.05,NA,q=0.050
simulated_Ghana_pop_017,naive_coi_paramset3,Ghana,9,0.7,0.25,0.5,100,100,1.39,1.26,0.1299999999999999,0.1299999999999999,0.01689999999999997,quantile_method,0.025,NA,q=0.025
simulated_Ghana_pop_017,naive_coi_paramset4,Ghana,9,0.7,0.25,0.5,100,100,1.6,1.26,0.3400000000000001,0.3400000000000001,0.11560000000000005,integer_method,NA,1,int=1
simulated_Ghana_pop_017,naive_coi_paramset5,Ghana,9,0.7,0.25,0.5,100,100,1.5,1.26,0.24,0.24,0.0576,integer_method,NA,2,int=2
simulated_Ghana_pop_017,naive_coi_paramset6,Ghana,9,0.7,0.25,0.5,100,100,1.35,1.26,0.09000000000000008,0.09000000000000008,0.008100000000000015,integer_method,NA,5,int=5
simulated_Ghana_pop_018,naive_coi_paramset1,Ghana,9,0.7,0.25,0.2,100,100,1.2,1.21,-0.010000000000000009,0.010000000000000009,1.0000000000000018e-4,quantile_method,0.1,NA,q=0.100
simulated_Ghana_pop_018,naive_coi_paramset2,Ghana,9,0.7,0.25,0.2,100,100,1.23,1.21,0.020000000000000018,0.020000000000000018,4.000000000000007e-4,quantile_method,0.05,NA,q=0.050
simulated_Ghana_pop_018,naive_coi_paramset3,Ghana,9,0.7,0.25,0.2,100,100,1.43,1.21,0.21999999999999997,0.21999999999999997,0.04839999999999999,quantile_method,0.025,NA,q=0.025
simulated_Ghana_pop_018,naive_coi_paramset4,Ghana,9,0.7,0.25,0.2,100,100,1.8,1.21,0.5900000000000001,0.5900000000000001,0.3481000000000001,integer_method,NA,1,int=1
simulated_Ghana_pop_018,naive_coi_paramset5,Ghana,9,0.7,0.25,0.2,100,100,1.55,1.21,0.3400000000000001,0.3400000000000001,0.11560000000000005,integer_method,NA,2,int=2
simulated_Ghana_pop_018,naive_coi_paramset6,Ghana,9,0.7,0.25,0.2,100,100,1.41,1.21,0.19999999999999996,0.19999999999999996,0.03999999999999998,integer_method,NA,5,int=5
simulated_Ghana_pop_019,naive_coi_paramset1,Ghana,9,0.2,0.5,0.5,100,100,1.93,3.45,-1.5200000000000002,1.5200000000000002,2.310400000000001,quantile_method,0.1,NA,q=0.100
simulated_Ghana_pop_019,naive_coi_paramset2,Ghana,9,0.2,0.5,0.5,100,100,2.37,3.45,-1.08,1.08,1.1664,quantile_method,0.05,NA,q=0.050
simulated_Ghana_pop_019,naive_coi_paramset3,Ghana,9,0.2,0.5,0.5,100,100,2.89,3.45,-0.56,0.56,0.31360000000000005,quantile_method,0.025,NA,q=0.025
simulated_Ghana_pop_019,naive_coi_paramset4,Ghana,9,0.2,0.5,0.5,100,100,3.77,3.45,0.31999999999999984,0.31999999999999984,0.1023999999999999,integer_method,NA,1,int=1
simulated_Ghana_pop_019,naive_coi_paramset5,Ghana,9,0.2,0.5,0.5,100,100,3.4,3.45,-0.050000000000000266,0.050000000000000266,0.0025000000000000265,integer_method,NA,2,int=2
simulated_Ghana_pop_019,naive_coi_paramset6,Ghana,9,0.2,0.5,0.5,100,100,2.87,3.45,-0.5800000000000001,0.5800000000000001,0.3364000000000001,integer_method,NA,5,int=5
simulated_Ghana_pop_020,naive_coi_paramset1,Ghana,9,0.2,0.5,0.2,100,100,1.77,3,-1.23,1.23,1.5129,quantile_method,0.1,NA,q=0.100
simulated_Ghana_pop_020,naive_coi_paramset2,Ghana,9,0.2,0.5,0.2,100,100,2.03,3,-0.9700000000000002,0.9700000000000002,0.9409000000000004,quantile_method,0.05,NA,q=0.050
simulated_Ghana_pop_020,naive_coi_paramset3,Ghana,9,0.2,0.5,0.2,100,100,2.57,3,-0.43000000000000016,0.43000000000000016,0.18490000000000015,quantile_method,0.025,NA,q=0.025
simulated_Ghana_pop_020,naive_coi_paramset4,Ghana,9,0.2,0.5,0.2,100,100,3.24,3,0.2400000000000002,0.2400000000000002,0.0576000000000001,integer_method,NA,1,int=1
simulated_Ghana_pop_020,naive_coi_paramset5,Ghana,9,0.2,0.5,0.2,100,100,2.92,3,-0.08000000000000007,0.08000000000000007,0.006400000000000012,integer_method,NA,2,int=2
simulated_Ghana_pop_020,naive_coi_paramset6,Ghana,9,0.2,0.5,0.2,100,100,2.47,3,-0.5299999999999998,0.5299999999999998,0.2808999999999998,integer_method,NA,5,int=5
simulated_Ghana_pop_021,naive_coi_paramset1,Ghana,2.33,0.7,0.25,0.5,100,100,1.2,1.27,-0.07000000000000006,0.07000000000000006,0.0049000000000000085,quantile_method,0.1,NA,q=0.100
simulated_Ghana_pop_021,naive_coi_paramset2,Ghana,2.33,0.7,0.25,0.5,100,100,1.27,1.27,0,0,0,quantile_method,0.05,NA,q=0.050
simulated_Ghana_pop_021,naive_coi_paramset3,Ghana,2.33,0.7,0.25,0.5,100,100,1.34,1.27,0.07000000000000006,0.07000000000000006,0.0049000000000000085,quantile_method,0.025,NA,q=0.025
simulated_Ghana_pop_021,naive_coi_paramset4,Ghana,2.33,0.7,0.25,0.5,100,100,1.65,1.27,0.3799999999999999,0.3799999999999999,0.14439999999999992,integer_method,NA,1,int=1
simulated_Ghana_pop_021,naive_coi_paramset5,Ghana,2.33,0.7,0.25,0.5,100,100,1.51,1.27,0.24,0.24,0.0576,integer_method,NA,2,int=2
simulated_Ghana_pop_021,naive_coi_paramset6,Ghana,2.33,0.7,0.25,0.5,100,100,1.31,1.27,0.040000000000000036,0.040000000000000036,0.001600000000000003,integer_method,NA,5,int=5
simulated_Ghana_pop_022,naive_coi_paramset1,Ghana,2.33,0.7,0.25,0.2,100,100,1.15,1.23,-0.08000000000000007,0.08000000000000007,0.006400000000000012,quantile_method,0.1,NA,q=0.100
simulated_Ghana_pop_022,naive_coi_paramset2,Ghana,2.33,0.7,0.25,0.2,100,100,1.17,1.23,-0.06000000000000005,0.06000000000000005,0.0036000000000000064,quantile_method,0.05,NA,q=0.050
simulated_Ghana_pop_022,naive_coi_paramset3,Ghana,2.33,0.7,0.25,0.2,100,100,1.25,1.23,0.020000000000000018,0.020000000000000018,4.000000000000007e-4,quantile_method,0.025,NA,q=0.025
simulated_Ghana_pop_022,naive_coi_paramset4,Ghana,2.33,0.7,0.25,0.2,100,100,1.45,1.23,0.21999999999999997,0.21999999999999997,0.04839999999999999,integer_method,NA,1,int=1
simulated_Ghana_pop_022,naive_coi_paramset5,Ghana,2.33,0.7,0.25,0.2,100,100,1.31,1.23,0.08000000000000007,0.08000000000000007,0.006400000000000012,integer_method,NA,2,int=2
simulated_Ghana_pop_022,naive_coi_paramset6,Ghana,2.33,0.7,0.25,0.2,100,100,1.24,1.23,0.010000000000000009,0.010000000000000009,1.0000000000000018e-4,integer_method,NA,5,int=5
simulated_Ghana_pop_023,naive_coi_paramset1,Ghana,2.33,0.2,0.5,0.5,100,100,1.89,4.01,-2.12,2.12,4.494400000000001,quantile_method,0.1,NA,q=0.100
simulated_Ghana_pop_023,naive_coi_paramset2,Ghana,2.33,0.2,0.5,0.5,100,100,2.16,4.01,-1.8499999999999996,1.8499999999999996,3.4224999999999985,quantile_method,0.05,NA,q=0.050
simulated_Ghana_pop_023,naive_coi_paramset3,Ghana,2.33,0.2,0.5,0.5,100,100,2.63,4.01,-1.38,1.38,1.9043999999999996,quantile_method,0.025,NA,q=0.025
simulated_Ghana_pop_023,naive_coi_paramset4,Ghana,2.33,0.2,0.5,0.5,100,100,3.52,4.01,-0.48999999999999977,0.48999999999999977,0.24009999999999979,integer_method,NA,1,int=1
simulated_Ghana_pop_023,naive_coi_paramset5,Ghana,2.33,0.2,0.5,0.5,100,100,3.06,4.01,-0.9499999999999997,0.9499999999999997,0.9024999999999995,integer_method,NA,2,int=2
simulated_Ghana_pop_023,naive_coi_paramset6,Ghana,2.33,0.2,0.5,0.5,100,100,2.58,4.01,-1.4299999999999997,1.4299999999999997,2.0448999999999993,integer_method,NA,5,int=5
simulated_Ghana_pop_024,naive_coi_paramset1,Ghana,2.33,0.2,0.5,0.2,100,100,1.67,2.74,-1.0700000000000003,1.0700000000000003,1.1449000000000007,quantile_method,0.1,NA,q=0.100
simulated_Ghana_pop_024,naive_coi_paramset2,Ghana,2.33,0.2,0.5,0.2,100,100,1.92,2.74,-0.8200000000000003,0.8200000000000003,0.6724000000000004,quantile_method,0.05,NA,q=0.050
simulated_Ghana_pop_024,naive_coi_paramset3,Ghana,2.33,0.2,0.5,0.2,100,100,2.15,2.74,-0.5900000000000003,0.5900000000000003,0.34810000000000035,quantile_method,0.025,NA,q=0.025
simulated_Ghana_pop_024,naive_coi_paramset4,Ghana,2.33,0.2,0.5,0.2,100,100,2.98,2.74,0.23999999999999977,0.23999999999999977,0.05759999999999989,integer_method,NA,1,int=1
simulated_Ghana_pop_024,naive_coi_paramset5,Ghana,2.33,0.2,0.5,0.2,100,100,2.52,2.74,-0.2200000000000002,0.2200000000000002,0.04840000000000009,integer_method,NA,2,int=2
simulated_Ghana_pop_024,naive_coi_paramset6,Ghana,2.33,0.2,0.5,0.2,100,100,2.13,2.74,-0.6100000000000003,0.6100000000000003,0.3721000000000004,integer_method,NA,5,int=5
simulated_Ghana_pop_025,naive_coi_paramset1,Ghana,99,0.7,0.25,0.5,100,100,1.24,1.3,-0.06000000000000005,0.06000000000000005,0.0036000000000000064,quantile_method,0.1,NA,q=0.100
simulated_Ghana_pop_025,naive_coi_paramset2,Ghana,99,0.7,0.25,0.5,100,100,1.45,1.3,0.1499999999999999,0.1499999999999999,0.022499999999999975,quantile_method,0.05,NA,q=0.050
simulated_Ghana_pop_025,naive_coi_paramset3,Ghana,99,0.7,0.25,0.5,100,100,1.59,1.3,0.29000000000000004,0.29000000000000004,0.08410000000000002,quantile_method,0.025,NA,q=0.025
simulated_Ghana_pop_025,naive_coi_paramset4,Ghana,99,0.7,0.25,0.5,100,100,1.83,1.3,0.53,0.53,0.28090000000000004,integer_method,NA,1,int=1
simulated_Ghana_pop_025,naive_coi_paramset5,Ghana,99,0.7,0.25,0.5,100,100,1.71,1.3,0.4099999999999999,0.4099999999999999,0.16809999999999994,integer_method,NA,2,int=2
simulated_Ghana_pop_025,naive_coi_paramset6,Ghana,99,0.7,0.25,0.5,100,100,1.55,1.3,0.25,0.25,0.0625,integer_method,NA,5,int=5
simulated_Ghana_pop_026,naive_coi_paramset1,Ghana,99,0.7,0.25,0.2,100,100,1.09,1.15,-0.05999999999999983,0.05999999999999983,0.00359999999999998,quantile_method,0.1,NA,q=0.100
simulated_Ghana_pop_026,naive_coi_paramset2,Ghana,99,0.7,0.25,0.2,100,100,1.14,1.15,-0.010000000000000009,0.010000000000000009,1.0000000000000018e-4,quantile_method,0.05,NA,q=0.050
simulated_Ghana_pop_026,naive_coi_paramset3,Ghana,99,0.7,0.25,0.2,100,100,1.2,1.15,0.050000000000000044,0.050000000000000044,0.0025000000000000044,quantile_method,0.025,NA,q=0.025
simulated_Ghana_pop_026,naive_coi_paramset4,Ghana,99,0.7,0.25,0.2,100,100,1.38,1.15,0.22999999999999998,0.22999999999999998,0.05289999999999999,integer_method,NA,1,int=1
simulated_Ghana_pop_026,naive_coi_paramset5,Ghana,99,0.7,0.25,0.2,100,100,1.26,1.15,0.1100000000000001,0.1100000000000001,0.012100000000000022,integer_method,NA,2,int=2
simulated_Ghana_pop_026,naive_coi_paramset6,Ghana,99,0.7,0.25,0.2,100,100,1.19,1.15,0.040000000000000036,0.040000000000000036,0.001600000000000003,integer_method,NA,5,int=5
simulated_Ghana_pop_027,naive_coi_paramset1,Ghana,99,0.2,0.5,0.5,100,100,1.77,3.32,-1.5499999999999998,1.5499999999999998,2.4024999999999994,quantile_method,0.1,NA,q=0.100
simulated_Ghana_pop_027,naive_coi_paramset2,Ghana,99,0.2,0.5,0.5,100,100,2.28,3.32,-1.04,1.04,1.0816000000000001,quantile_method,0.05,NA,q=0.050
simulated_Ghana_pop_027,naive_coi_paramset3,Ghana,99,0.2,0.5,0.5,100,100,2.65,3.32,-0.6699999999999999,0.6699999999999999,0.4488999999999999,quantile_method,0.025,NA,q=0.025
simulated_Ghana_pop_027,naive_coi_paramset4,Ghana,99,0.2,0.5,0.5,100,100,3.97,3.32,0.6500000000000004,0.6500000000000004,0.4225000000000005,integer_method,NA,1,int=1
simulated_Ghana_pop_027,naive_coi_paramset5,Ghana,99,0.2,0.5,0.5,100,100,3.36,3.32,0.040000000000000036,0.040000000000000036,0.001600000000000003,integer_method,NA,2,int=2
simulated_Ghana_pop_027,naive_coi_paramset6,Ghana,99,0.2,0.5,0.5,100,100,2.7,3.32,-0.6199999999999997,0.6199999999999997,0.3843999999999996,integer_method,NA,5,int=5
simulated_Ghana_pop_028,naive_coi_paramset1,Ghana,99,0.2,0.5,0.2,100,100,1.95,3.5,-1.55,1.55,2.4025000000000003,quantile_method,0.1,NA,q=0.100
simulated_Ghana_pop_028,naive_coi_paramset2,Ghana,99,0.2,0.5,0.2,100,100,2.53,3.5,-0.9700000000000002,0.9700000000000002,0.9409000000000004,quantile_method,0.05,NA,q=0.050
simulated_Ghana_pop_028,naive_coi_paramset3,Ghana,99,0.2,0.5,0.2,100,100,3,3.5,-0.5,0.5,0.25,quantile_method,0.025,NA,q=0.025
simulated_Ghana_pop_028,naive_coi_paramset4,Ghana,99,0.2,0.5,0.2,100,100,4.22,3.5,0.7199999999999998,0.7199999999999998,0.5183999999999996,integer_method,NA,1,int=1
simulated_Ghana_pop_028,naive_coi_paramset5,Ghana,99,0.2,0.5,0.2,100,100,3.71,3.5,0.20999999999999996,0.20999999999999996,0.044099999999999986,integer_method,NA,2,int=2
simulated_Ghana_pop_028,naive_coi_paramset6,Ghana,99,0.2,0.5,0.2,100,100,3.05,3.5,-0.4500000000000002,0.4500000000000002,0.20250000000000015,integer_method,NA,5,int=5
simulated_Ghana_pop_029,naive_coi_paramset1,Ghana,9,0.7,0.25,0.5,100,100,1.22,1.26,-0.040000000000000036,0.040000000000000036,0.001600000000000003,quantile_method,0.1,NA,q=0.100
simulated_Ghana_pop_029,naive_coi_paramset2,Ghana,9,0.7,0.25,0.5,100,100,1.29,1.26,0.030000000000000027,0.030000000000000027,9.000000000000016e-4,quantile_method,0.05,NA,q=0.050
simulated_Ghana_pop_029,naive_coi_paramset3,Ghana,9,0.7,0.25,0.5,100,100,1.47,1.26,0.20999999999999996,0.20999999999999996,0.044099999999999986,quantile_method,0.025,NA,q=0.025
simulated_Ghana_pop_029,naive_coi_paramset4,Ghana,9,0.7,0.25,0.5,100,100,1.69,1.26,0.42999999999999994,0.42999999999999994,0.18489999999999995,integer_method,NA,1,int=1
simulated_Ghana_pop_029,naive_coi_paramset5,Ghana,9,0.7,0.25,0.5,100,100,1.62,1.26,0.3600000000000001,0.3600000000000001,0.12960000000000008,integer_method,NA,2,int=2
simulated_Ghana_pop_029,naive_coi_paramset6,Ghana,9,0.7,0.25,0.5,100,100,1.4,1.26,0.1399999999999999,0.1399999999999999,0.01959999999999997,integer_method,NA,5,int=5
simulated_Ghana_pop_030,naive_coi_paramset1,Ghana,9,0.7,0.25,0.2,100,100,1.17,1.21,-0.040000000000000036,0.040000000000000036,0.001600000000000003,quantile_method,0.1,NA,q=0.100
simulated_Ghana_pop_030,naive_coi_paramset2,Ghana,9,0.7,0.25,0.2,100,100,1.21,1.21,0,0,0,quantile_method,0.05,NA,q=0.050
simulated_Ghana_pop_030,naive_coi_paramset3,Ghana,9,0.7,0.25,0.2,100,100,1.28,1.21,0.07000000000000006,0.07000000000000006,0.0049000000000000085,quantile_method,0.025,NA,q=0.025
simulated_Ghana_pop_030,naive_coi_paramset4,Ghana,9,0.7,0.25,0.2,100,100,1.53,1.21,0.32000000000000006,0.32000000000000006,0.10240000000000005,integer_method,NA,1,int=1
simulated_Ghana_pop_030,naive_coi_paramset5,Ghana,9,0.7,0.25,0.2,100,100,1.39,1.21,0.17999999999999994,0.17999999999999994,0.03239999999999998,integer_method,NA,2,int=2
simulated_Ghana_pop_030,naive_coi_paramset6,Ghana,9,0.7,0.25,0.2,100,100,1.25,1.21,0.040000000000000036,0.040000000000000036,0.001600000000000003,integer_method,NA,5,int=5
simulated_Ghana_pop_031,naive_coi_paramset1,Ghana,9,0.2,0.5,0.5,100,100,1.89,3.85,-1.9600000000000002,1.9600000000000002,3.8416000000000006,quantile_method,0.1,NA,q=0.100
simulated_Ghana_pop_031,naive_coi_paramset2,Ghana,9,0.2,0.5,0.5,100,100,2.4,3.85,-1.4500000000000002,1.4500000000000002,2.1025000000000005,quantile_method,0.05,NA,q=0.050
simulated_Ghana_pop_031,naive_coi_paramset3,Ghana,9,0.2,0.5,0.5,100,100,2.86,3.85,-0.9900000000000002,0.9900000000000002,0.9801000000000004,quantile_method,0.025,NA,q=0.025
simulated_Ghana_pop_031,naive_coi_paramset4,Ghana,9,0.2,0.5,0.5,100,100,4.02,3.85,0.16999999999999948,0.16999999999999948,0.028899999999999825,integer_method,NA,1,int=1
simulated_Ghana_pop_031,naive_coi_paramset5,Ghana,9,0.2,0.5,0.5,100,100,3.56,3.85,-0.29000000000000004,0.29000000000000004,0.08410000000000002,integer_method,NA,2,int=2
simulated_Ghana_pop_031,naive_coi_paramset6,Ghana,9,0.2,0.5,0.5,100,100,2.95,3.85,-0.8999999999999999,0.8999999999999999,0.8099999999999998,integer_method,NA,5,int=5
simulated_Ghana_pop_032,naive_coi_paramset1,Ghana,9,0.2,0.5,0.2,100,100,1.83,3.09,-1.2599999999999998,1.2599999999999998,1.5875999999999995,quantile_method,0.1,NA,q=0.100
simulated_Ghana_pop_032,naive_coi_paramset2,Ghana,9,0.2,0.5,0.2,100,100,2.33,3.09,-0.7599999999999998,0.7599999999999998,0.5775999999999997,quantile_method,0.05,NA,q=0.050
simulated_Ghana_pop_032,naive_coi_paramset3,Ghana,9,0.2,0.5,0.2,100,100,2.79,3.09,-0.2999999999999998,0.2999999999999998,0.0899999999999999,quantile_method,0.025,NA,q=0.025
simulated_Ghana_pop_032,naive_coi_paramset4,Ghana,9,0.2,0.5,0.2,100,100,3.71,3.09,0.6200000000000001,0.6200000000000001,0.38440000000000013,integer_method,NA,1,int=1
simulated_Ghana_pop_032,naive_coi_paramset5,Ghana,9,0.2,0.5,0.2,100,100,3.34,3.09,0.25,0.25,0.0625,integer_method,NA,2,int=2
simulated_Ghana_pop_032,naive_coi_paramset6,Ghana,9,0.2,0.5,0.2,100,100,2.79,3.09,-0.2999999999999998,0.2999999999999998,0.0899999999999999,integer_method,NA,5,int=5
simulated_Ghana_pop_033,naive_coi_paramset1,Ghana,2.33,0.7,0.25,0.5,100,100,1.17,1.19,-0.020000000000000018,0.020000000000000018,4.000000000000007e-4,quantile_method,0.1,NA,q=0.100
simulated_Ghana_pop_033,naive_coi_paramset2,Ghana,2.33,0.7,0.25,0.5,100,100,1.18,1.19,-0.010000000000000009,0.010000000000000009,1.0000000000000018e-4,quantile_method,0.05,NA,q=0.050
simulated_Ghana_pop_033,naive_coi_paramset3,Ghana,2.33,0.7,0.25,0.5,100,100,1.26,1.19,0.07000000000000006,0.07000000000000006,0.0049000000000000085,quantile_method,0.025,NA,q=0.025
simulated_Ghana_pop_033,naive_coi_paramset4,Ghana,2.33,0.7,0.25,0.5,100,100,1.41,1.19,0.21999999999999997,0.21999999999999997,0.04839999999999999,integer_method,NA,1,int=1
simulated_Ghana_pop_033,naive_coi_paramset5,Ghana,2.33,0.7,0.25,0.5,100,100,1.34,1.19,0.15000000000000013,0.15000000000000013,0.02250000000000004,integer_method,NA,2,int=2
simulated_Ghana_pop_033,naive_coi_paramset6,Ghana,2.33,0.7,0.25,0.5,100,100,1.22,1.19,0.030000000000000027,0.030000000000000027,9.000000000000016e-4,integer_method,NA,5,int=5
simulated_Ghana_pop_034,naive_coi_paramset1,Ghana,2.33,0.7,0.25,0.2,100,100,1.17,1.22,-0.050000000000000044,0.050000000000000044,0.0025000000000000044,quantile_method,0.1,NA,q=0.100
simulated_Ghana_pop_034,naive_coi_paramset2,Ghana,2.33,0.7,0.25,0.2,100,100,1.18,1.22,-0.040000000000000036,0.040000000000000036,0.001600000000000003,quantile_method,0.05,NA,q=0.050
simulated_Ghana_pop_034,naive_coi_paramset3,Ghana,2.33,0.7,0.25,0.2,100,100,1.26,1.22,0.040000000000000036,0.040000000000000036,0.001600000000000003,quantile_method,0.025,NA,q=0.025
simulated_Ghana_pop_034,naive_coi_paramset4,Ghana,2.33,0.7,0.25,0.2,100,100,1.89,1.22,0.6699999999999999,0.6699999999999999,0.4488999999999999,integer_method,NA,1,int=1
simulated_Ghana_pop_034,naive_coi_paramset5,Ghana,2.33,0.7,0.25,0.2,100,100,1.33,1.22,0.1100000000000001,0.1100000000000001,0.012100000000000022,integer_method,NA,2,int=2
simulated_Ghana_pop_034,naive_coi_paramset6,Ghana,2.33,0.7,0.25,0.2,100,100,1.22,1.22,0,0,0,integer_method,NA,5,int=5
simulated_Ghana_pop_035,naive_coi_paramset1,Ghana,2.33,0.2,0.5,0.5,100,100,1.76,3.51,-1.7499999999999998,1.7499999999999998,3.062499999999999,quantile_method,0.1,NA,q=0.100
simulated_Ghana_pop_035,naive_coi_paramset2,Ghana,2.33,0.2,0.5,0.5,100,100,2.09,3.51,-1.42,1.42,2.0164,quantile_method,0.05,NA,q=0.050
simulated_Ghana_pop_035,naive_coi_paramset3,Ghana,2.33,0.2,0.5,0.5,100,100,2.42,3.51,-1.0899999999999999,1.0899999999999999,1.1880999999999997,quantile_method,0.025,NA,q=0.025
simulated_Ghana_pop_035,naive_coi_paramset4,Ghana,2.33,0.2,0.5,0.5,100,100,3.13,3.51,-0.3799999999999999,0.3799999999999999,0.14439999999999992,integer_method,NA,1,int=1
simulated_Ghana_pop_035,naive_coi_paramset5,Ghana,2.33,0.2,0.5,0.5,100,100,2.9,3.51,-0.6099999999999999,0.6099999999999999,0.3720999999999999,integer_method,NA,2,int=2
simulated_Ghana_pop_035,naive_coi_paramset6,Ghana,2.33,0.2,0.5,0.5,100,100,2.47,3.51,-1.0399999999999996,1.0399999999999996,1.0815999999999992,integer_method,NA,5,int=5
simulated_Ghana_pop_036,naive_coi_paramset1,Ghana,2.33,0.2,0.5,0.2,100,100,1.86,3.71,-1.8499999999999999,1.8499999999999999,3.4224999999999994,quantile_method,0.1,NA,q=0.100
simulated_Ghana_pop_036,naive_coi_paramset2,Ghana,2.33,0.2,0.5,0.2,100,100,2.18,3.71,-1.5299999999999998,1.5299999999999998,2.3408999999999995,quantile_method,0.05,NA,q=0.050
simulated_Ghana_pop_036,naive_coi_paramset3,Ghana,2.33,0.2,0.5,0.2,100,100,2.6,3.71,-1.1099999999999999,1.1099999999999999,1.2320999999999998,quantile_method,0.025,NA,q=0.025
simulated_Ghana_pop_036,naive_coi_paramset4,Ghana,2.33,0.2,0.5,0.2,100,100,3.42,3.71,-0.29000000000000004,0.29000000000000004,0.08410000000000002,integer_method,NA,1,int=1
simulated_Ghana_pop_036,naive_coi_paramset5,Ghana,2.33,0.2,0.5,0.2,100,100,3.08,3.71,-0.6299999999999999,0.6299999999999999,0.39689999999999986,integer_method,NA,2,int=2
simulated_Ghana_pop_036,naive_coi_paramset6,Ghana,2.33,0.2,0.5,0.2,100,100,2.52,3.71,-1.19,1.19,1.4161,integer_method,NA,5,int=5
simulated_Ghana_pop_037,naive_coi_paramset1,Ghana,99,0.7,0.25,0.5,100,100,1.22,1.29,-0.07000000000000006,0.07000000000000006,0.0049000000000000085,quantile_method,0.1,NA,q=0.100
simulated_Ghana_pop_037,naive_coi_paramset2,Ghana,99,0.7,0.25,0.5,100,100,1.36,1.29,0.07000000000000006,0.07000000000000006,0.0049000000000000085,quantile_method,0.05,NA,q=0.050
simulated_Ghana_pop_037,naive_coi_paramset3,Ghana,99,0.7,0.25,0.5,100,100,1.48,1.29,0.18999999999999995,0.18999999999999995,0.03609999999999998,quantile_method,0.025,NA,q=0.025
simulated_Ghana_pop_037,naive_coi_paramset4,Ghana,99,0.7,0.25,0.5,100,100,1.71,1.29,0.41999999999999993,0.41999999999999993,0.17639999999999995,integer_method,NA,1,int=1
simulated_Ghana_pop_037,naive_coi_paramset5,Ghana,99,0.7,0.25,0.5,100,100,1.62,1.29,0.33000000000000007,0.33000000000000007,0.10890000000000005,integer_method,NA,2,int=2
simulated_Ghana_pop_037,naive_coi_paramset6,Ghana,99,0.7,0.25,0.5,100,100,1.48,1.29,0.18999999999999995,0.18999999999999995,0.03609999999999998,integer_method,NA,5,int=5
simulated_Ghana_pop_038,naive_coi_paramset1,Ghana,99,0.7,0.25,0.2,100,100,1.17,1.2,-0.030000000000000027,0.030000000000000027,9.000000000000016e-4,quantile_method,0.1,NA,q=0.100
simulated_Ghana_pop_038,naive_coi_paramset2,Ghana,99,0.7,0.25,0.2,100,100,1.28,1.2,0.08000000000000007,0.08000000000000007,0.006400000000000012,quantile_method,0.05,NA,q=0.050
simulated_Ghana_pop_038,naive_coi_paramset3,Ghana,99,0.7,0.25,0.2,100,100,1.38,1.2,0.17999999999999994,0.17999999999999994,0.03239999999999998,quantile_method,0.025,NA,q=0.025
simulated_Ghana_pop_038,naive_coi_paramset4,Ghana,99,0.7,0.25,0.2,100,100,1.63,1.2,0.42999999999999994,0.42999999999999994,0.18489999999999995,integer_method,NA,1,int=1
simulated_Ghana_pop_038,naive_coi_paramset5,Ghana,99,0.7,0.25,0.2,100,100,1.49,1.2,0.29000000000000004,0.29000000000000004,0.08410000000000002,integer_method,NA,2,int=2
simulated_Ghana_pop_038,naive_coi_paramset6,Ghana,99,0.7,0.25,0.2,100,100,1.36,1.2,0.16000000000000014,0.16000000000000014,0.025600000000000046,integer_method,NA,5,int=5
simulated_Ghana_pop_039,naive_coi_paramset1,Ghana,99,0.2,0.5,0.5,100,100,2.03,4.08,-2.0500000000000003,2.0500000000000003,4.2025000000000015,quantile_method,0.1,NA,q=0.100
simulated_Ghana_pop_039,naive_coi_paramset2,Ghana,99,0.2,0.5,0.5,100,100,2.64,4.08,-1.44,1.44,2.0736,quantile_method,0.05,NA,q=0.050
simulated_Ghana_pop_039,naive_coi_paramset3,Ghana,99,0.2,0.5,0.5,100,100,3.13,4.08,-0.9500000000000002,0.9500000000000002,0.9025000000000003,quantile_method,0.025,NA,q=0.025
simulated_Ghana_pop_039,naive_coi_paramset4,Ghana,99,0.2,0.5,0.5,100,100,4.44,4.08,0.3600000000000003,0.3600000000000003,0.12960000000000024,integer_method,NA,1,int=1
simulated_Ghana_pop_039,naive_coi_paramset5,Ghana,99,0.2,0.5,0.5,100,100,3.83,4.08,-0.25,0.25,0.0625,integer_method,NA,2,int=2
simulated_Ghana_pop_039,naive_coi_paramset6,Ghana,99,0.2,0.5,0.5,100,100,3.23,4.08,-0.8500000000000001,0.8500000000000001,0.7225000000000001,integer_method,NA,5,int=5
simulated_Ghana_pop_040,naive_coi_paramset1,Ghana,99,0.2,0.5,0.2,100,100,1.99,3.59,-1.5999999999999999,1.5999999999999999,2.5599999999999996,quantile_method,0.1,NA,q=0.100
simulated_Ghana_pop_040,naive_coi_paramset2,Ghana,99,0.2,0.5,0.2,100,100,2.68,3.59,-0.9099999999999997,0.9099999999999997,0.8280999999999995,quantile_method,0.05,NA,q=0.050
simulated_Ghana_pop_040,naive_coi_paramset3,Ghana,99,0.2,0.5,0.2,100,100,3.07,3.59,-0.52,0.52,0.27040000000000003,quantile_method,0.025,NA,q=0.025
simulated_Ghana_pop_040,naive_coi_paramset4,Ghana,99,0.2,0.5,0.2,100,100,4.64,3.59,1.0499999999999998,1.0499999999999998,1.1024999999999996,integer_method,NA,1,int=1
simulated_Ghana_pop_040,naive_coi_paramset5,Ghana,99,0.2,0.5,0.2,100,100,3.96,3.59,0.3700000000000001,0.3700000000000001,0.13690000000000008,integer_method,NA,2,int=2
simulated_Ghana_pop_040,naive_coi_paramset6,Ghana,99,0.2,0.5,0.2,100,100,3.2,3.59,-0.3899999999999997,0.3899999999999997,0.15209999999999976,integer_method,NA,5,int=5
simulated_Ghana_pop_041,naive_coi_paramset1,Ghana,9,0.7,0.25,0.5,100,100,1.18,1.24,-0.06000000000000005,0.06000000000000005,0.0036000000000000064,quantile_method,0.1,NA,q=0.100
simulated_Ghana_pop_041,naive_coi_paramset2,Ghana,9,0.7,0.25,0.5,100,100,1.28,1.24,0.040000000000000036,0.040000000000000036,0.001600000000000003,quantile_method,0.05,NA,q=0.050
simulated_Ghana_pop_041,naive_coi_paramset3,Ghana,9,0.7,0.25,0.5,100,100,1.42,1.24,0.17999999999999994,0.17999999999999994,0.03239999999999998,quantile_method,0.025,NA,q=0.025
simulated_Ghana_pop_041,naive_coi_paramset4,Ghana,9,0.7,0.25,0.5,100,100,1.6,1.24,0.3600000000000001,0.3600000000000001,0.12960000000000008,integer_method,NA,1,int=1
simulated_Ghana_pop_041,naive_coi_paramset5,Ghana,9,0.7,0.25,0.5,100,100,1.53,1.24,0.29000000000000004,0.29000000000000004,0.08410000000000002,integer_method,NA,2,int=2
simulated_Ghana_pop_041,naive_coi_paramset6,Ghana,9,0.7,0.25,0.5,100,100,1.4,1.24,0.15999999999999992,0.15999999999999992,0.025599999999999973,integer_method,NA,5,int=5
simulated_Ghana_pop_042,naive_coi_paramset1,Ghana,9,0.7,0.25,0.2,100,100,1.15,1.17,-0.020000000000000018,0.020000000000000018,4.000000000000007e-4,quantile_method,0.1,NA,q=0.100
simulated_Ghana_pop_042,naive_coi_paramset2,Ghana,9,0.7,0.25,0.2,100,100,1.16,1.17,-0.010000000000000009,0.010000000000000009,1.0000000000000018e-4,quantile_method,0.05,NA,q=0.050
simulated_Ghana_pop_042,naive_coi_paramset3,Ghana,9,0.7,0.25,0.2,100,100,1.27,1.17,0.10000000000000009,0.10000000000000009,0.010000000000000018,quantile_method,0.025,NA,q=0.025
simulated_Ghana_pop_042,naive_coi_paramset4,Ghana,9,0.7,0.25,0.2,100,100,1.49,1.17,0.32000000000000006,0.32000000000000006,0.10240000000000005,integer_method,NA,1,int=1
simulated_Ghana_pop_042,naive_coi_paramset5,Ghana,9,0.7,0.25,0.2,100,100,1.42,1.17,0.25,0.25,0.0625,integer_method,NA,2,int=2
simulated_Ghana_pop_042,naive_coi_paramset6,Ghana,9,0.7,0.25,0.2,100,100,1.23,1.17,0.06000000000000005,0.06000000000000005,0.0036000000000000064,integer_method,NA,5,int=5
simulated_Ghana_pop_043,naive_coi_paramset1,Ghana,9,0.2,0.5,0.5,100,100,1.74,3.48,-1.74,1.74,3.0276,quantile_method,0.1,NA,q=0.100
simulated_Ghana_pop_043,naive_coi_paramset2,Ghana,9,0.2,0.5,0.5,100,100,2.17,3.48,-1.31,1.31,1.7161000000000002,quantile_method,0.05,NA,q=0.050
simulated_Ghana_pop_043,naive_coi_paramset3,Ghana,9,0.2,0.5,0.5,100,100,2.57,3.48,-0.9100000000000001,0.9100000000000001,0.8281000000000003,quantile_method,0.025,NA,q=0.025
simulated_Ghana_pop_043,naive_coi_paramset4,Ghana,9,0.2,0.5,0.5,100,100,3.68,3.48,0.20000000000000018,0.20000000000000018,0.04000000000000007,integer_method,NA,1,int=1
simulated_Ghana_pop_043,naive_coi_paramset5,Ghana,9,0.2,0.5,0.5,100,100,3.2,3.48,-0.2799999999999998,0.2799999999999998,0.07839999999999989,integer_method,NA,2,int=2
simulated_Ghana_pop_043,naive_coi_paramset6,Ghana,9,0.2,0.5,0.5,100,100,2.61,3.48,-0.8700000000000001,0.8700000000000001,0.7569000000000002,integer_method,NA,5,int=5
simulated_Ghana_pop_044,naive_coi_paramset1,Ghana,9,0.2,0.5,0.2,100,100,1.85,3.2,-1.35,1.35,1.8225000000000002,quantile_method,0.1,NA,q=0.100
simulated_Ghana_pop_044,naive_coi_paramset2,Ghana,9,0.2,0.5,0.2,100,100,2.38,3.2,-0.8200000000000003,0.8200000000000003,0.6724000000000004,quantile_method,0.05,NA,q=0.050
simulated_Ghana_pop_044,naive_coi_paramset3,Ghana,9,0.2,0.5,0.2,100,100,2.73,3.2,-0.4700000000000002,0.4700000000000002,0.22090000000000018,quantile_method,0.025,NA,q=0.025
simulated_Ghana_pop_044,naive_coi_paramset4,Ghana,9,0.2,0.5,0.2,100,100,3.56,3.2,0.3599999999999999,0.3599999999999999,0.1295999999999999,integer_method,NA,1,int=1
simulated_Ghana_pop_044,naive_coi_paramset5,Ghana,9,0.2,0.5,0.2,100,100,3.2,3.2,0,0,0,integer_method,NA,2,int=2
simulated_Ghana_pop_044,naive_coi_paramset6,Ghana,9,0.2,0.5,0.2,100,100,2.77,3.2,-0.43000000000000016,0.43000000000000016,0.18490000000000015,integer_method,NA,5,int=5
simulated_Ghana_pop_045,naive_coi_paramset1,Ghana,2.33,0.7,0.25,0.5,100,100,1.15,1.21,-0.06000000000000005,0.06000000000000005,0.0036000000000000064,quantile_method,0.1,NA,q=0.100
simulated_Ghana_pop_045,naive_coi_paramset2,Ghana,2.33,0.7,0.25,0.5,100,100,1.24,1.21,0.030000000000000027,0.030000000000000027,9.000000000000016e-4,quantile_method,0.05,NA,q=0.050
simulated_Ghana_pop_045,naive_coi_paramset3,Ghana,2.33,0.7,0.25,0.5,100,100,1.31,1.21,0.10000000000000009,0.10000000000000009,0.010000000000000018,quantile_method,0.025,NA,q=0.025
simulated_Ghana_pop_045,naive_coi_paramset4,Ghana,2.33,0.7,0.25,0.5,100,100,1.5,1.21,0.29000000000000004,0.29000000000000004,0.08410000000000002,integer_method,NA,1,int=1
simulated_Ghana_pop_045,naive_coi_paramset5,Ghana,2.33,0.7,0.25,0.5,100,100,1.42,1.21,0.20999999999999996,0.20999999999999996,0.044099999999999986,integer_method,NA,2,int=2
simulated_Ghana_pop_045,naive_coi_paramset6,Ghana,2.33,0.7,0.25,0.5,100,100,1.29,1.21,0.08000000000000007,0.08000000000000007,0.006400000000000012,integer_method,NA,5,int=5
simulated_Ghana_pop_046,naive_coi_paramset1,Ghana,2.33,0.7,0.25,0.2,100,100,1.16,1.18,-0.020000000000000018,0.020000000000000018,4.000000000000007e-4,quantile_method,0.1,NA,q=0.100
simulated_Ghana_pop_046,naive_coi_paramset2,Ghana,2.33,0.7,0.25,0.2,100,100,1.17,1.18,-0.010000000000000009,0.010000000000000009,1.0000000000000018e-4,quantile_method,0.05,NA,q=0.050
simulated_Ghana_pop_046,naive_coi_paramset3,Ghana,2.33,0.7,0.25,0.2,100,100,1.23,1.18,0.050000000000000044,0.050000000000000044,0.0025000000000000044,quantile_method,0.025,NA,q=0.025
simulated_Ghana_pop_046,naive_coi_paramset4,Ghana,2.33,0.7,0.25,0.2,100,100,1.62,1.18,0.44000000000000017,0.44000000000000017,0.19360000000000016,integer_method,NA,1,int=1
simulated_Ghana_pop_046,naive_coi_paramset5,Ghana,2.33,0.7,0.25,0.2,100,100,1.38,1.18,0.19999999999999996,0.19999999999999996,0.03999999999999998,integer_method,NA,2,int=2
simulated_Ghana_pop_046,naive_coi_paramset6,Ghana,2.33,0.7,0.25,0.2,100,100,1.22,1.18,0.040000000000000036,0.040000000000000036,0.001600000000000003,integer_method,NA,5,int=5
simulated_Ghana_pop_047,naive_coi_paramset1,Ghana,2.33,0.2,0.5,0.5,100,100,1.85,3.47,-1.62,1.62,2.6244000000000005,quantile_method,0.1,NA,q=0.100
simulated_Ghana_pop_047,naive_coi_paramset2,Ghana,2.33,0.2,0.5,0.5,100,100,2.36,3.47,-1.1100000000000003,1.1100000000000003,1.2321000000000006,quantile_method,0.05,NA,q=0.050
simulated_Ghana_pop_047,naive_coi_paramset3,Ghana,2.33,0.2,0.5,0.5,100,100,2.77,3.47,-0.7000000000000002,0.7000000000000002,0.49000000000000027,quantile_method,0.025,NA,q=0.025
simulated_Ghana_pop_047,naive_coi_paramset4,Ghana,2.33,0.2,0.5,0.5,100,100,3.71,3.47,0.23999999999999977,0.23999999999999977,0.05759999999999989,integer_method,NA,1,int=1
simulated_Ghana_pop_047,naive_coi_paramset5,Ghana,2.33,0.2,0.5,0.5,100,100,3.34,3.47,-0.13000000000000034,0.13000000000000034,0.01690000000000009,integer_method,NA,2,int=2
simulated_Ghana_pop_047,naive_coi_paramset6,Ghana,2.33,0.2,0.5,0.5,100,100,2.73,3.47,-0.7400000000000002,0.7400000000000002,0.5476000000000003,integer_method,NA,5,int=5
simulated_Ghana_pop_048,naive_coi_paramset1,Ghana,2.33,0.2,0.5,0.2,100,100,1.74,3.7,-1.9600000000000002,1.9600000000000002,3.8416000000000006,quantile_method,0.1,NA,q=0.100
simulated_Ghana_pop_048,naive_coi_paramset2,Ghana,2.33,0.2,0.5,0.2,100,100,2.16,3.7,-1.54,1.54,2.3716,quantile_method,0.05,NA,q=0.050
simulated_Ghana_pop_048,naive_coi_paramset3,Ghana,2.33,0.2,0.5,0.2,100,100,2.59,3.7,-1.1100000000000003,1.1100000000000003,1.2321000000000006,quantile_method,0.025,NA,q=0.025
simulated_Ghana_pop_048,naive_coi_paramset4,Ghana,2.33,0.2,0.5,0.2,100,100,3.19,3.7,-0.5100000000000002,0.5100000000000002,0.2601000000000002,integer_method,NA,1,int=1
simulated_Ghana_pop_048,naive_coi_paramset5,Ghana,2.33,0.2,0.5,0.2,100,100,2.99,3.7,-0.71,0.71,0.5041,integer_method,NA,2,int=2
simulated_Ghana_pop_048,naive_coi_paramset6,Ghana,2.33,0.2,0.5,0.2,100,100,2.57,3.7,-1.1300000000000003,1.1300000000000003,1.2769000000000008,integer_method,NA,5,int=5
simulated_Ghana_pop_049,naive_coi_paramset1,Ghana,99,0.7,0.25,0.5,100,100,1.13,1.15,-0.020000000000000018,0.020000000000000018,4.000000000000007e-4,quantile_method,0.1,NA,q=0.100
simulated_Ghana_pop_049,naive_coi_paramset2,Ghana,99,0.7,0.25,0.5,100,100,1.19,1.15,0.040000000000000036,0.040000000000000036,0.001600000000000003,quantile_method,0.05,NA,q=0.050
simulated_Ghana_pop_049,naive_coi_paramset3,Ghana,99,0.7,0.25,0.5,100,100,1.26,1.15,0.1100000000000001,0.1100000000000001,0.012100000000000022,quantile_method,0.025,NA,q=0.025
simulated_Ghana_pop_049,naive_coi_paramset4,Ghana,99,0.7,0.25,0.5,100,100,1.44,1.15,0.29000000000000004,0.29000000000000004,0.08410000000000002,integer_method,NA,1,int=1
simulated_Ghana_pop_049,naive_coi_paramset5,Ghana,99,0.7,0.25,0.5,100,100,1.33,1.15,0.18000000000000016,0.18000000000000016,0.03240000000000006,integer_method,NA,2,int=2
simulated_Ghana_pop_049,naive_coi_paramset6,Ghana,99,0.7,0.25,0.5,100,100,1.25,1.15,0.10000000000000009,0.10000000000000009,0.010000000000000018,integer_method,NA,5,int=5
simulated_Ghana_pop_050,naive_coi_paramset1,Ghana,99,0.7,0.25,0.2,100,100,1.23,1.3,-0.07000000000000006,0.07000000000000006,0.0049000000000000085,quantile_method,0.1,NA,q=0.100
simulated_Ghana_pop_050,naive_coi_paramset2,Ghana,99,0.7,0.25,0.2,100,100,1.4,1.3,0.09999999999999987,0.09999999999999987,0.009999999999999974,quantile_method,0.05,NA,q=0.050
simulated_Ghana_pop_050,naive_coi_paramset3,Ghana,99,0.7,0.25,0.2,100,100,1.59,1.3,0.29000000000000004,0.29000000000000004,0.08410000000000002,quantile_method,0.025,NA,q=0.025
simulated_Ghana_pop_050,naive_coi_paramset4,Ghana,99,0.7,0.25,0.2,100,100,1.82,1.3,0.52,0.52,0.27040000000000003,integer_method,NA,1,int=1
simulated_Ghana_pop_050,naive_coi_paramset5,Ghana,99,0.7,0.25,0.2,100,100,1.67,1.3,0.3699999999999999,0.3699999999999999,0.1368999999999999,integer_method,NA,2,int=2
simulated_Ghana_pop_050,naive_coi_paramset6,Ghana,99,0.7,0.25,0.2,100,100,1.57,1.3,0.27,0.27,0.0729,integer_method,NA,5,int=5
simulated_Ghana_pop_051,naive_coi_paramset1,Ghana,99,0.2,0.5,0.5,100,100,2,4.14,-2.1399999999999997,2.1399999999999997,4.579599999999998,quantile_method,0.1,NA,q=0.100
simulated_Ghana_pop_051,naive_coi_paramset2,Ghana,99,0.2,0.5,0.5,100,100,2.52,4.14,-1.6199999999999997,1.6199999999999997,2.6243999999999987,quantile_method,0.05,NA,q=0.050
simulated_Ghana_pop_051,naive_coi_paramset3,Ghana,99,0.2,0.5,0.5,100,100,3.03,4.14,-1.1099999999999999,1.1099999999999999,1.2320999999999998,quantile_method,0.025,NA,q=0.025
simulated_Ghana_pop_051,naive_coi_paramset4,Ghana,99,0.2,0.5,0.5,100,100,4.47,4.14,0.33000000000000007,0.33000000000000007,0.10890000000000005,integer_method,NA,1,int=1
simulated_Ghana_pop_051,naive_coi_paramset5,Ghana,99,0.2,0.5,0.5,100,100,3.89,4.14,-0.24999999999999956,0.24999999999999956,0.06249999999999978,integer_method,NA,2,int=2
simulated_Ghana_pop_051,naive_coi_paramset6,Ghana,99,0.2,0.5,0.5,100,100,3.14,4.14,-0.9999999999999996,0.9999999999999996,0.9999999999999991,integer_method,NA,5,int=5
simulated_Ghana_pop_052,naive_coi_paramset1,Ghana,99,0.2,0.5,0.2,100,100,1.83,3.05,-1.2199999999999998,1.2199999999999998,1.4883999999999995,quantile_method,0.1,NA,q=0.100
simulated_Ghana_pop_052,naive_coi_paramset2,Ghana,99,0.2,0.5,0.2,100,100,2.34,3.05,-0.71,0.71,0.5041,quantile_method,0.05,NA,q=0.050
simulated_Ghana_pop_052,naive_coi_paramset3,Ghana,99,0.2,0.5,0.2,100,100,2.79,3.05,-0.2599999999999998,0.2599999999999998,0.06759999999999988,quantile_method,0.025,NA,q=0.025
simulated_Ghana_pop_052,naive_coi_paramset4,Ghana,99,0.2,0.5,0.2,100,100,4.03,3.05,0.9800000000000004,0.9800000000000004,0.9604000000000008,integer_method,NA,1,int=1
simulated_Ghana_pop_052,naive_coi_paramset5,Ghana,99,0.2,0.5,0.2,100,100,3.37,3.05,0.3200000000000003,0.3200000000000003,0.10240000000000019,integer_method,NA,2,int=2
simulated_Ghana_pop_052,naive_coi_paramset6,Ghana,99,0.2,0.5,0.2,100,100,2.78,3.05,-0.27,0.27,0.0729,integer_method,NA,5,int=5
simulated_Ghana_pop_053,naive_coi_paramset1,Ghana,9,0.7,0.25,0.5,100,100,1.21,1.33,-0.1200000000000001,0.1200000000000001,0.014400000000000026,quantile_method,0.1,NA,q=0.100
simulated_Ghana_pop_053,naive_coi_paramset2,Ghana,9,0.7,0.25,0.5,100,100,1.32,1.33,-0.010000000000000009,0.010000000000000009,1.0000000000000018e-4,quantile_method,0.05,NA,q=0.050
simulated_Ghana_pop_053,naive_coi_paramset3,Ghana,9,0.7,0.25,0.5,100,100,1.49,1.33,0.15999999999999992,0.15999999999999992,0.025599999999999973,quantile_method,0.025,NA,q=0.025
simulated_Ghana_pop_053,naive_coi_paramset4,Ghana,9,0.7,0.25,0.5,100,100,1.67,1.33,0.33999999999999986,0.33999999999999986,0.1155999999999999,integer_method,NA,1,int=1
simulated_Ghana_pop_053,naive_coi_paramset5,Ghana,9,0.7,0.25,0.5,100,100,1.57,1.33,0.24,0.24,0.0576,integer_method,NA,2,int=2
simulated_Ghana_pop_053,naive_coi_paramset6,Ghana,9,0.7,0.25,0.5,100,100,1.46,1.33,0.1299999999999999,0.1299999999999999,0.01689999999999997,integer_method,NA,5,int=5
simulated_Ghana_pop_054,naive_coi_paramset1,Ghana,9,0.7,0.25,0.2,100,100,1.2,1.24,-0.040000000000000036,0.040000000000000036,0.001600000000000003,quantile_method,0.1,NA,q=0.100
simulated_Ghana_pop_054,naive_coi_paramset2,Ghana,9,0.7,0.25,0.2,100,100,1.26,1.24,0.020000000000000018,0.020000000000000018,4.000000000000007e-4,quantile_method,0.05,NA,q=0.050
simulated_Ghana_pop_054,naive_coi_paramset3,Ghana,9,0.7,0.25,0.2,100,100,1.4,1.24,0.15999999999999992,0.15999999999999992,0.025599999999999973,quantile_method,0.025,NA,q=0.025
simulated_Ghana_pop_054,naive_coi_paramset4,Ghana,9,0.7,0.25,0.2,100,100,1.6,1.24,0.3600000000000001,0.3600000000000001,0.12960000000000008,integer_method,NA,1,int=1
simulated_Ghana_pop_054,naive_coi_paramset5,Ghana,9,0.7,0.25,0.2,100,100,1.5,1.24,0.26,0.26,0.06760000000000001,integer_method,NA,2,int=2
simulated_Ghana_pop_054,naive_coi_paramset6,Ghana,9,0.7,0.25,0.2,100,100,1.34,1.24,0.10000000000000009,0.10000000000000009,0.010000000000000018,integer_method,NA,5,int=5
simulated_Ghana_pop_055,naive_coi_paramset1,Ghana,9,0.2,0.5,0.5,100,100,1.89,3.3,-1.41,1.41,1.9880999999999998,quantile_method,0.1,NA,q=0.100
simulated_Ghana_pop_055,naive_coi_paramset2,Ghana,9,0.2,0.5,0.5,100,100,2.49,3.3,-0.8099999999999996,0.8099999999999996,0.6560999999999994,quantile_method,0.05,NA,q=0.050
simulated_Ghana_pop_055,naive_coi_paramset3,Ghana,9,0.2,0.5,0.5,100,100,2.9,3.3,-0.3999999999999999,0.3999999999999999,0.15999999999999992,quantile_method,0.025,NA,q=0.025
simulated_Ghana_pop_055,naive_coi_paramset4,Ghana,9,0.2,0.5,0.5,100,100,4.08,3.3,0.7800000000000002,0.7800000000000002,0.6084000000000004,integer_method,NA,1,int=1
simulated_Ghana_pop_055,naive_coi_paramset5,Ghana,9,0.2,0.5,0.5,100,100,3.58,3.3,0.28000000000000025,0.28000000000000025,0.07840000000000014,integer_method,NA,2,int=2
simulated_Ghana_pop_055,naive_coi_paramset6,Ghana,9,0.2,0.5,0.5,100,100,2.93,3.3,-0.36999999999999966,0.36999999999999966,0.13689999999999974,integer_method,NA,5,int=5
simulated_Ghana_pop_056,naive_coi_paramset1,Ghana,9,0.2,0.5,0.2,100,100,1.93,3.21,-1.28,1.28,1.6384,quantile_method,0.1,NA,q=0.100
simulated_Ghana_pop_056,naive_coi_paramset2,Ghana,9,0.2,0.5,0.2,100,100,2.48,3.21,-0.73,0.73,0.5328999999999999,quantile_method,0.05,NA,q=0.050
simulated_Ghana_pop_056,naive_coi_paramset3,Ghana,9,0.2,0.5,0.2,100,100,2.87,3.21,-0.33999999999999986,0.33999999999999986,0.1155999999999999,quantile_method,0.025,NA,q=0.025
simulated_Ghana_pop_056,naive_coi_paramset4,Ghana,9,0.2,0.5,0.2,100,100,3.97,3.21,0.7600000000000002,0.7600000000000002,0.5776000000000003,integer_method,NA,1,int=1
simulated_Ghana_pop_056,naive_coi_paramset5,Ghana,9,0.2,0.5,0.2,100,100,3.51,3.21,0.2999999999999998,0.2999999999999998,0.0899999999999999,integer_method,NA,2,int=2
simulated_Ghana_pop_056,naive_coi_paramset6,Ghana,9,0.2,0.5,0.2,100,100,2.96,3.21,-0.25,0.25,0.0625,integer_method,NA,5,int=5
simulated_Ghana_pop_057,naive_coi_paramset1,Ghana,2.33,0.7,0.25,0.5,100,100,1.26,1.33,-0.07000000000000006,0.07000000000000006,0.0049000000000000085,quantile_method,0.1,NA,q=0.100
simulated_Ghana_pop_057,naive_coi_paramset2,Ghana,2.33,0.7,0.25,0.5,100,100,1.35,1.33,0.020000000000000018,0.020000000000000018,4.000000000000007e-4,quantile_method,0.05,NA,q=0.050
simulated_Ghana_pop_057,naive_coi_paramset3,Ghana,2.33,0.7,0.25,0.5,100,100,1.49,1.33,0.15999999999999992,0.15999999999999992,0.025599999999999973,quantile_method,0.025,NA,q=0.025
simulated_Ghana_pop_057,naive_coi_paramset4,Ghana,2.33,0.7,0.25,0.5,100,100,1.64,1.33,0.30999999999999983,0.30999999999999983,0.0960999999999999,integer_method,NA,1,int=1
simulated_Ghana_pop_057,naive_coi_paramset5,Ghana,2.33,0.7,0.25,0.5,100,100,1.54,1.33,0.20999999999999996,0.20999999999999996,0.044099999999999986,integer_method,NA,2,int=2
simulated_Ghana_pop_057,naive_coi_paramset6,Ghana,2.33,0.7,0.25,0.5,100,100,1.48,1.33,0.1499999999999999,0.1499999999999999,0.022499999999999975,integer_method,NA,5,int=5
simulated_Ghana_pop_058,naive_coi_paramset1,Ghana,2.33,0.7,0.25,0.2,100,100,1.19,1.23,-0.040000000000000036,0.040000000000000036,0.001600000000000003,quantile_method,0.1,NA,q=0.100
simulated_Ghana_pop_058,naive_coi_paramset2,Ghana,2.33,0.7,0.25,0.2,100,100,1.22,1.23,-0.010000000000000009,0.010000000000000009,1.0000000000000018e-4,quantile_method,0.05,NA,q=0.050
simulated_Ghana_pop_058,naive_coi_paramset3,Ghana,2.33,0.7,0.25,0.2,100,100,1.32,1.23,0.09000000000000008,0.09000000000000008,0.008100000000000015,quantile_method,0.025,NA,q=0.025
simulated_Ghana_pop_058,naive_coi_paramset4,Ghana,2.33,0.7,0.25,0.2,100,100,1.48,1.23,0.25,0.25,0.0625,integer_method,NA,1,int=1
simulated_Ghana_pop_058,naive_coi_paramset5,Ghana,2.33,0.7,0.25,0.2,100,100,1.39,1.23,0.15999999999999992,0.15999999999999992,0.025599999999999973,integer_method,NA,2,int=2
simulated_Ghana_pop_058,naive_coi_paramset6,Ghana,2.33,0.7,0.25,0.2,100,100,1.25,1.23,0.020000000000000018,0.020000000000000018,4.000000000000007e-4,integer_method,NA,5,int=5
simulated_Ghana_pop_059,naive_coi_paramset1,Ghana,2.33,0.2,0.5,0.5,100,100,1.73,3.48,-1.75,1.75,3.0625,quantile_method,0.1,NA,q=0.100
simulated_Ghana_pop_059,naive_coi_paramset2,Ghana,2.33,0.2,0.5,0.5,100,100,2.01,3.48,-1.4700000000000002,1.4700000000000002,2.1609000000000007,quantile_method,0.05,NA,q=0.050
simulated_Ghana_pop_059,naive_coi_paramset3,Ghana,2.33,0.2,0.5,0.5,100,100,2.39,3.48,-1.0899999999999999,1.0899999999999999,1.1880999999999997,quantile_method,0.025,NA,q=0.025
simulated_Ghana_pop_059,naive_coi_paramset4,Ghana,2.33,0.2,0.5,0.5,100,100,3.19,3.48,-0.29000000000000004,0.29000000000000004,0.08410000000000002,integer_method,NA,1,int=1
simulated_Ghana_pop_059,naive_coi_paramset5,Ghana,2.33,0.2,0.5,0.5,100,100,2.82,3.48,-0.6600000000000001,0.6600000000000001,0.4356000000000002,integer_method,NA,2,int=2
simulated_Ghana_pop_059,naive_coi_paramset6,Ghana,2.33,0.2,0.5,0.5,100,100,2.38,3.48,-1.1,1.1,1.2100000000000002,integer_method,NA,5,int=5
simulated_Ghana_pop_060,naive_coi_paramset1,Ghana,2.33,0.2,0.5,0.2,100,100,1.63,3.76,-2.13,2.13,4.536899999999999,quantile_method,0.1,NA,q=0.100
simulated_Ghana_pop_060,naive_coi_paramset2,Ghana,2.33,0.2,0.5,0.2,100,100,1.8,3.76,-1.9599999999999997,1.9599999999999997,3.841599999999999,quantile_method,0.05,NA,q=0.050
simulated_Ghana_pop_060,naive_coi_paramset3,Ghana,2.33,0.2,0.5,0.2,100,100,2.13,3.76,-1.63,1.63,2.6569,quantile_method,0.025,NA,q=0.025
simulated_Ghana_pop_060,naive_coi_paramset4,Ghana,2.33,0.2,0.5,0.2,100,100,2.99,3.76,-0.7699999999999996,0.7699999999999996,0.5928999999999993,integer_method,NA,1,int=1
simulated_Ghana_pop_060,naive_coi_paramset5,Ghana,2.33,0.2,0.5,0.2,100,100,2.58,3.76,-1.1799999999999997,1.1799999999999997,1.3923999999999994,integer_method,NA,2,int=2
simulated_Ghana_pop_060,naive_coi_paramset6,Ghana,2.33,0.2,0.5,0.2,100,100,2.09,3.76,-1.67,1.67,2.7889,integer_method,NA,5,int=5
simulated_Ghana_pop_061,naive_coi_paramset1,Ghana,99,0.7,0.25,0.5,100,100,1.25,1.31,-0.06000000000000005,0.06000000000000005,0.0036000000000000064,quantile_method,0.1,NA,q=0.100
simulated_Ghana_pop_061,naive_coi_paramset2,Ghana,99,0.7,0.25,0.5,100,100,1.38,1.31,0.06999999999999984,0.06999999999999984,0.004899999999999977,quantile_method,0.05,NA,q=0.050
simulated_Ghana_pop_061,naive_coi_paramset3,Ghana,99,0.7,0.25,0.5,100,100,1.56,1.31,0.25,0.25,0.0625,quantile_method,0.025,NA,q=0.025
simulated_Ghana_pop_061,naive_coi_paramset4,Ghana,99,0.7,0.25,0.5,100,100,1.9,1.31,0.5899999999999999,0.5899999999999999,0.34809999999999985,integer_method,NA,1,int=1
simulated_Ghana_pop_061,naive_coi_paramset5,Ghana,99,0.7,0.25,0.5,100,100,1.76,1.31,0.44999999999999996,0.44999999999999996,0.20249999999999996,integer_method,NA,2,int=2
simulated_Ghana_pop_061,naive_coi_paramset6,Ghana,99,0.7,0.25,0.5,100,100,1.53,1.31,0.21999999999999997,0.21999999999999997,0.04839999999999999,integer_method,NA,5,int=5
simulated_Ghana_pop_062,naive_coi_paramset1,Ghana,99,0.7,0.25,0.2,100,100,1.17,1.23,-0.06000000000000005,0.06000000000000005,0.0036000000000000064,quantile_method,0.1,NA,q=0.100
simulated_Ghana_pop_062,naive_coi_paramset2,Ghana,99,0.7,0.25,0.2,100,100,1.29,1.23,0.06000000000000005,0.06000000000000005,0.0036000000000000064,quantile_method,0.05,NA,q=0.050
simulated_Ghana_pop_062,naive_coi_paramset3,Ghana,99,0.7,0.25,0.2,100,100,1.43,1.23,0.19999999999999996,0.19999999999999996,0.03999999999999998,quantile_method,0.025,NA,q=0.025
simulated_Ghana_pop_062,naive_coi_paramset4,Ghana,99,0.7,0.25,0.2,100,100,1.7,1.23,0.47,0.47,0.22089999999999999,integer_method,NA,1,int=1
simulated_Ghana_pop_062,naive_coi_paramset5,Ghana,99,0.7,0.25,0.2,100,100,1.56,1.23,0.33000000000000007,0.33000000000000007,0.10890000000000005,integer_method,NA,2,int=2
simulated_Ghana_pop_062,naive_coi_paramset6,Ghana,99,0.7,0.25,0.2,100,100,1.4,1.23,0.16999999999999993,0.16999999999999993,0.028899999999999974,integer_method,NA,5,int=5
simulated_Ghana_pop_063,naive_coi_paramset1,Ghana,99,0.2,0.5,0.5,100,100,2.02,3.65,-1.63,1.63,2.6569,quantile_method,0.1,NA,q=0.100
simulated_Ghana_pop_063,naive_coi_paramset2,Ghana,99,0.2,0.5,0.5,100,100,2.66,3.65,-0.9899999999999998,0.9899999999999998,0.9800999999999995,quantile_method,0.05,NA,q=0.050
simulated_Ghana_pop_063,naive_coi_paramset3,Ghana,99,0.2,0.5,0.5,100,100,3.17,3.65,-0.48,0.48,0.2304,quantile_method,0.025,NA,q=0.025
simulated_Ghana_pop_063,naive_coi_paramset4,Ghana,99,0.2,0.5,0.5,100,100,4.73,3.65,1.0800000000000005,1.0800000000000005,1.1664000000000012,integer_method,NA,1,int=1
simulated_Ghana_pop_063,naive_coi_paramset5,Ghana,99,0.2,0.5,0.5,100,100,4.1,3.65,0.44999999999999973,0.44999999999999973,0.20249999999999976,integer_method,NA,2,int=2
simulated_Ghana_pop_063,naive_coi_paramset6,Ghana,99,0.2,0.5,0.5,100,100,3.22,3.65,-0.4299999999999997,0.4299999999999997,0.18489999999999976,integer_method,NA,5,int=5
simulated_Ghana_pop_064,naive_coi_paramset1,Ghana,99,0.2,0.5,0.2,100,100,1.89,3.04,-1.1500000000000001,1.1500000000000001,1.3225000000000002,quantile_method,0.1,NA,q=0.100
simulated_Ghana_pop_064,naive_coi_paramset2,Ghana,99,0.2,0.5,0.2,100,100,2.39,3.04,-0.6499999999999999,0.6499999999999999,0.4224999999999999,quantile_method,0.05,NA,q=0.050
simulated_Ghana_pop_064,naive_coi_paramset3,Ghana,99,0.2,0.5,0.2,100,100,2.75,3.04,-0.29000000000000004,0.29000000000000004,0.08410000000000002,quantile_method,0.025,NA,q=0.025
simulated_Ghana_pop_064,naive_coi_paramset4,Ghana,99,0.2,0.5,0.2,100,100,4.02,3.04,0.9799999999999995,0.9799999999999995,0.9603999999999991,integer_method,NA,1,int=1
simulated_Ghana_pop_064,naive_coi_paramset5,Ghana,99,0.2,0.5,0.2,100,100,3.43,3.04,0.3900000000000001,0.3900000000000001,0.1521000000000001,integer_method,NA,2,int=2
simulated_Ghana_pop_064,naive_coi_paramset6,Ghana,99,0.2,0.5,0.2,100,100,2.9,3.04,-0.14000000000000012,0.14000000000000012,0.019600000000000034,integer_method,NA,5,int=5
simulated_Ghana_pop_065,naive_coi_paramset1,Ghana,9,0.7,0.25,0.5,100,100,1.13,1.18,-0.050000000000000044,0.050000000000000044,0.0025000000000000044,quantile_method,0.1,NA,q=0.100
simulated_Ghana_pop_065,naive_coi_paramset2,Ghana,9,0.7,0.25,0.5,100,100,1.19,1.18,0.010000000000000009,0.010000000000000009,1.0000000000000018e-4,quantile_method,0.05,NA,q=0.050
simulated_Ghana_pop_065,naive_coi_paramset3,Ghana,9,0.7,0.25,0.5,100,100,1.28,1.18,0.10000000000000009,0.10000000000000009,0.010000000000000018,quantile_method,0.025,NA,q=0.025
simulated_Ghana_pop_065,naive_coi_paramset4,Ghana,9,0.7,0.25,0.5,100,100,1.46,1.18,0.28,0.28,0.07840000000000001,integer_method,NA,1,int=1
simulated_Ghana_pop_065,naive_coi_paramset5,Ghana,9,0.7,0.25,0.5,100,100,1.36,1.18,0.18000000000000016,0.18000000000000016,0.03240000000000006,integer_method,NA,2,int=2
simulated_Ghana_pop_065,naive_coi_paramset6,Ghana,9,0.7,0.25,0.5,100,100,1.26,1.18,0.08000000000000007,0.08000000000000007,0.006400000000000012,integer_method,NA,5,int=5
simulated_Ghana_pop_066,naive_coi_paramset1,Ghana,9,0.7,0.25,0.2,100,100,1.21,1.28,-0.07000000000000006,0.07000000000000006,0.0049000000000000085,quantile_method,0.1,NA,q=0.100
simulated_Ghana_pop_066,naive_coi_paramset2,Ghana,9,0.7,0.25,0.2,100,100,1.27,1.28,-0.010000000000000009,0.010000000000000009,1.0000000000000018e-4,quantile_method,0.05,NA,q=0.050
simulated_Ghana_pop_066,naive_coi_paramset3,Ghana,9,0.7,0.25,0.2,100,100,1.4,1.28,0.11999999999999988,0.11999999999999988,0.014399999999999972,quantile_method,0.025,NA,q=0.025
simulated_Ghana_pop_066,naive_coi_paramset4,Ghana,9,0.7,0.25,0.2,100,100,1.64,1.28,0.3599999999999999,0.3599999999999999,0.1295999999999999,integer_method,NA,1,int=1
simulated_Ghana_pop_066,naive_coi_paramset5,Ghana,9,0.7,0.25,0.2,100,100,1.52,1.28,0.24,0.24,0.0576,integer_method,NA,2,int=2
simulated_Ghana_pop_066,naive_coi_paramset6,Ghana,9,0.7,0.25,0.2,100,100,1.37,1.28,0.09000000000000008,0.09000000000000008,0.008100000000000015,integer_method,NA,5,int=5
simulated_Ghana_pop_067,naive_coi_paramset1,Ghana,9,0.2,0.5,0.5,100,100,1.8,3.48,-1.68,1.68,2.8223999999999996,quantile_method,0.1,NA,q=0.100
simulated_Ghana_pop_067,naive_coi_paramset2,Ghana,9,0.2,0.5,0.5,100,100,2.14,3.48,-1.3399999999999999,1.3399999999999999,1.7955999999999996,quantile_method,0.05,NA,q=0.050
simulated_Ghana_pop_067,naive_coi_paramset3,Ghana,9,0.2,0.5,0.5,100,100,2.54,3.48,-0.94,0.94,0.8835999999999999,quantile_method,0.025,NA,q=0.025
simulated_Ghana_pop_067,naive_coi_paramset4,Ghana,9,0.2,0.5,0.5,100,100,3.36,3.48,-0.1200000000000001,0.1200000000000001,0.014400000000000026,integer_method,NA,1,int=1
simulated_Ghana_pop_067,naive_coi_paramset5,Ghana,9,0.2,0.5,0.5,100,100,3.03,3.48,-0.4500000000000002,0.4500000000000002,0.20250000000000015,integer_method,NA,2,int=2
simulated_Ghana_pop_067,naive_coi_paramset6,Ghana,9,0.2,0.5,0.5,100,100,2.53,3.48,-0.9500000000000002,0.9500000000000002,0.9025000000000003,integer_method,NA,5,int=5
simulated_Ghana_pop_068,naive_coi_paramset1,Ghana,9,0.2,0.5,0.2,100,100,1.79,2.96,-1.17,1.17,1.3688999999999998,quantile_method,0.1,NA,q=0.100
simulated_Ghana_pop_068,naive_coi_paramset2,Ghana,9,0.2,0.5,0.2,100,100,2.27,2.96,-0.69,0.69,0.4760999999999999,quantile_method,0.05,NA,q=0.050
simulated_Ghana_pop_068,naive_coi_paramset3,Ghana,9,0.2,0.5,0.2,100,100,2.69,2.96,-0.27,0.27,0.0729,quantile_method,0.025,NA,q=0.025
simulated_Ghana_pop_068,naive_coi_paramset4,Ghana,9,0.2,0.5,0.2,100,100,3.55,2.96,0.5899999999999999,0.5899999999999999,0.34809999999999985,integer_method,NA,1,int=1
simulated_Ghana_pop_068,naive_coi_paramset5,Ghana,9,0.2,0.5,0.2,100,100,3.14,2.96,0.18000000000000016,0.18000000000000016,0.03240000000000006,integer_method,NA,2,int=2
simulated_Ghana_pop_068,naive_coi_paramset6,Ghana,9,0.2,0.5,0.2,100,100,2.6,2.96,-0.3599999999999999,0.3599999999999999,0.1295999999999999,integer_method,NA,5,int=5
simulated_Ghana_pop_069,naive_coi_paramset1,Ghana,2.33,0.7,0.25,0.5,100,100,1.2,1.25,-0.050000000000000044,0.050000000000000044,0.0025000000000000044,quantile_method,0.1,NA,q=0.100
simulated_Ghana_pop_069,naive_coi_paramset2,Ghana,2.33,0.7,0.25,0.5,100,100,1.21,1.25,-0.040000000000000036,0.040000000000000036,0.001600000000000003,quantile_method,0.05,NA,q=0.050
simulated_Ghana_pop_069,naive_coi_paramset3,Ghana,2.33,0.7,0.25,0.5,100,100,1.27,1.25,0.020000000000000018,0.020000000000000018,4.000000000000007e-4,quantile_method,0.025,NA,q=0.025
simulated_Ghana_pop_069,naive_coi_paramset4,Ghana,2.33,0.7,0.25,0.5,100,100,1.63,1.25,0.3799999999999999,0.3799999999999999,0.14439999999999992,integer_method,NA,1,int=1
simulated_Ghana_pop_069,naive_coi_paramset5,Ghana,2.33,0.7,0.25,0.5,100,100,1.36,1.25,0.1100000000000001,0.1100000000000001,0.012100000000000022,integer_method,NA,2,int=2
simulated_Ghana_pop_069,naive_coi_paramset6,Ghana,2.33,0.7,0.25,0.5,100,100,1.24,1.25,-0.010000000000000009,0.010000000000000009,1.0000000000000018e-4,integer_method,NA,5,int=5
simulated_Ghana_pop_070,naive_coi_paramset1,Ghana,2.33,0.7,0.25,0.2,100,100,1.21,1.27,-0.06000000000000005,0.06000000000000005,0.0036000000000000064,quantile_method,0.1,NA,q=0.100
simulated_Ghana_pop_070,naive_coi_paramset2,Ghana,2.33,0.7,0.25,0.2,100,100,1.21,1.27,-0.06000000000000005,0.06000000000000005,0.0036000000000000064,quantile_method,0.05,NA,q=0.050
simulated_Ghana_pop_070,naive_coi_paramset3,Ghana,2.33,0.7,0.25,0.2,100,100,1.31,1.27,0.040000000000000036,0.040000000000000036,0.001600000000000003,quantile_method,0.025,NA,q=0.025
simulated_Ghana_pop_070,naive_coi_paramset4,Ghana,2.33,0.7,0.25,0.2,100,100,1.44,1.27,0.16999999999999993,0.16999999999999993,0.028899999999999974,integer_method,NA,1,int=1
simulated_Ghana_pop_070,naive_coi_paramset5,Ghana,2.33,0.7,0.25,0.2,100,100,1.37,1.27,0.10000000000000009,0.10000000000000009,0.010000000000000018,integer_method,NA,2,int=2
simulated_Ghana_pop_070,naive_coi_paramset6,Ghana,2.33,0.7,0.25,0.2,100,100,1.26,1.27,-0.010000000000000009,0.010000000000000009,1.0000000000000018e-4,integer_method,NA,5,int=5
simulated_Ghana_pop_071,naive_coi_paramset1,Ghana,2.33,0.2,0.5,0.5,100,100,1.98,3.97,-1.9900000000000002,1.9900000000000002,3.960100000000001,quantile_method,0.1,NA,q=0.100
simulated_Ghana_pop_071,naive_coi_paramset2,Ghana,2.33,0.2,0.5,0.5,100,100,2.38,3.97,-1.5900000000000003,1.5900000000000003,2.528100000000001,quantile_method,0.05,NA,q=0.050
simulated_Ghana_pop_071,naive_coi_paramset3,Ghana,2.33,0.2,0.5,0.5,100,100,2.86,3.97,-1.1100000000000003,1.1100000000000003,1.2321000000000006,quantile_method,0.025,NA,q=0.025
simulated_Ghana_pop_071,naive_coi_paramset4,Ghana,2.33,0.2,0.5,0.5,100,100,3.69,3.97,-0.28000000000000025,0.28000000000000025,0.07840000000000014,integer_method,NA,1,int=1
simulated_Ghana_pop_071,naive_coi_paramset5,Ghana,2.33,0.2,0.5,0.5,100,100,3.24,3.97,-0.73,0.73,0.5328999999999999,integer_method,NA,2,int=2
simulated_Ghana_pop_071,naive_coi_paramset6,Ghana,2.33,0.2,0.5,0.5,100,100,2.81,3.97,-1.1600000000000001,1.1600000000000001,1.3456000000000004,integer_method,NA,5,int=5
simulated_Ghana_pop_072,naive_coi_paramset1,Ghana,2.33,0.2,0.5,0.2,100,100,1.8,3.54,-1.74,1.74,3.0276,quantile_method,0.1,NA,q=0.100
simulated_Ghana_pop_072,naive_coi_paramset2,Ghana,2.33,0.2,0.5,0.2,100,100,2.13,3.54,-1.4100000000000001,1.4100000000000001,1.9881000000000004,quantile_method,0.05,NA,q=0.050
simulated_Ghana_pop_072,naive_coi_paramset3,Ghana,2.33,0.2,0.5,0.2,100,100,2.54,3.54,-1,1,1,quantile_method,0.025,NA,q=0.025
simulated_Ghana_pop_072,naive_coi_paramset4,Ghana,2.33,0.2,0.5,0.2,100,100,3.29,3.54,-0.25,0.25,0.0625,integer_method,NA,1,int=1
simulated_Ghana_pop_072,naive_coi_paramset5,Ghana,2.33,0.2,0.5,0.2,100,100,2.95,3.54,-0.5899999999999999,0.5899999999999999,0.34809999999999985,integer_method,NA,2,int=2
simulated_Ghana_pop_072,naive_coi_paramset6,Ghana,2.33,0.2,0.5,0.2,100,100,2.51,3.54,-1.0300000000000002,1.0300000000000002,1.0609000000000006,integer_method,NA,5,int=5
simulated_Ghana_pop_073,naive_coi_paramset1,Ghana,99,0.7,0.25,0.5,100,100,1.17,1.2,-0.030000000000000027,0.030000000000000027,9.000000000000016e-4,quantile_method,0.1,NA,q=0.100
simulated_Ghana_pop_073,naive_coi_paramset2,Ghana,99,0.7,0.25,0.5,100,100,1.23,1.2,0.030000000000000027,0.030000000000000027,9.000000000000016e-4,quantile_method,0.05,NA,q=0.050
simulated_Ghana_pop_073,naive_coi_paramset3,Ghana,99,0.7,0.25,0.5,100,100,1.4,1.2,0.19999999999999996,0.19999999999999996,0.03999999999999998,quantile_method,0.025,NA,q=0.025
simulated_Ghana_pop_073,naive_coi_paramset4,Ghana,99,0.7,0.25,0.5,100,100,1.56,1.2,0.3600000000000001,0.3600000000000001,0.12960000000000008,integer_method,NA,1,int=1
simulated_Ghana_pop_073,naive_coi_paramset5,Ghana,99,0.7,0.25,0.5,100,100,1.48,1.2,0.28,0.28,0.07840000000000001,integer_method,NA,2,int=2
simulated_Ghana_pop_073,naive_coi_paramset6,Ghana,99,0.7,0.25,0.5,100,100,1.38,1.2,0.17999999999999994,0.17999999999999994,0.03239999999999998,integer_method,NA,5,int=5
simulated_Ghana_pop_074,naive_coi_paramset1,Ghana,99,0.7,0.25,0.2,100,100,1.23,1.32,-0.09000000000000008,0.09000000000000008,0.008100000000000015,quantile_method,0.1,NA,q=0.100
simulated_Ghana_pop_074,naive_coi_paramset2,Ghana,99,0.7,0.25,0.2,100,100,1.41,1.32,0.08999999999999986,0.08999999999999986,0.008099999999999975,quantile_method,0.05,NA,q=0.050
simulated_Ghana_pop_074,naive_coi_paramset3,Ghana,99,0.7,0.25,0.2,100,100,1.6,1.32,0.28,0.28,0.07840000000000001,quantile_method,0.025,NA,q=0.025
simulated_Ghana_pop_074,naive_coi_paramset4,Ghana,99,0.7,0.25,0.2,100,100,1.79,1.32,0.47,0.47,0.22089999999999999,integer_method,NA,1,int=1
simulated_Ghana_pop_074,naive_coi_paramset5,Ghana,99,0.7,0.25,0.2,100,100,1.67,1.32,0.34999999999999987,0.34999999999999987,0.1224999999999999,integer_method,NA,2,int=2
simulated_Ghana_pop_074,naive_coi_paramset6,Ghana,99,0.7,0.25,0.2,100,100,1.58,1.32,0.26,0.26,0.06760000000000001,integer_method,NA,5,int=5
simulated_Ghana_pop_075,naive_coi_paramset1,Ghana,99,0.2,0.5,0.5,100,100,2.12,4.05,-1.9299999999999997,1.9299999999999997,3.724899999999999,quantile_method,0.1,NA,q=0.100
simulated_Ghana_pop_075,naive_coi_paramset2,Ghana,99,0.2,0.5,0.5,100,100,2.86,4.05,-1.19,1.19,1.4161,quantile_method,0.05,NA,q=0.050
simulated_Ghana_pop_075,naive_coi_paramset3,Ghana,99,0.2,0.5,0.5,100,100,3.34,4.05,-0.71,0.71,0.5041,quantile_method,0.025,NA,q=0.025
simulated_Ghana_pop_075,naive_coi_paramset4,Ghana,99,0.2,0.5,0.5,100,100,5.04,4.05,0.9900000000000002,0.9900000000000002,0.9801000000000004,integer_method,NA,1,int=1
simulated_Ghana_pop_075,naive_coi_paramset5,Ghana,99,0.2,0.5,0.5,100,100,4.31,4.05,0.2599999999999998,0.2599999999999998,0.06759999999999988,integer_method,NA,2,int=2
simulated_Ghana_pop_075,naive_coi_paramset6,Ghana,99,0.2,0.5,0.5,100,100,3.46,4.05,-0.5899999999999999,0.5899999999999999,0.34809999999999985,integer_method,NA,5,int=5
simulated_Ghana_pop_076,naive_coi_paramset1,Ghana,99,0.2,0.5,0.2,100,100,1.93,3.17,-1.24,1.24,1.5376,quantile_method,0.1,NA,q=0.100
simulated_Ghana_pop_076,naive_coi_paramset2,Ghana,99,0.2,0.5,0.2,100,100,2.5,3.17,-0.6699999999999999,0.6699999999999999,0.4488999999999999,quantile_method,0.05,NA,q=0.050
simulated_Ghana_pop_076,naive_coi_paramset3,Ghana,99,0.2,0.5,0.2,100,100,2.84,3.17,-0.33000000000000007,0.33000000000000007,0.10890000000000005,quantile_method,0.025,NA,q=0.025
simulated_Ghana_pop_076,naive_coi_paramset4,Ghana,99,0.2,0.5,0.2,100,100,4.07,3.17,0.9000000000000004,0.9000000000000004,0.8100000000000006,integer_method,NA,1,int=1
simulated_Ghana_pop_076,naive_coi_paramset5,Ghana,99,0.2,0.5,0.2,100,100,3.51,3.17,0.33999999999999986,0.33999999999999986,0.1155999999999999,integer_method,NA,2,int=2
simulated_Ghana_pop_076,naive_coi_paramset6,Ghana,99,0.2,0.5,0.2,100,100,2.92,3.17,-0.25,0.25,0.0625,integer_method,NA,5,int=5
simulated_Ghana_pop_077,naive_coi_paramset1,Ghana,9,0.7,0.25,0.5,100,100,1.23,1.28,-0.050000000000000044,0.050000000000000044,0.0025000000000000044,quantile_method,0.1,NA,q=0.100
simulated_Ghana_pop_077,naive_coi_paramset2,Ghana,9,0.7,0.25,0.5,100,100,1.35,1.28,0.07000000000000006,0.07000000000000006,0.0049000000000000085,quantile_method,0.05,NA,q=0.050
simulated_Ghana_pop_077,naive_coi_paramset3,Ghana,9,0.7,0.25,0.5,100,100,1.47,1.28,0.18999999999999995,0.18999999999999995,0.03609999999999998,quantile_method,0.025,NA,q=0.025
simulated_Ghana_pop_077,naive_coi_paramset4,Ghana,9,0.7,0.25,0.5,100,100,1.68,1.28,0.3999999999999999,0.3999999999999999,0.15999999999999992,integer_method,NA,1,int=1
simulated_Ghana_pop_077,naive_coi_paramset5,Ghana,9,0.7,0.25,0.5,100,100,1.59,1.28,0.31000000000000005,0.31000000000000005,0.09610000000000003,integer_method,NA,2,int=2
simulated_Ghana_pop_077,naive_coi_paramset6,Ghana,9,0.7,0.25,0.5,100,100,1.46,1.28,0.17999999999999994,0.17999999999999994,0.03239999999999998,integer_method,NA,5,int=5
simulated_Ghana_pop_078,naive_coi_paramset1,Ghana,9,0.7,0.25,0.2,100,100,1.21,1.24,-0.030000000000000027,0.030000000000000027,9.000000000000016e-4,quantile_method,0.1,NA,q=0.100
simulated_Ghana_pop_078,naive_coi_paramset2,Ghana,9,0.7,0.25,0.2,100,100,1.29,1.24,0.050000000000000044,0.050000000000000044,0.0025000000000000044,quantile_method,0.05,NA,q=0.050
simulated_Ghana_pop_078,naive_coi_paramset3,Ghana,9,0.7,0.25,0.2,100,100,1.41,1.24,0.16999999999999993,0.16999999999999993,0.028899999999999974,quantile_method,0.025,NA,q=0.025
simulated_Ghana_pop_078,naive_coi_paramset4,Ghana,9,0.7,0.25,0.2,100,100,1.65,1.24,0.4099999999999999,0.4099999999999999,0.16809999999999994,integer_method,NA,1,int=1
simulated_Ghana_pop_078,naive_coi_paramset5,Ghana,9,0.7,0.25,0.2,100,100,1.54,1.24,0.30000000000000004,0.30000000000000004,0.09000000000000002,integer_method,NA,2,int=2
simulated_Ghana_pop_078,naive_coi_paramset6,Ghana,9,0.7,0.25,0.2,100,100,1.39,1.24,0.1499999999999999,0.1499999999999999,0.022499999999999975,integer_method,NA,5,int=5
simulated_Ghana_pop_079,naive_coi_paramset1,Ghana,9,0.2,0.5,0.5,100,100,1.81,2.99,-1.1800000000000002,1.1800000000000002,1.3924000000000003,quantile_method,0.1,NA,q=0.100
simulated_Ghana_pop_079,naive_coi_paramset2,Ghana,9,0.2,0.5,0.5,100,100,2.19,2.99,-0.8000000000000003,0.8000000000000003,0.6400000000000005,quantile_method,0.05,NA,q=0.050
simulated_Ghana_pop_079,naive_coi_paramset3,Ghana,9,0.2,0.5,0.5,100,100,2.48,2.99,-0.5100000000000002,0.5100000000000002,0.2601000000000002,quantile_method,0.025,NA,q=0.025
simulated_Ghana_pop_079,naive_coi_paramset4,Ghana,9,0.2,0.5,0.5,100,100,3.18,2.99,0.18999999999999995,0.18999999999999995,0.03609999999999998,integer_method,NA,1,int=1
simulated_Ghana_pop_079,naive_coi_paramset5,Ghana,9,0.2,0.5,0.5,100,100,2.96,2.99,-0.03000000000000025,0.03000000000000025,9.000000000000149e-4,integer_method,NA,2,int=2
simulated_Ghana_pop_079,naive_coi_paramset6,Ghana,9,0.2,0.5,0.5,100,100,2.48,2.99,-0.5100000000000002,0.5100000000000002,0.2601000000000002,integer_method,NA,5,int=5
simulated_Ghana_pop_080,naive_coi_paramset1,Ghana,9,0.2,0.5,0.2,100,100,1.65,2.78,-1.13,1.13,1.2768999999999997,quantile_method,0.1,NA,q=0.100
simulated_Ghana_pop_080,naive_coi_paramset2,Ghana,9,0.2,0.5,0.2,100,100,2.04,2.78,-0.7399999999999998,0.7399999999999998,0.5475999999999996,quantile_method,0.05,NA,q=0.050
simulated_Ghana_pop_080,naive_coi_paramset3,Ghana,9,0.2,0.5,0.2,100,100,2.31,2.78,-0.46999999999999975,0.46999999999999975,0.22089999999999976,quantile_method,0.025,NA,q=0.025
simulated_Ghana_pop_080,naive_coi_paramset4,Ghana,9,0.2,0.5,0.2,100,100,3.03,2.78,0.25,0.25,0.0625,integer_method,NA,1,int=1
simulated_Ghana_pop_080,naive_coi_paramset5,Ghana,9,0.2,0.5,0.2,100,100,2.69,2.78,-0.08999999999999986,0.08999999999999986,0.008099999999999975,integer_method,NA,2,int=2
simulated_Ghana_pop_080,naive_coi_paramset6,Ghana,9,0.2,0.5,0.2,100,100,2.29,2.78,-0.48999999999999977,0.48999999999999977,0.24009999999999979,integer_method,NA,5,int=5
simulated_Ghana_pop_081,naive_coi_paramset1,Ghana,2.33,0.7,0.25,0.5,100,100,1.22,1.25,-0.030000000000000027,0.030000000000000027,9.000000000000016e-4,quantile_method,0.1,NA,q=0.100
simulated_Ghana_pop_081,naive_coi_paramset2,Ghana,2.33,0.7,0.25,0.5,100,100,1.22,1.25,-0.030000000000000027,0.030000000000000027,9.000000000000016e-4,quantile_method,0.05,NA,q=0.050
simulated_Ghana_pop_081,naive_coi_paramset3,Ghana,2.33,0.7,0.25,0.5,100,100,1.39,1.25,0.1399999999999999,0.1399999999999999,0.01959999999999997,quantile_method,0.025,NA,q=0.025
simulated_Ghana_pop_081,naive_coi_paramset4,Ghana,2.33,0.7,0.25,0.5,100,100,1.62,1.25,0.3700000000000001,0.3700000000000001,0.13690000000000008,integer_method,NA,1,int=1
simulated_Ghana_pop_081,naive_coi_paramset5,Ghana,2.33,0.7,0.25,0.5,100,100,1.47,1.25,0.21999999999999997,0.21999999999999997,0.04839999999999999,integer_method,NA,2,int=2
simulated_Ghana_pop_081,naive_coi_paramset6,Ghana,2.33,0.7,0.25,0.5,100,100,1.36,1.25,0.1100000000000001,0.1100000000000001,0.012100000000000022,integer_method,NA,5,int=5
simulated_Ghana_pop_082,naive_coi_paramset1,Ghana,2.33,0.7,0.25,0.2,100,100,1.14,1.21,-0.07000000000000006,0.07000000000000006,0.0049000000000000085,quantile_method,0.1,NA,q=0.100
simulated_Ghana_pop_082,naive_coi_paramset2,Ghana,2.33,0.7,0.25,0.2,100,100,1.19,1.21,-0.020000000000000018,0.020000000000000018,4.000000000000007e-4,quantile_method,0.05,NA,q=0.050
simulated_Ghana_pop_082,naive_coi_paramset3,Ghana,2.33,0.7,0.25,0.2,100,100,1.26,1.21,0.050000000000000044,0.050000000000000044,0.0025000000000000044,quantile_method,0.025,NA,q=0.025
simulated_Ghana_pop_082,naive_coi_paramset4,Ghana,2.33,0.7,0.25,0.2,100,100,1.39,1.21,0.17999999999999994,0.17999999999999994,0.03239999999999998,integer_method,NA,1,int=1
simulated_Ghana_pop_082,naive_coi_paramset5,Ghana,2.33,0.7,0.25,0.2,100,100,1.32,1.21,0.1100000000000001,0.1100000000000001,0.012100000000000022,integer_method,NA,2,int=2
simulated_Ghana_pop_082,naive_coi_paramset6,Ghana,2.33,0.7,0.25,0.2,100,100,1.24,1.21,0.030000000000000027,0.030000000000000027,9.000000000000016e-4,integer_method,NA,5,int=5
simulated_Ghana_pop_083,naive_coi_paramset1,Ghana,2.33,0.2,0.5,0.5,100,100,1.69,3.16,-1.4700000000000002,1.4700000000000002,2.1609000000000007,quantile_method,0.1,NA,q=0.100
simulated_Ghana_pop_083,naive_coi_paramset2,Ghana,2.33,0.2,0.5,0.5,100,100,2.04,3.16,-1.12,1.12,1.2544000000000002,quantile_method,0.05,NA,q=0.050
simulated_Ghana_pop_083,naive_coi_paramset3,Ghana,2.33,0.2,0.5,0.5,100,100,2.4,3.16,-0.7600000000000002,0.7600000000000002,0.5776000000000003,quantile_method,0.025,NA,q=0.025
simulated_Ghana_pop_083,naive_coi_paramset4,Ghana,2.33,0.2,0.5,0.5,100,100,3.26,3.16,0.09999999999999964,0.09999999999999964,0.009999999999999929,integer_method,NA,1,int=1
simulated_Ghana_pop_083,naive_coi_paramset5,Ghana,2.33,0.2,0.5,0.5,100,100,2.91,3.16,-0.25,0.25,0.0625,integer_method,NA,2,int=2
simulated_Ghana_pop_083,naive_coi_paramset6,Ghana,2.33,0.2,0.5,0.5,100,100,2.41,3.16,-0.75,0.75,0.5625,integer_method,NA,5,int=5
simulated_Ghana_pop_084,naive_coi_paramset1,Ghana,2.33,0.2,0.5,0.2,100,100,1.63,3.42,-1.79,1.79,3.2041,quantile_method,0.1,NA,q=0.100
simulated_Ghana_pop_084,naive_coi_paramset2,Ghana,2.33,0.2,0.5,0.2,100,100,1.95,3.42,-1.47,1.47,2.1609,quantile_method,0.05,NA,q=0.050
simulated_Ghana_pop_084,naive_coi_paramset3,Ghana,2.33,0.2,0.5,0.2,100,100,2.23,3.42,-1.19,1.19,1.4161,quantile_method,0.025,NA,q=0.025
simulated_Ghana_pop_084,naive_coi_paramset4,Ghana,2.33,0.2,0.5,0.2,100,100,2.95,3.42,-0.46999999999999975,0.46999999999999975,0.22089999999999976,integer_method,NA,1,int=1
simulated_Ghana_pop_084,naive_coi_paramset5,Ghana,2.33,0.2,0.5,0.2,100,100,2.63,3.42,-0.79,0.79,0.6241000000000001,integer_method,NA,2,int=2
simulated_Ghana_pop_084,naive_coi_paramset6,Ghana,2.33,0.2,0.5,0.2,100,100,2.19,3.42,-1.23,1.23,1.5129,integer_method,NA,5,int=5
simulated_Ghana_pop_085,naive_coi_paramset1,Ghana,99,0.7,0.25,0.5,100,100,1.29,1.37,-0.08000000000000007,0.08000000000000007,0.006400000000000012,quantile_method,0.1,NA,q=0.100
simulated_Ghana_pop_085,naive_coi_paramset2,Ghana,99,0.7,0.25,0.5,100,100,1.47,1.37,0.09999999999999987,0.09999999999999987,0.009999999999999974,quantile_method,0.05,NA,q=0.050
simulated_Ghana_pop_085,naive_coi_paramset3,Ghana,99,0.7,0.25,0.5,100,100,1.72,1.37,0.34999999999999987,0.34999999999999987,0.1224999999999999,quantile_method,0.025,NA,q=0.025
simulated_Ghana_pop_085,naive_coi_paramset4,Ghana,99,0.7,0.25,0.5,100,100,2.09,1.37,0.7199999999999998,0.7199999999999998,0.5183999999999996,integer_method,NA,1,int=1
simulated_Ghana_pop_085,naive_coi_paramset5,Ghana,99,0.7,0.25,0.5,100,100,1.88,1.37,0.5099999999999998,0.5099999999999998,0.2600999999999998,integer_method,NA,2,int=2
simulated_Ghana_pop_085,naive_coi_paramset6,Ghana,99,0.7,0.25,0.5,100,100,1.68,1.37,0.30999999999999983,0.30999999999999983,0.0960999999999999,integer_method,NA,5,int=5
simulated_Ghana_pop_086,naive_coi_paramset1,Ghana,99,0.7,0.25,0.2,100,100,1.13,1.13,0,0,0,quantile_method,0.1,NA,q=0.100
simulated_Ghana_pop_086,naive_coi_paramset2,Ghana,99,0.7,0.25,0.2,100,100,1.21,1.13,0.08000000000000007,0.08000000000000007,0.006400000000000012,quantile_method,0.05,NA,q=0.050
simulated_Ghana_pop_086,naive_coi_paramset3,Ghana,99,0.7,0.25,0.2,100,100,1.3,1.13,0.17000000000000015,0.17000000000000015,0.02890000000000005,quantile_method,0.025,NA,q=0.025
simulated_Ghana_pop_086,naive_coi_paramset4,Ghana,99,0.7,0.25,0.2,100,100,1.48,1.13,0.3500000000000001,0.3500000000000001,0.12250000000000007,integer_method,NA,1,int=1
simulated_Ghana_pop_086,naive_coi_paramset5,Ghana,99,0.7,0.25,0.2,100,100,1.37,1.13,0.2400000000000002,0.2400000000000002,0.0576000000000001,integer_method,NA,2,int=2
simulated_Ghana_pop_086,naive_coi_paramset6,Ghana,99,0.7,0.25,0.2,100,100,1.27,1.13,0.14000000000000012,0.14000000000000012,0.019600000000000034,integer_method,NA,5,int=5
simulated_Ghana_pop_087,naive_coi_paramset1,Ghana,99,0.2,0.5,0.5,100,100,1.94,3.46,-1.52,1.52,2.3104,quantile_method,0.1,NA,q=0.100
simulated_Ghana_pop_087,naive_coi_paramset2,Ghana,99,0.2,0.5,0.5,100,100,2.52,3.46,-0.94,0.94,0.8835999999999999,quantile_method,0.05,NA,q=0.050
simulated_Ghana_pop_087,naive_coi_paramset3,Ghana,99,0.2,0.5,0.5,100,100,2.98,3.46,-0.48,0.48,0.2304,quantile_method,0.025,NA,q=0.025
simulated_Ghana_pop_087,naive_coi_paramset4,Ghana,99,0.2,0.5,0.5,100,100,4.86,3.46,1.4000000000000004,1.4000000000000004,1.960000000000001,integer_method,NA,1,int=1
simulated_Ghana_pop_087,naive_coi_paramset5,Ghana,99,0.2,0.5,0.5,100,100,3.83,3.46,0.3700000000000001,0.3700000000000001,0.13690000000000008,integer_method,NA,2,int=2
simulated_Ghana_pop_087,naive_coi_paramset6,Ghana,99,0.2,0.5,0.5,100,100,3.05,3.46,-0.41000000000000014,0.41000000000000014,0.1681000000000001,integer_method,NA,5,int=5
simulated_Ghana_pop_088,naive_coi_paramset1,Ghana,99,0.2,0.5,0.2,100,100,2,3.34,-1.3399999999999999,1.3399999999999999,1.7955999999999996,quantile_method,0.1,NA,q=0.100
simulated_Ghana_pop_088,naive_coi_paramset2,Ghana,99,0.2,0.5,0.2,100,100,2.62,3.34,-0.7199999999999998,0.7199999999999998,0.5183999999999996,quantile_method,0.05,NA,q=0.050
simulated_Ghana_pop_088,naive_coi_paramset3,Ghana,99,0.2,0.5,0.2,100,100,2.99,3.34,-0.34999999999999964,0.34999999999999964,0.12249999999999975,quantile_method,0.025,NA,q=0.025
simulated_Ghana_pop_088,naive_coi_paramset4,Ghana,99,0.2,0.5,0.2,100,100,4.31,3.34,0.9699999999999998,0.9699999999999998,0.9408999999999995,integer_method,NA,1,int=1
simulated_Ghana_pop_088,naive_coi_paramset5,Ghana,99,0.2,0.5,0.2,100,100,3.62,3.34,0.28000000000000025,0.28000000000000025,0.07840000000000014,integer_method,NA,2,int=2
simulated_Ghana_pop_088,naive_coi_paramset6,Ghana,99,0.2,0.5,0.2,100,100,3.12,3.34,-0.21999999999999975,0.21999999999999975,0.04839999999999989,integer_method,NA,5,int=5
simulated_Ghana_pop_089,naive_coi_paramset1,Ghana,9,0.7,0.25,0.5,100,100,1.23,1.27,-0.040000000000000036,0.040000000000000036,0.001600000000000003,quantile_method,0.1,NA,q=0.100
simulated_Ghana_pop_089,naive_coi_paramset2,Ghana,9,0.7,0.25,0.5,100,100,1.27,1.27,0,0,0,quantile_method,0.05,NA,q=0.050
simulated_Ghana_pop_089,naive_coi_paramset3,Ghana,9,0.7,0.25,0.5,100,100,1.45,1.27,0.17999999999999994,0.17999999999999994,0.03239999999999998,quantile_method,0.025,NA,q=0.025
simulated_Ghana_pop_089,naive_coi_paramset4,Ghana,9,0.7,0.25,0.5,100,100,1.65,1.27,0.3799999999999999,0.3799999999999999,0.14439999999999992,integer_method,NA,1,int=1
simulated_Ghana_pop_089,naive_coi_paramset5,Ghana,9,0.7,0.25,0.5,100,100,1.57,1.27,0.30000000000000004,0.30000000000000004,0.09000000000000002,integer_method,NA,2,int=2
simulated_Ghana_pop_089,naive_coi_paramset6,Ghana,9,0.7,0.25,0.5,100,100,1.37,1.27,0.10000000000000009,0.10000000000000009,0.010000000000000018,integer_method,NA,5,int=5
simulated_Ghana_pop_090,naive_coi_paramset1,Ghana,9,0.7,0.25,0.2,100,100,1.19,1.28,-0.09000000000000008,0.09000000000000008,0.008100000000000015,quantile_method,0.1,NA,q=0.100
simulated_Ghana_pop_090,naive_coi_paramset2,Ghana,9,0.7,0.25,0.2,100,100,1.26,1.28,-0.020000000000000018,0.020000000000000018,4.000000000000007e-4,quantile_method,0.05,NA,q=0.050
simulated_Ghana_pop_090,naive_coi_paramset3,Ghana,9,0.7,0.25,0.2,100,100,1.41,1.28,0.1299999999999999,0.1299999999999999,0.01689999999999997,quantile_method,0.025,NA,q=0.025
simulated_Ghana_pop_090,naive_coi_paramset4,Ghana,9,0.7,0.25,0.2,100,100,1.58,1.28,0.30000000000000004,0.30000000000000004,0.09000000000000002,integer_method,NA,1,int=1
simulated_Ghana_pop_090,naive_coi_paramset5,Ghana,9,0.7,0.25,0.2,100,100,1.49,1.28,0.20999999999999996,0.20999999999999996,0.044099999999999986,integer_method,NA,2,int=2
simulated_Ghana_pop_090,naive_coi_paramset6,Ghana,9,0.7,0.25,0.2,100,100,1.37,1.28,0.09000000000000008,0.09000000000000008,0.008100000000000015,integer_method,NA,5,int=5
simulated_Ghana_pop_091,naive_coi_paramset1,Ghana,9,0.2,0.5,0.5,100,100,1.93,3.87,-1.9400000000000002,1.9400000000000002,3.7636000000000007,quantile_method,0.1,NA,q=0.100
simulated_Ghana_pop_091,naive_coi_paramset2,Ghana,9,0.2,0.5,0.5,100,100,2.48,3.87,-1.3900000000000001,1.3900000000000001,1.9321000000000004,quantile_method,0.05,NA,q=0.050
simulated_Ghana_pop_091,naive_coi_paramset3,Ghana,9,0.2,0.5,0.5,100,100,2.89,3.87,-0.98,0.98,0.9603999999999999,quantile_method,0.025,NA,q=0.025
simulated_Ghana_pop_091,naive_coi_paramset4,Ghana,9,0.2,0.5,0.5,100,100,3.86,3.87,-0.010000000000000231,0.010000000000000231,1.0000000000000461e-4,integer_method,NA,1,int=1
simulated_Ghana_pop_091,naive_coi_paramset5,Ghana,9,0.2,0.5,0.5,100,100,3.49,3.87,-0.3799999999999999,0.3799999999999999,0.14439999999999992,integer_method,NA,2,int=2
simulated_Ghana_pop_091,naive_coi_paramset6,Ghana,9,0.2,0.5,0.5,100,100,2.92,3.87,-0.9500000000000002,0.9500000000000002,0.9025000000000003,integer_method,NA,5,int=5
simulated_Ghana_pop_092,naive_coi_paramset1,Ghana,9,0.2,0.5,0.2,100,100,1.77,2.94,-1.17,1.17,1.3688999999999998,quantile_method,0.1,NA,q=0.100
simulated_Ghana_pop_092,naive_coi_paramset2,Ghana,9,0.2,0.5,0.2,100,100,2.19,2.94,-0.75,0.75,0.5625,quantile_method,0.05,NA,q=0.050
simulated_Ghana_pop_092,naive_coi_paramset3,Ghana,9,0.2,0.5,0.2,100,100,2.6,2.94,-0.33999999999999986,0.33999999999999986,0.1155999999999999,quantile_method,0.025,NA,q=0.025
simulated_Ghana_pop_092,naive_coi_paramset4,Ghana,9,0.2,0.5,0.2,100,100,3.4,2.94,0.45999999999999996,0.45999999999999996,0.21159999999999995,integer_method,NA,1,int=1
simulated_Ghana_pop_092,naive_coi_paramset5,Ghana,9,0.2,0.5,0.2,100,100,2.98,2.94,0.040000000000000036,0.040000000000000036,0.001600000000000003,integer_method,NA,2,int=2
simulated_Ghana_pop_092,naive_coi_paramset6,Ghana,9,0.2,0.5,0.2,100,100,2.59,2.94,-0.3500000000000001,0.3500000000000001,0.12250000000000007,integer_method,NA,5,int=5
simulated_Ghana_pop_093,naive_coi_paramset1,Ghana,2.33,0.7,0.25,0.5,100,100,1.25,1.31,-0.06000000000000005,0.06000000000000005,0.0036000000000000064,quantile_method,0.1,NA,q=0.100
simulated_Ghana_pop_093,naive_coi_paramset2,Ghana,2.33,0.7,0.25,0.5,100,100,1.32,1.31,0.010000000000000009,0.010000000000000009,1.0000000000000018e-4,quantile_method,0.05,NA,q=0.050
simulated_Ghana_pop_093,naive_coi_paramset3,Ghana,2.33,0.7,0.25,0.5,100,100,1.47,1.31,0.15999999999999992,0.15999999999999992,0.025599999999999973,quantile_method,0.025,NA,q=0.025
simulated_Ghana_pop_093,naive_coi_paramset4,Ghana,2.33,0.7,0.25,0.5,100,100,1.76,1.31,0.44999999999999996,0.44999999999999996,0.20249999999999996,integer_method,NA,1,int=1
simulated_Ghana_pop_093,naive_coi_paramset5,Ghana,2.33,0.7,0.25,0.5,100,100,1.64,1.31,0.32999999999999985,0.32999999999999985,0.1088999999999999,integer_method,NA,2,int=2
simulated_Ghana_pop_093,naive_coi_paramset6,Ghana,2.33,0.7,0.25,0.5,100,100,1.45,1.31,0.1399999999999999,0.1399999999999999,0.01959999999999997,integer_method,NA,5,int=5
simulated_Ghana_pop_094,naive_coi_paramset1,Ghana,2.33,0.7,0.25,0.2,100,100,1.19,1.25,-0.06000000000000005,0.06000000000000005,0.0036000000000000064,quantile_method,0.1,NA,q=0.100
simulated_Ghana_pop_094,naive_coi_paramset2,Ghana,2.33,0.7,0.25,0.2,100,100,1.23,1.25,-0.020000000000000018,0.020000000000000018,4.000000000000007e-4,quantile_method,0.05,NA,q=0.050
simulated_Ghana_pop_094,naive_coi_paramset3,Ghana,2.33,0.7,0.25,0.2,100,100,1.31,1.25,0.06000000000000005,0.06000000000000005,0.0036000000000000064,quantile_method,0.025,NA,q=0.025
simulated_Ghana_pop_094,naive_coi_paramset4,Ghana,2.33,0.7,0.25,0.2,100,100,1.5,1.25,0.25,0.25,0.0625,integer_method,NA,1,int=1
simulated_Ghana_pop_094,naive_coi_paramset5,Ghana,2.33,0.7,0.25,0.2,100,100,1.42,1.25,0.16999999999999993,0.16999999999999993,0.028899999999999974,integer_method,NA,2,int=2
simulated_Ghana_pop_094,naive_coi_paramset6,Ghana,2.33,0.7,0.25,0.2,100,100,1.29,1.25,0.040000000000000036,0.040000000000000036,0.001600000000000003,integer_method,NA,5,int=5
simulated_Ghana_pop_095,naive_coi_paramset1,Ghana,2.33,0.2,0.5,0.5,100,100,1.65,3.45,-1.8000000000000003,1.8000000000000003,3.240000000000001,quantile_method,0.1,NA,q=0.100
simulated_Ghana_pop_095,naive_coi_paramset2,Ghana,2.33,0.2,0.5,0.5,100,100,2.1,3.45,-1.35,1.35,1.8225000000000002,quantile_method,0.05,NA,q=0.050
simulated_Ghana_pop_095,naive_coi_paramset3,Ghana,2.33,0.2,0.5,0.5,100,100,2.53,3.45,-0.9200000000000004,0.9200000000000004,0.8464000000000007,quantile_method,0.025,NA,q=0.025
simulated_Ghana_pop_095,naive_coi_paramset4,Ghana,2.33,0.2,0.5,0.5,100,100,3.65,3.45,0.19999999999999973,0.19999999999999973,0.0399999999999999,integer_method,NA,1,int=1
simulated_Ghana_pop_095,naive_coi_paramset5,Ghana,2.33,0.2,0.5,0.5,100,100,3.04,3.45,-0.41000000000000014,0.41000000000000014,0.1681000000000001,integer_method,NA,2,int=2
simulated_Ghana_pop_095,naive_coi_paramset6,Ghana,2.33,0.2,0.5,0.5,100,100,2.51,3.45,-0.9400000000000004,0.9400000000000004,0.8836000000000007,integer_method,NA,5,int=5
simulated_Ghana_pop_096,naive_coi_paramset1,Ghana,2.33,0.2,0.5,0.2,100,100,1.79,3.49,-1.7000000000000002,1.7000000000000002,2.8900000000000006,quantile_method,0.1,NA,q=0.100
simulated_Ghana_pop_096,naive_coi_paramset2,Ghana,2.33,0.2,0.5,0.2,100,100,2.19,3.49,-1.3000000000000003,1.3000000000000003,1.6900000000000006,quantile_method,0.05,NA,q=0.050
simulated_Ghana_pop_096,naive_coi_paramset3,Ghana,2.33,0.2,0.5,0.2,100,100,2.67,3.49,-0.8200000000000003,0.8200000000000003,0.6724000000000004,quantile_method,0.025,NA,q=0.025
simulated_Ghana_pop_096,naive_coi_paramset4,Ghana,2.33,0.2,0.5,0.2,100,100,4.21,3.49,0.7199999999999998,0.7199999999999998,0.5183999999999996,integer_method,NA,1,int=1
simulated_Ghana_pop_096,naive_coi_paramset5,Ghana,2.33,0.2,0.5,0.2,100,100,3.45,3.49,-0.040000000000000036,0.040000000000000036,0.001600000000000003,integer_method,NA,2,int=2
simulated_Ghana_pop_096,naive_coi_paramset6,Ghana,2.33,0.2,0.5,0.2,100,100,2.66,3.49,-0.8300000000000001,0.8300000000000001,0.6889000000000001,integer_method,NA,5,int=5
simulated_Ghana_pop_097,naive_coi_paramset1,Ghana,99,0.7,0.25,0.5,100,100,1.23,1.27,-0.040000000000000036,0.040000000000000036,0.001600000000000003,quantile_method,0.1,NA,q=0.100
simulated_Ghana_pop_097,naive_coi_paramset2,Ghana,99,0.7,0.25,0.5,100,100,1.38,1.27,0.10999999999999988,0.10999999999999988,0.012099999999999972,quantile_method,0.05,NA,q=0.050
simulated_Ghana_pop_097,naive_coi_paramset3,Ghana,99,0.7,0.25,0.5,100,100,1.59,1.27,0.32000000000000006,0.32000000000000006,0.10240000000000005,quantile_method,0.025,NA,q=0.025
simulated_Ghana_pop_097,naive_coi_paramset4,Ghana,99,0.7,0.25,0.5,100,100,1.72,1.27,0.44999999999999996,0.44999999999999996,0.20249999999999996,integer_method,NA,1,int=1
simulated_Ghana_pop_097,naive_coi_paramset5,Ghana,99,0.7,0.25,0.5,100,100,1.67,1.27,0.3999999999999999,0.3999999999999999,0.15999999999999992,integer_method,NA,2,int=2
simulated_Ghana_pop_097,naive_coi_paramset6,Ghana,99,0.7,0.25,0.5,100,100,1.53,1.27,0.26,0.26,0.06760000000000001,integer_method,NA,5,int=5
simulated_Ghana_pop_098,naive_coi_paramset1,Ghana,99,0.7,0.25,0.2,100,100,1.19,1.26,-0.07000000000000006,0.07000000000000006,0.0049000000000000085,quantile_method,0.1,NA,q=0.100
simulated_Ghana_pop_098,naive_coi_paramset2,Ghana,99,0.7,0.25,0.2,100,100,1.34,1.26,0.08000000000000007,0.08000000000000007,0.006400000000000012,quantile_method,0.05,NA,q=0.050
simulated_Ghana_pop_098,naive_coi_paramset3,Ghana,99,0.7,0.25,0.2,100,100,1.49,1.26,0.22999999999999998,0.22999999999999998,0.05289999999999999,quantile_method,0.025,NA,q=0.025
simulated_Ghana_pop_098,naive_coi_paramset4,Ghana,99,0.7,0.25,0.2,100,100,1.7,1.26,0.43999999999999995,0.43999999999999995,0.19359999999999997,integer_method,NA,1,int=1
simulated_Ghana_pop_098,naive_coi_paramset5,Ghana,99,0.7,0.25,0.2,100,100,1.61,1.26,0.3500000000000001,0.3500000000000001,0.12250000000000007,integer_method,NA,2,int=2
simulated_Ghana_pop_098,naive_coi_paramset6,Ghana,99,0.7,0.25,0.2,100,100,1.46,1.26,0.19999999999999996,0.19999999999999996,0.03999999999999998,integer_method,NA,5,int=5
simulated_Ghana_pop_099,naive_coi_paramset1,Ghana,99,0.2,0.5,0.5,100,100,2.11,3.82,-1.71,1.71,2.9240999999999997,quantile_method,0.1,NA,q=0.100
simulated_Ghana_pop_099,naive_coi_paramset2,Ghana,99,0.2,0.5,0.5,100,100,2.7,3.82,-1.1199999999999997,1.1199999999999997,1.2543999999999993,quantile_method,0.05,NA,q=0.050
simulated_Ghana_pop_099,naive_coi_paramset3,Ghana,99,0.2,0.5,0.5,100,100,3.09,3.82,-0.73,0.73,0.5328999999999999,quantile_method,0.025,NA,q=0.025
simulated_Ghana_pop_099,naive_coi_paramset4,Ghana,99,0.2,0.5,0.5,100,100,4.42,3.82,0.6000000000000001,0.6000000000000001,0.3600000000000001,integer_method,NA,1,int=1
simulated_Ghana_pop_099,naive_coi_paramset5,Ghana,99,0.2,0.5,0.5,100,100,3.88,3.82,0.06000000000000005,0.06000000000000005,0.0036000000000000064,integer_method,NA,2,int=2
simulated_Ghana_pop_099,naive_coi_paramset6,Ghana,99,0.2,0.5,0.5,100,100,3.17,3.82,-0.6499999999999999,0.6499999999999999,0.4224999999999999,integer_method,NA,5,int=5
simulated_Ghana_pop_100,naive_coi_paramset1,Ghana,99,0.2,0.5,0.2,100,100,1.93,3.38,-1.45,1.45,2.1025,quantile_method,0.1,NA,q=0.100
simulated_Ghana_pop_100,naive_coi_paramset2,Ghana,99,0.2,0.5,0.2,100,100,2.51,3.38,-0.8700000000000001,0.8700000000000001,0.7569000000000002,quantile_method,0.05,NA,q=0.050
simulated_Ghana_pop_100,naive_coi_paramset3,Ghana,99,0.2,0.5,0.2,100,100,2.89,3.38,-0.48999999999999977,0.48999999999999977,0.24009999999999979,quantile_method,0.025,NA,q=0.025
simulated_Ghana_pop_100,naive_coi_paramset4,Ghana,99,0.2,0.5,0.2,100,100,4.47,3.38,1.0899999999999999,1.0899999999999999,1.1880999999999997,integer_method,NA,1,int=1
simulated_Ghana_pop_100,naive_coi_paramset5,Ghana,99,0.2,0.5,0.2,100,100,3.8,3.38,0.41999999999999993,0.41999999999999993,0.17639999999999995,integer_method,NA,2,int=2
simulated_Ghana_pop_100,naive_coi_paramset6,Ghana,99,0.2,0.5,0.2,100,100,2.94,3.38,-0.43999999999999995,0.43999999999999995,0.19359999999999997,integer_method,NA,5,int=5
simulated_Ghana_pop_101,naive_coi_paramset1,Ghana,9,0.7,0.25,0.5,100,100,1.21,1.24,-0.030000000000000027,0.030000000000000027,9.000000000000016e-4,quantile_method,0.1,NA,q=0.100
simulated_Ghana_pop_101,naive_coi_paramset2,Ghana,9,0.7,0.25,0.5,100,100,1.29,1.24,0.050000000000000044,0.050000000000000044,0.0025000000000000044,quantile_method,0.05,NA,q=0.050
simulated_Ghana_pop_101,naive_coi_paramset3,Ghana,9,0.7,0.25,0.5,100,100,1.5,1.24,0.26,0.26,0.06760000000000001,quantile_method,0.025,NA,q=0.025
simulated_Ghana_pop_101,naive_coi_paramset4,Ghana,9,0.7,0.25,0.5,100,100,1.73,1.24,0.49,0.49,0.24009999999999998,integer_method,NA,1,int=1
simulated_Ghana_pop_101,naive_coi_paramset5,Ghana,9,0.7,0.25,0.5,100,100,1.62,1.24,0.3800000000000001,0.3800000000000001,0.14440000000000008,integer_method,NA,2,int=2
simulated_Ghana_pop_101,naive_coi_paramset6,Ghana,9,0.7,0.25,0.5,100,100,1.44,1.24,0.19999999999999996,0.19999999999999996,0.03999999999999998,integer_method,NA,5,int=5
simulated_Ghana_pop_102,naive_coi_paramset1,Ghana,9,0.7,0.25,0.2,100,100,1.11,1.13,-0.019999999999999796,0.019999999999999796,3.9999999999999183e-4,quantile_method,0.1,NA,q=0.100
simulated_Ghana_pop_102,naive_coi_paramset2,Ghana,9,0.7,0.25,0.2,100,100,1.18,1.13,0.050000000000000044,0.050000000000000044,0.0025000000000000044,quantile_method,0.05,NA,q=0.050
simulated_Ghana_pop_102,naive_coi_paramset3,Ghana,9,0.7,0.25,0.2,100,100,1.22,1.13,0.09000000000000008,0.09000000000000008,0.008100000000000015,quantile_method,0.025,NA,q=0.025
simulated_Ghana_pop_102,naive_coi_paramset4,Ghana,9,0.7,0.25,0.2,100,100,1.39,1.13,0.26,0.26,0.06760000000000001,integer_method,NA,1,int=1
simulated_Ghana_pop_102,naive_coi_paramset5,Ghana,9,0.7,0.25,0.2,100,100,1.3,1.13,0.17000000000000015,0.17000000000000015,0.02890000000000005,integer_method,NA,2,int=2
simulated_Ghana_pop_102,naive_coi_paramset6,Ghana,9,0.7,0.25,0.2,100,100,1.22,1.13,0.09000000000000008,0.09000000000000008,0.008100000000000015,integer_method,NA,5,int=5
simulated_Ghana_pop_103,naive_coi_paramset1,Ghana,9,0.2,0.5,0.5,100,100,1.95,3.77,-1.82,1.82,3.3124000000000002,quantile_method,0.1,NA,q=0.100
simulated_Ghana_pop_103,naive_coi_paramset2,Ghana,9,0.2,0.5,0.5,100,100,2.54,3.77,-1.23,1.23,1.5129,quantile_method,0.05,NA,q=0.050
simulated_Ghana_pop_103,naive_coi_paramset3,Ghana,9,0.2,0.5,0.5,100,100,3,3.77,-0.77,0.77,0.5929,quantile_method,0.025,NA,q=0.025
simulated_Ghana_pop_103,naive_coi_paramset4,Ghana,9,0.2,0.5,0.5,100,100,4.1,3.77,0.3299999999999996,0.3299999999999996,0.10889999999999975,integer_method,NA,1,int=1
simulated_Ghana_pop_103,naive_coi_paramset5,Ghana,9,0.2,0.5,0.5,100,100,3.6,3.77,-0.16999999999999993,0.16999999999999993,0.028899999999999974,integer_method,NA,2,int=2
simulated_Ghana_pop_103,naive_coi_paramset6,Ghana,9,0.2,0.5,0.5,100,100,3.03,3.77,-0.7400000000000002,0.7400000000000002,0.5476000000000003,integer_method,NA,5,int=5
simulated_Ghana_pop_104,naive_coi_paramset1,Ghana,9,0.2,0.5,0.2,100,100,1.58,2.43,-0.8500000000000001,0.8500000000000001,0.7225000000000001,quantile_method,0.1,NA,q=0.100
simulated_Ghana_pop_104,naive_coi_paramset2,Ghana,9,0.2,0.5,0.2,100,100,1.97,2.43,-0.4600000000000002,0.4600000000000002,0.21160000000000018,quantile_method,0.05,NA,q=0.050
simulated_Ghana_pop_104,naive_coi_paramset3,Ghana,9,0.2,0.5,0.2,100,100,2.34,2.43,-0.0900000000000003,0.0900000000000003,0.008100000000000055,quantile_method,0.025,NA,q=0.025
simulated_Ghana_pop_104,naive_coi_paramset4,Ghana,9,0.2,0.5,0.2,100,100,3.1,2.43,0.6699999999999999,0.6699999999999999,0.4488999999999999,integer_method,NA,1,int=1
simulated_Ghana_pop_104,naive_coi_paramset5,Ghana,9,0.2,0.5,0.2,100,100,2.71,2.43,0.2799999999999998,0.2799999999999998,0.07839999999999989,integer_method,NA,2,int=2
simulated_Ghana_pop_104,naive_coi_paramset6,Ghana,9,0.2,0.5,0.2,100,100,2.31,2.43,-0.1200000000000001,0.1200000000000001,0.014400000000000026,integer_method,NA,5,int=5
simulated_Ghana_pop_105,naive_coi_paramset1,Ghana,2.33,0.7,0.25,0.5,100,100,1.18,1.26,-0.08000000000000007,0.08000000000000007,0.006400000000000012,quantile_method,0.1,NA,q=0.100
simulated_Ghana_pop_105,naive_coi_paramset2,Ghana,2.33,0.7,0.25,0.5,100,100,1.2,1.26,-0.06000000000000005,0.06000000000000005,0.0036000000000000064,quantile_method,0.05,NA,q=0.050
simulated_Ghana_pop_105,naive_coi_paramset3,Ghana,2.33,0.7,0.25,0.5,100,100,1.28,1.26,0.020000000000000018,0.020000000000000018,4.000000000000007e-4,quantile_method,0.025,NA,q=0.025
simulated_Ghana_pop_105,naive_coi_paramset4,Ghana,2.33,0.7,0.25,0.5,100,100,1.54,1.26,0.28,0.28,0.07840000000000001,integer_method,NA,1,int=1
simulated_Ghana_pop_105,naive_coi_paramset5,Ghana,2.33,0.7,0.25,0.5,100,100,1.43,1.26,0.16999999999999993,0.16999999999999993,0.028899999999999974,integer_method,NA,2,int=2
simulated_Ghana_pop_105,naive_coi_paramset6,Ghana,2.33,0.7,0.25,0.5,100,100,1.25,1.26,-0.010000000000000009,0.010000000000000009,1.0000000000000018e-4,integer_method,NA,5,int=5
simulated_Ghana_pop_106,naive_coi_paramset1,Ghana,2.33,0.7,0.25,0.2,100,100,1.27,1.32,-0.050000000000000044,0.050000000000000044,0.0025000000000000044,quantile_method,0.1,NA,q=0.100
simulated_Ghana_pop_106,naive_coi_paramset2,Ghana,2.33,0.7,0.25,0.2,100,100,1.31,1.32,-0.010000000000000009,0.010000000000000009,1.0000000000000018e-4,quantile_method,0.05,NA,q=0.050
simulated_Ghana_pop_106,naive_coi_paramset3,Ghana,2.33,0.7,0.25,0.2,100,100,1.44,1.32,0.11999999999999988,0.11999999999999988,0.014399999999999972,quantile_method,0.025,NA,q=0.025
simulated_Ghana_pop_106,naive_coi_paramset4,Ghana,2.33,0.7,0.25,0.2,100,100,1.75,1.32,0.42999999999999994,0.42999999999999994,0.18489999999999995,integer_method,NA,1,int=1
simulated_Ghana_pop_106,naive_coi_paramset5,Ghana,2.33,0.7,0.25,0.2,100,100,1.6,1.32,0.28,0.28,0.07840000000000001,integer_method,NA,2,int=2
simulated_Ghana_pop_106,naive_coi_paramset6,Ghana,2.33,0.7,0.25,0.2,100,100,1.4,1.32,0.07999999999999985,0.07999999999999985,0.006399999999999976,integer_method,NA,5,int=5
simulated_Ghana_pop_107,naive_coi_paramset1,Ghana,2.33,0.2,0.5,0.5,100,100,1.75,3.45,-1.7000000000000002,1.7000000000000002,2.8900000000000006,quantile_method,0.1,NA,q=0.100
simulated_Ghana_pop_107,naive_coi_paramset2,Ghana,2.33,0.2,0.5,0.5,100,100,2.08,3.45,-1.37,1.37,1.8769000000000002,quantile_method,0.05,NA,q=0.050
simulated_Ghana_pop_107,naive_coi_paramset3,Ghana,2.33,0.2,0.5,0.5,100,100,2.58,3.45,-0.8700000000000001,0.8700000000000001,0.7569000000000002,quantile_method,0.025,NA,q=0.025
simulated_Ghana_pop_107,naive_coi_paramset4,Ghana,2.33,0.2,0.5,0.5,100,100,3.36,3.45,-0.0900000000000003,0.0900000000000003,0.008100000000000055,integer_method,NA,1,int=1
simulated_Ghana_pop_107,naive_coi_paramset5,Ghana,2.33,0.2,0.5,0.5,100,100,3.03,3.45,-0.4200000000000004,0.4200000000000004,0.1764000000000003,integer_method,NA,2,int=2
simulated_Ghana_pop_107,naive_coi_paramset6,Ghana,2.33,0.2,0.5,0.5,100,100,2.51,3.45,-0.9400000000000004,0.9400000000000004,0.8836000000000007,integer_method,NA,5,int=5
simulated_Ghana_pop_108,naive_coi_paramset1,Ghana,2.33,0.2,0.5,0.2,100,100,1.85,3.4,-1.5499999999999998,1.5499999999999998,2.4024999999999994,quantile_method,0.1,NA,q=0.100
simulated_Ghana_pop_108,naive_coi_paramset2,Ghana,2.33,0.2,0.5,0.2,100,100,2.2,3.4,-1.1999999999999997,1.1999999999999997,1.4399999999999993,quantile_method,0.05,NA,q=0.050
simulated_Ghana_pop_108,naive_coi_paramset3,Ghana,2.33,0.2,0.5,0.2,100,100,2.68,3.4,-0.7199999999999998,0.7199999999999998,0.5183999999999996,quantile_method,0.025,NA,q=0.025
simulated_Ghana_pop_108,naive_coi_paramset4,Ghana,2.33,0.2,0.5,0.2,100,100,3.42,3.4,0.020000000000000018,0.020000000000000018,4.000000000000007e-4,integer_method,NA,1,int=1
simulated_Ghana_pop_108,naive_coi_paramset5,Ghana,2.33,0.2,0.5,0.2,100,100,3.14,3.4,-0.2599999999999998,0.2599999999999998,0.06759999999999988,integer_method,NA,2,int=2
simulated_Ghana_pop_108,naive_coi_paramset6,Ghana,2.33,0.2,0.5,0.2,100,100,2.65,3.4,-0.75,0.75,0.5625,integer_method,NA,5,int=5
simulated_Ghana_pop_109,naive_coi_paramset1,Ghana,99,0.7,0.25,0.5,100,100,1.23,1.31,-0.08000000000000007,0.08000000000000007,0.006400000000000012,quantile_method,0.1,NA,q=0.100
simulated_Ghana_pop_109,naive_coi_paramset2,Ghana,99,0.7,0.25,0.5,100,100,1.37,1.31,0.06000000000000005,0.06000000000000005,0.0036000000000000064,quantile_method,0.05,NA,q=0.050
simulated_Ghana_pop_109,naive_coi_paramset3,Ghana,99,0.7,0.25,0.5,100,100,1.53,1.31,0.21999999999999997,0.21999999999999997,0.04839999999999999,quantile_method,0.025,NA,q=0.025
simulated_Ghana_pop_109,naive_coi_paramset4,Ghana,99,0.7,0.25,0.5,100,100,1.79,1.31,0.48,0.48,0.2304,integer_method,NA,1,int=1
simulated_Ghana_pop_109,naive_coi_paramset5,Ghana,99,0.7,0.25,0.5,100,100,1.66,1.31,0.34999999999999987,0.34999999999999987,0.1224999999999999,integer_method,NA,2,int=2
simulated_Ghana_pop_109,naive_coi_paramset6,Ghana,99,0.7,0.25,0.5,100,100,1.51,1.31,0.19999999999999996,0.19999999999999996,0.03999999999999998,integer_method,NA,5,int=5
simulated_Ghana_pop_110,naive_coi_paramset1,Ghana,99,0.7,0.25,0.2,100,100,1.15,1.17,-0.020000000000000018,0.020000000000000018,4.000000000000007e-4,quantile_method,0.1,NA,q=0.100
simulated_Ghana_pop_110,naive_coi_paramset2,Ghana,99,0.7,0.25,0.2,100,100,1.2,1.17,0.030000000000000027,0.030000000000000027,9.000000000000016e-4,quantile_method,0.05,NA,q=0.050
simulated_Ghana_pop_110,naive_coi_paramset3,Ghana,99,0.7,0.25,0.2,100,100,1.33,1.17,0.16000000000000014,0.16000000000000014,0.025600000000000046,quantile_method,0.025,NA,q=0.025
simulated_Ghana_pop_110,naive_coi_paramset4,Ghana,99,0.7,0.25,0.2,100,100,1.49,1.17,0.32000000000000006,0.32000000000000006,0.10240000000000005,integer_method,NA,1,int=1
simulated_Ghana_pop_110,naive_coi_paramset5,Ghana,99,0.7,0.25,0.2,100,100,1.44,1.17,0.27,0.27,0.0729,integer_method,NA,2,int=2
simulated_Ghana_pop_110,naive_coi_paramset6,Ghana,99,0.7,0.25,0.2,100,100,1.31,1.17,0.14000000000000012,0.14000000000000012,0.019600000000000034,integer_method,NA,5,int=5
simulated_Ghana_pop_111,naive_coi_paramset1,Ghana,99,0.2,0.5,0.5,100,100,1.97,3.29,-1.32,1.32,1.7424000000000002,quantile_method,0.1,NA,q=0.100
simulated_Ghana_pop_111,naive_coi_paramset2,Ghana,99,0.2,0.5,0.5,100,100,2.55,3.29,-0.7400000000000002,0.7400000000000002,0.5476000000000003,quantile_method,0.05,NA,q=0.050
simulated_Ghana_pop_111,naive_coi_paramset3,Ghana,99,0.2,0.5,0.5,100,100,2.98,3.29,-0.31000000000000005,0.31000000000000005,0.09610000000000003,quantile_method,0.025,NA,q=0.025
simulated_Ghana_pop_111,naive_coi_paramset4,Ghana,99,0.2,0.5,0.5,100,100,4.05,3.29,0.7599999999999998,0.7599999999999998,0.5775999999999997,integer_method,NA,1,int=1
simulated_Ghana_pop_111,naive_coi_paramset5,Ghana,99,0.2,0.5,0.5,100,100,3.63,3.29,0.33999999999999986,0.33999999999999986,0.1155999999999999,integer_method,NA,2,int=2
simulated_Ghana_pop_111,naive_coi_paramset6,Ghana,99,0.2,0.5,0.5,100,100,3.05,3.29,-0.2400000000000002,0.2400000000000002,0.0576000000000001,integer_method,NA,5,int=5
simulated_Ghana_pop_112,naive_coi_paramset1,Ghana,99,0.2,0.5,0.2,100,100,1.85,3.1,-1.25,1.25,1.5625,quantile_method,0.1,NA,q=0.100
simulated_Ghana_pop_112,naive_coi_paramset2,Ghana,99,0.2,0.5,0.2,100,100,2.34,3.1,-0.7600000000000002,0.7600000000000002,0.5776000000000003,quantile_method,0.05,NA,q=0.050
simulated_Ghana_pop_112,naive_coi_paramset3,Ghana,99,0.2,0.5,0.2,100,100,2.74,3.1,-0.3599999999999999,0.3599999999999999,0.1295999999999999,quantile_method,0.025,NA,q=0.025
simulated_Ghana_pop_112,naive_coi_paramset4,Ghana,99,0.2,0.5,0.2,100,100,4.06,3.1,0.9599999999999995,0.9599999999999995,0.9215999999999991,integer_method,NA,1,int=1
simulated_Ghana_pop_112,naive_coi_paramset5,Ghana,99,0.2,0.5,0.2,100,100,3.48,3.1,0.3799999999999999,0.3799999999999999,0.14439999999999992,integer_method,NA,2,int=2
simulated_Ghana_pop_112,naive_coi_paramset6,Ghana,99,0.2,0.5,0.2,100,100,2.86,3.1,-0.2400000000000002,0.2400000000000002,0.0576000000000001,integer_method,NA,5,int=5
simulated_Ghana_pop_113,naive_coi_paramset1,Ghana,9,0.7,0.25,0.5,100,100,1.24,1.28,-0.040000000000000036,0.040000000000000036,0.001600000000000003,quantile_method,0.1,NA,q=0.100
simulated_Ghana_pop_113,naive_coi_paramset2,Ghana,9,0.7,0.25,0.5,100,100,1.33,1.28,0.050000000000000044,0.050000000000000044,0.0025000000000000044,quantile_method,0.05,NA,q=0.050
simulated_Ghana_pop_113,naive_coi_paramset3,Ghana,9,0.7,0.25,0.5,100,100,1.51,1.28,0.22999999999999998,0.22999999999999998,0.05289999999999999,quantile_method,0.025,NA,q=0.025
simulated_Ghana_pop_113,naive_coi_paramset4,Ghana,9,0.7,0.25,0.5,100,100,1.79,1.28,0.51,0.51,0.2601,integer_method,NA,1,int=1
simulated_Ghana_pop_113,naive_coi_paramset5,Ghana,9,0.7,0.25,0.5,100,100,1.66,1.28,0.3799999999999999,0.3799999999999999,0.14439999999999992,integer_method,NA,2,int=2
simulated_Ghana_pop_113,naive_coi_paramset6,Ghana,9,0.7,0.25,0.5,100,100,1.48,1.28,0.19999999999999996,0.19999999999999996,0.03999999999999998,integer_method,NA,5,int=5
simulated_Ghana_pop_114,naive_coi_paramset1,Ghana,9,0.7,0.25,0.2,100,100,1.19,1.22,-0.030000000000000027,0.030000000000000027,9.000000000000016e-4,quantile_method,0.1,NA,q=0.100
simulated_Ghana_pop_114,naive_coi_paramset2,Ghana,9,0.7,0.25,0.2,100,100,1.29,1.22,0.07000000000000006,0.07000000000000006,0.0049000000000000085,quantile_method,0.05,NA,q=0.050
simulated_Ghana_pop_114,naive_coi_paramset3,Ghana,9,0.7,0.25,0.2,100,100,1.41,1.22,0.18999999999999995,0.18999999999999995,0.03609999999999998,quantile_method,0.025,NA,q=0.025
simulated_Ghana_pop_114,naive_coi_paramset4,Ghana,9,0.7,0.25,0.2,100,100,1.6,1.22,0.3800000000000001,0.3800000000000001,0.14440000000000008,integer_method,NA,1,int=1
simulated_Ghana_pop_114,naive_coi_paramset5,Ghana,9,0.7,0.25,0.2,100,100,1.52,1.22,0.30000000000000004,0.30000000000000004,0.09000000000000002,integer_method,NA,2,int=2
simulated_Ghana_pop_114,naive_coi_paramset6,Ghana,9,0.7,0.25,0.2,100,100,1.39,1.22,0.16999999999999993,0.16999999999999993,0.028899999999999974,integer_method,NA,5,int=5
simulated_Ghana_pop_115,naive_coi_paramset1,Ghana,9,0.2,0.5,0.5,100,100,2.02,4.14,-2.1199999999999997,2.1199999999999997,4.494399999999999,quantile_method,0.1,NA,q=0.100
simulated_Ghana_pop_115,naive_coi_paramset2,Ghana,9,0.2,0.5,0.5,100,100,2.46,4.14,-1.6799999999999997,1.6799999999999997,2.822399999999999,quantile_method,0.05,NA,q=0.050
simulated_Ghana_pop_115,naive_coi_paramset3,Ghana,9,0.2,0.5,0.5,100,100,2.91,4.14,-1.2299999999999995,1.2299999999999995,1.5128999999999988,quantile_method,0.025,NA,q=0.025
simulated_Ghana_pop_115,naive_coi_paramset4,Ghana,9,0.2,0.5,0.5,100,100,4.12,4.14,-0.019999999999999574,0.019999999999999574,3.9999999999998294e-4,integer_method,NA,1,int=1
simulated_Ghana_pop_115,naive_coi_paramset5,Ghana,9,0.2,0.5,0.5,100,100,3.66,4.14,-0.47999999999999954,0.47999999999999954,0.23039999999999955,integer_method,NA,2,int=2
simulated_Ghana_pop_115,naive_coi_paramset6,Ghana,9,0.2,0.5,0.5,100,100,2.98,4.14,-1.1599999999999997,1.1599999999999997,1.3455999999999992,integer_method,NA,5,int=5
simulated_Ghana_pop_116,naive_coi_paramset1,Ghana,9,0.2,0.5,0.2,100,100,1.95,3.8,-1.8499999999999999,1.8499999999999999,3.4224999999999994,quantile_method,0.1,NA,q=0.100
simulated_Ghana_pop_116,naive_coi_paramset2,Ghana,9,0.2,0.5,0.2,100,100,2.37,3.8,-1.4299999999999997,1.4299999999999997,2.0448999999999993,quantile_method,0.05,NA,q=0.050
simulated_Ghana_pop_116,naive_coi_paramset3,Ghana,9,0.2,0.5,0.2,100,100,2.75,3.8,-1.0499999999999998,1.0499999999999998,1.1024999999999996,quantile_method,0.025,NA,q=0.025
simulated_Ghana_pop_116,naive_coi_paramset4,Ghana,9,0.2,0.5,0.2,100,100,3.91,3.8,0.11000000000000032,0.11000000000000032,0.01210000000000007,integer_method,NA,1,int=1
simulated_Ghana_pop_116,naive_coi_paramset5,Ghana,9,0.2,0.5,0.2,100,100,3.34,3.8,-0.45999999999999996,0.45999999999999996,0.21159999999999995,integer_method,NA,2,int=2
simulated_Ghana_pop_116,naive_coi_paramset6,Ghana,9,0.2,0.5,0.2,100,100,2.81,3.8,-0.9899999999999998,0.9899999999999998,0.9800999999999995,integer_method,NA,5,int=5
simulated_Ghana_pop_117,naive_coi_paramset1,Ghana,2.33,0.7,0.25,0.5,100,100,1.26,1.36,-0.10000000000000009,0.10000000000000009,0.010000000000000018,quantile_method,0.1,NA,q=0.100
simulated_Ghana_pop_117,naive_coi_paramset2,Ghana,2.33,0.7,0.25,0.5,100,100,1.31,1.36,-0.050000000000000044,0.050000000000000044,0.0025000000000000044,quantile_method,0.05,NA,q=0.050
simulated_Ghana_pop_117,naive_coi_paramset3,Ghana,2.33,0.7,0.25,0.5,100,100,1.46,1.36,0.09999999999999987,0.09999999999999987,0.009999999999999974,quantile_method,0.025,NA,q=0.025
simulated_Ghana_pop_117,naive_coi_paramset4,Ghana,2.33,0.7,0.25,0.5,100,100,1.76,1.36,0.3999999999999999,0.3999999999999999,0.15999999999999992,integer_method,NA,1,int=1
simulated_Ghana_pop_117,naive_coi_paramset5,Ghana,2.33,0.7,0.25,0.5,100,100,1.61,1.36,0.25,0.25,0.0625,integer_method,NA,2,int=2
simulated_Ghana_pop_117,naive_coi_paramset6,Ghana,2.33,0.7,0.25,0.5,100,100,1.44,1.36,0.07999999999999985,0.07999999999999985,0.006399999999999976,integer_method,NA,5,int=5
simulated_Ghana_pop_118,naive_coi_paramset1,Ghana,2.33,0.7,0.25,0.2,100,100,1.23,1.29,-0.06000000000000005,0.06000000000000005,0.0036000000000000064,quantile_method,0.1,NA,q=0.100
simulated_Ghana_pop_118,naive_coi_paramset2,Ghana,2.33,0.7,0.25,0.2,100,100,1.27,1.29,-0.020000000000000018,0.020000000000000018,4.000000000000007e-4,quantile_method,0.05,NA,q=0.050
simulated_Ghana_pop_118,naive_coi_paramset3,Ghana,2.33,0.7,0.25,0.2,100,100,1.38,1.29,0.08999999999999986,0.08999999999999986,0.008099999999999975,quantile_method,0.025,NA,q=0.025
simulated_Ghana_pop_118,naive_coi_paramset4,Ghana,2.33,0.7,0.25,0.2,100,100,1.58,1.29,0.29000000000000004,0.29000000000000004,0.08410000000000002,integer_method,NA,1,int=1
simulated_Ghana_pop_118,naive_coi_paramset5,Ghana,2.33,0.7,0.25,0.2,100,100,1.48,1.29,0.18999999999999995,0.18999999999999995,0.03609999999999998,integer_method,NA,2,int=2
simulated_Ghana_pop_118,naive_coi_paramset6,Ghana,2.33,0.7,0.25,0.2,100,100,1.36,1.29,0.07000000000000006,0.07000000000000006,0.0049000000000000085,integer_method,NA,5,int=5
simulated_Ghana_pop_119,naive_coi_paramset1,Ghana,2.33,0.2,0.5,0.5,100,100,1.72,3.15,-1.43,1.43,2.0448999999999997,quantile_method,0.1,NA,q=0.100
simulated_Ghana_pop_119,naive_coi_paramset2,Ghana,2.33,0.2,0.5,0.5,100,100,2.18,3.15,-0.9699999999999998,0.9699999999999998,0.9408999999999995,quantile_method,0.05,NA,q=0.050
simulated_Ghana_pop_119,naive_coi_paramset3,Ghana,2.33,0.2,0.5,0.5,100,100,2.57,3.15,-0.5800000000000001,0.5800000000000001,0.3364000000000001,quantile_method,0.025,NA,q=0.025
simulated_Ghana_pop_119,naive_coi_paramset4,Ghana,2.33,0.2,0.5,0.5,100,100,3.35,3.15,0.20000000000000018,0.20000000000000018,0.04000000000000007,integer_method,NA,1,int=1
simulated_Ghana_pop_119,naive_coi_paramset5,Ghana,2.33,0.2,0.5,0.5,100,100,3.08,3.15,-0.06999999999999984,0.06999999999999984,0.004899999999999977,integer_method,NA,2,int=2
simulated_Ghana_pop_119,naive_coi_paramset6,Ghana,2.33,0.2,0.5,0.5,100,100,2.5,3.15,-0.6499999999999999,0.6499999999999999,0.4224999999999999,integer_method,NA,5,int=5
simulated_Ghana_pop_120,naive_coi_paramset1,Ghana,2.33,0.2,0.5,0.2,100,100,1.58,3.36,-1.7799999999999998,1.7799999999999998,3.168399999999999,quantile_method,0.1,NA,q=0.100
simulated_Ghana_pop_120,naive_coi_paramset2,Ghana,2.33,0.2,0.5,0.2,100,100,1.78,3.36,-1.5799999999999998,1.5799999999999998,2.4963999999999995,quantile_method,0.05,NA,q=0.050
simulated_Ghana_pop_120,naive_coi_paramset3,Ghana,2.33,0.2,0.5,0.2,100,100,1.98,3.36,-1.38,1.38,1.9043999999999996,quantile_method,0.025,NA,q=0.025
simulated_Ghana_pop_120,naive_coi_paramset4,Ghana,2.33,0.2,0.5,0.2,100,100,2.53,3.36,-0.8300000000000001,0.8300000000000001,0.6889000000000001,integer_method,NA,1,int=1
simulated_Ghana_pop_120,naive_coi_paramset5,Ghana,2.33,0.2,0.5,0.2,100,100,2.23,3.36,-1.13,1.13,1.2768999999999997,integer_method,NA,2,int=2
simulated_Ghana_pop_120,naive_coi_paramset6,Ghana,2.33,0.2,0.5,0.2,100,100,1.92,3.36,-1.44,1.44,2.0736,integer_method,NA,5,int=5
